id,lat,lon,type,fuel,state,country,status,capacity_tonnes,emfpm10,pm10_t_yr,emfpm25,pm25_t_yr,emfso2,so2_t_yr,emfnox,Nox_t_yr,source
BKB-1,24.11744314,90.16411641,FCBK,coal,Dhaka,Bangladesh,operating,"8,886.81",0.0097,86.202057,0.0068,60.430308,0.0046,40.879326,0.0047,41.768007,APAD
BKB-2,22.85652686,89.62059306,FCBK,coal,Khulna,Bangladesh,operating,"8,886.81",0.0097,86.202057,0.0068,60.430308,0.0046,40.879326,0.0047,41.768007,APAD
BKB-3,22.94111274,90.52869945,FCBK,coal,Barisal,Bangladesh,operating,"8,886.81",0.0097,86.202057,0.0068,60.430308,0.0046,40.879326,0.0047,41.768007,APAD
BKB-4,22.94419756,90.52760833,FCBK,coal,Barisal,Bangladesh,operating,"8,886.81",0.0097,86.202057,0.0068,60.430308,0.0046,40.879326,0.0047,41.768007,APAD
BKB-5,22.94454971,90.52516808,FCBK,coal,Barisal,Bangladesh,operating,"8,886.81",0.0097,86.202057,0.0068,60.430308,0.0046,40.879326,0.0047,41.768007,APAD
BKB-6,22.58923909,89.44626726,FCBK,coal,Khulna,Bangladesh,operating,"8,886.81",0.0097,86.202057,0.0068,60.430308,0.0046,40.879326,0.0047,41.768007,APAD
BKB-7,22.32137834,89.10738247,FCBK,coal,Khulna,Bangladesh,operating,"8,886.81",0.0097,86.202057,0.0068,60.430308,0.0046,40.879326,0.0047,41.768007,APAD
BKB-8,23.81247757,90.401833,FCBK,coal,Dhaka,Bangladesh,operating,"8,886.81",0.0097,86.202057,0.0068,60.430308,0.0046,40.879326,0.0047,41.768007,APAD
BKB-9,22.84951578,89.56422947,FCBK,coal,Khulna,Bangladesh,operating,"8,886.81",0.0097,86.202057,0.0068,60.430308,0.0046,40.879326,0.0047,41.768007,APAD
BKB-10,22.40491034,89.5847219,FCBK,coal,Khulna,Bangladesh,operating,"8,886.81",0.0097,86.202057,0.0068,60.430308,0.0046,40.879326,0.0047,41.768007,APAD
BKB-11,23.22322177,90.05287702,FCBK,coal,Dhaka,Bangladesh,operating,"8,886.81",0.0097,86.202057,0.0068,60.430308,0.0046,40.879326,0.0047,41.768007,APAD
BKB-12,22.50861965,90.37676082,FCBK,coal,Barisal,Bangladesh,operating,"8,886.81",0.0097,86.202057,0.0068,60.430308,0.0046,40.879326,0.0047,41.768007,APAD
BKB-13,22.75771355,89.09947018,FCBK,coal,Khulna,Bangladesh,operating,"8,886.81",0.0097,86.202057,0.0068,60.430308,0.0046,40.879326,0.0047,41.768007,APAD
BKB-14,22.75690127,89.10059356,FCBK,coal,Khulna,Bangladesh,operating,"8,886.81",0.0097,86.202057,0.0068,60.430308,0.0046,40.879326,0.0047,41.768007,APAD
BKB-15,24.0107275,88.9402824,FCBK,coal,Khulna,Bangladesh,operating,"8,886.81",0.0097,86.202057,0.0068,60.430308,0.0046,40.879326,0.0047,41.768007,APAD
BKB-16,22.9402725,90.10053008,FCBK,coal,Barisal,Bangladesh,operating,"8,886.81",0.0097,86.202057,0.0068,60.430308,0.0046,40.879326,0.0047,41.768007,APAD
BKB-17,22.66653442,90.29123033,FCBK,coal,Barisal,Bangladesh,operating,"8,886.81",0.0097,86.202057,0.0068,60.430308,0.0046,40.879326,0.0047,41.768007,APAD
BKB-18,22.66778807,90.29508958,FCBK,coal,Barisal,Bangladesh,operating,"8,886.81",0.0097,86.202057,0.0068,60.430308,0.0046,40.879326,0.0047,41.768007,APAD
BKB-19,23.0702839,89.51150861,FCBK,coal,Khulna,Bangladesh,operating,"8,886.81",0.0097,86.202057,0.0068,60.430308,0.0046,40.879326,0.0047,41.768007,APAD
BKB-20,23.76992371,89.07214579,FCBK,coal,Khulna,Bangladesh,operating,"8,886.81",0.0097,86.202057,0.0068,60.430308,0.0046,40.879326,0.0047,41.768007,APAD
BKB-21,22.92221724,89.99904102,FCBK,coal,Dhaka,Bangladesh,operating,"8,886.81",0.0097,86.202057,0.0068,60.430308,0.0046,40.879326,0.0047,41.768007,APAD
BKB-22,23.29286205,88.80731425,FCBK,coal,Khulna,Bangladesh,operating,"8,886.81",0.0097,86.202057,0.0068,60.430308,0.0046,40.879326,0.0047,41.768007,APAD
BKB-23,22.83372399,90.2667149,FCBK,coal,Barisal,Bangladesh,operating,"8,886.81",0.0097,86.202057,0.0068,60.430308,0.0046,40.879326,0.0047,41.768007,APAD
BKB-24,23.05332691,89.6729042,FCBK,coal,Khulna,Bangladesh,operating,"8,886.81",0.0097,86.202057,0.0068,60.430308,0.0046,40.879326,0.0047,41.768007,APAD
BKB-25,23.05524259,89.67310844,FCBK,coal,Khulna,Bangladesh,operating,"8,886.81",0.0097,86.202057,0.0068,60.430308,0.0046,40.879326,0.0047,41.768007,APAD
BKB-26,22.72055834,90.39261956,FCBK,coal,Barisal,Bangladesh,operating,"8,886.81",0.0097,86.202057,0.0068,60.430308,0.0046,40.879326,0.0047,41.768007,APAD
BKB-27,23.40541497,89.58059452,FCBK,coal,Khulna,Bangladesh,operating,"8,886.81",0.0097,86.202057,0.0068,60.430308,0.0046,40.879326,0.0047,41.768007,APAD
BKB-28,22.64897516,90.17466595,FCBK,coal,Barisal,Bangladesh,operating,"8,886.81",0.0097,86.202057,0.0068,60.430308,0.0046,40.879326,0.0047,41.768007,APAD
BKB-29,22.64904559,90.17463908,FCBK,coal,Barisal,Bangladesh,operating,"8,886.81",0.0097,86.202057,0.0068,60.430308,0.0046,40.879326,0.0047,41.768007,APAD
BKB-30,22.64912541,90.17462833,FCBK,coal,Barisal,Bangladesh,operating,"8,886.81",0.0097,86.202057,0.0068,60.430308,0.0046,40.879326,0.0047,41.768007,APAD
BKB-31,22.66088097,90.29523434,FCBK,coal,Barisal,Bangladesh,operating,"8,886.81",0.0097,86.202057,0.0068,60.430308,0.0046,40.879326,0.0047,41.768007,APAD
BKB-32,23.68769328,88.80423666,FCBK,coal,Khulna,Bangladesh,operating,"8,886.81",0.0097,86.202057,0.0068,60.430308,0.0046,40.879326,0.0047,41.768007,APAD
BKB-33,24.15140792,89.71341335,FCBK,coal,Rajshahi,Bangladesh,operating,"8,886.81",0.0097,86.202057,0.0068,60.430308,0.0046,40.879326,0.0047,41.768007,APAD
BKB-34,22.28031556,89.05531602,FCBK,coal,Khulna,Bangladesh,operating,"8,886.81",0.0097,86.202057,0.0068,60.430308,0.0046,40.879326,0.0047,41.768007,APAD
BKB-35,22.65306576,90.34365655,FCBK,coal,Barisal,Bangladesh,operating,"8,886.81",0.0097,86.202057,0.0068,60.430308,0.0046,40.879326,0.0047,41.768007,APAD
BKB-36,22.57685847,90.47496807,FCBK,coal,Barisal,Bangladesh,operating,"8,886.81",0.0097,86.202057,0.0068,60.430308,0.0046,40.879326,0.0047,41.768007,APAD
BKB-37,23.11143433,90.43578288,FCBK,coal,Dhaka,Bangladesh,operating,"8,886.81",0.0097,86.202057,0.0068,60.430308,0.0046,40.879326,0.0047,41.768007,APAD
BKB-38,22.90576963,88.93928911,FCBK,coal,Khulna,Bangladesh,operating,"8,886.81",0.0097,86.202057,0.0068,60.430308,0.0046,40.879326,0.0047,41.768007,APAD
BKB-39,22.65086613,90.20759392,FCBK,coal,Barisal,Bangladesh,operating,"8,886.81",0.0097,86.202057,0.0068,60.430308,0.0046,40.879326,0.0047,41.768007,APAD
BKB-40,22.65250949,90.20675542,FCBK,coal,Barisal,Bangladesh,operating,"8,886.81",0.0097,86.202057,0.0068,60.430308,0.0046,40.879326,0.0047,41.768007,APAD
BKB-41,24.80430641,88.32351833,FCBK,coal,Rajshahi,Bangladesh,operating,"8,886.81",0.0097,86.202057,0.0068,60.430308,0.0046,40.879326,0.0047,41.768007,APAD
BKB-42,23.18466479,89.36541947,FCBK,coal,Khulna,Bangladesh,operating,"8,886.81",0.0097,86.202057,0.0068,60.430308,0.0046,40.879326,0.0047,41.768007,APAD
BKB-43,22.58763731,89.61775676,FCBK,coal,Khulna,Bangladesh,operating,"8,886.81",0.0097,86.202057,0.0068,60.430308,0.0046,40.879326,0.0047,41.768007,APAD
BKB-44,22.50299685,90.07471911,FCBK,coal,Barisal,Bangladesh,operating,"8,886.81",0.0097,86.202057,0.0068,60.430308,0.0046,40.879326,0.0047,41.768007,APAD
BKB-45,22.64212386,90.22374299,FCBK,coal,Barisal,Bangladesh,operating,"8,886.81",0.0097,86.202057,0.0068,60.430308,0.0046,40.879326,0.0047,41.768007,APAD
BKB-46,23.39926583,90.24312684,FCBK,coal,Dhaka,Bangladesh,operating,"8,886.81",0.0097,86.202057,0.0068,60.430308,0.0046,40.879326,0.0047,41.768007,APAD
BKB-47,22.65042682,90.38851947,FCBK,coal,Barisal,Bangladesh,operating,"8,886.81",0.0097,86.202057,0.0068,60.430308,0.0046,40.879326,0.0047,41.768007,APAD
BKB-48,22.65245519,90.3885786,FCBK,coal,Barisal,Bangladesh,operating,"8,886.81",0.0097,86.202057,0.0068,60.430308,0.0046,40.879326,0.0047,41.768007,APAD
BKB-49,22.53206273,90.47593297,FCBK,coal,Barisal,Bangladesh,operating,"8,886.81",0.0097,86.202057,0.0068,60.430308,0.0046,40.879326,0.0047,41.768007,APAD
BKB-50,22.5321003,90.47649197,FCBK,coal,Barisal,Bangladesh,operating,"8,886.81",0.0097,86.202057,0.0068,60.430308,0.0046,40.879326,0.0047,41.768007,APAD
BKB-51,24.68876513,88.77463083,FCBK,coal,Rajshahi,Bangladesh,operating,"8,886.81",0.0097,86.202057,0.0068,60.430308,0.0046,40.879326,0.0047,41.768007,APAD
BKB-52,23.72463723,88.59952527,FCBK,coal,Khulna,Bangladesh,operating,"8,886.81",0.0097,86.202057,0.0068,60.430308,0.0046,40.879326,0.0047,41.768007,APAD
BKB-53,22.82605119,90.29339219,FCBK,coal,Barisal,Bangladesh,operating,"8,886.81",0.0097,86.202057,0.0068,60.430308,0.0046,40.879326,0.0047,41.768007,APAD
BKB-54,22.82545019,90.29473594,FCBK,coal,Barisal,Bangladesh,operating,"8,886.81",0.0097,86.202057,0.0068,60.430308,0.0046,40.879326,0.0047,41.768007,APAD
BKB-55,22.55998564,89.23836055,FCBK,coal,Khulna,Bangladesh,operating,"8,886.81",0.0097,86.202057,0.0068,60.430308,0.0046,40.879326,0.0047,41.768007,APAD
BKB-56,23.0827837,89.98286723,FCBK,coal,Dhaka,Bangladesh,operating,"8,886.81",0.0097,86.202057,0.0068,60.430308,0.0046,40.879326,0.0047,41.768007,APAD
BKB-57,22.49963415,90.04606,FCBK,coal,Barisal,Bangladesh,operating,"8,886.81",0.0097,86.202057,0.0068,60.430308,0.0046,40.879326,0.0047,41.768007,APAD
BKB-58,23.08991834,89.76750631,FCBK,coal,Dhaka,Bangladesh,operating,"8,886.81",0.0097,86.202057,0.0068,60.430308,0.0046,40.879326,0.0047,41.768007,APAD
BKB-59,22.45596947,89.27696699,FCBK,coal,Khulna,Bangladesh,operating,"8,886.81",0.0097,86.202057,0.0068,60.430308,0.0046,40.879326,0.0047,41.768007,APAD
BKB-60,22.60477701,90.61226582,FCBK,coal,Barisal,Bangladesh,operating,"8,886.81",0.0097,86.202057,0.0068,60.430308,0.0046,40.879326,0.0047,41.768007,APAD
BKB-61,22.602481,90.6112177,FCBK,coal,Barisal,Bangladesh,operating,"8,886.81",0.0097,86.202057,0.0068,60.430308,0.0046,40.879326,0.0047,41.768007,APAD
BKB-62,22.52729966,90.38021694,FCBK,coal,Barisal,Bangladesh,operating,"8,886.81",0.0097,86.202057,0.0068,60.430308,0.0046,40.879326,0.0047,41.768007,APAD
BKB-63,22.89616665,90.41879809,FCBK,coal,Barisal,Bangladesh,operating,"8,886.81",0.0097,86.202057,0.0068,60.430308,0.0046,40.879326,0.0047,41.768007,APAD
BKB-64,22.89612909,90.41876046,FCBK,coal,Barisal,Bangladesh,operating,"8,886.81",0.0097,86.202057,0.0068,60.430308,0.0046,40.879326,0.0047,41.768007,APAD
BKB-65,22.62695391,88.98739411,FCBK,coal,Khulna,Bangladesh,operating,"8,886.81",0.0097,86.202057,0.0068,60.430308,0.0046,40.879326,0.0047,41.768007,APAD
BKB-66,22.94920051,90.52051001,FCBK,coal,Barisal,Bangladesh,operating,"8,886.81",0.0097,86.202057,0.0068,60.430308,0.0046,40.879326,0.0047,41.768007,APAD
BKB-67,22.9464068,90.52342863,FCBK,coal,Barisal,Bangladesh,operating,"8,886.81",0.0097,86.202057,0.0068,60.430308,0.0046,40.879326,0.0047,41.768007,APAD
BKB-68,23.7793558,90.33911054,FCBK,coal,Dhaka,Bangladesh,operating,"8,886.81",0.0097,86.202057,0.0068,60.430308,0.0046,40.879326,0.0047,41.768007,APAD
BKB-69,22.71622757,90.34917409,FCBK,coal,Barisal,Bangladesh,operating,"8,886.81",0.0097,86.202057,0.0068,60.430308,0.0046,40.879326,0.0047,41.768007,APAD
BKB-70,22.63036455,90.36685558,FCBK,coal,Barisal,Bangladesh,operating,"8,886.81",0.0097,86.202057,0.0068,60.430308,0.0046,40.879326,0.0047,41.768007,APAD
BKB-71,22.74023166,89.10643496,FCBK,coal,Khulna,Bangladesh,operating,"8,886.81",0.0097,86.202057,0.0068,60.430308,0.0046,40.879326,0.0047,41.768007,APAD
BKB-72,22.73602936,89.10636508,FCBK,coal,Khulna,Bangladesh,operating,"8,886.81",0.0097,86.202057,0.0068,60.430308,0.0046,40.879326,0.0047,41.768007,APAD
BKB-73,23.0178713,89.60393667,FCBK,coal,Khulna,Bangladesh,operating,"8,886.81",0.0097,86.202057,0.0068,60.430308,0.0046,40.879326,0.0047,41.768007,APAD
BKB-74,23.62969774,88.83574685,FCBK,coal,Khulna,Bangladesh,operating,"8,886.81",0.0097,86.202057,0.0068,60.430308,0.0046,40.879326,0.0047,41.768007,APAD
BKB-75,22.93192997,89.02864567,FCBK,coal,Khulna,Bangladesh,operating,"8,886.81",0.0097,86.202057,0.0068,60.430308,0.0046,40.879326,0.0047,41.768007,APAD
BKB-76,23.4852506,89.39039533,FCBK,coal,Khulna,Bangladesh,operating,"8,886.81",0.0097,86.202057,0.0068,60.430308,0.0046,40.879326,0.0047,41.768007,APAD
BKB-77,23.05196114,89.67129571,FCBK,coal,Khulna,Bangladesh,operating,"8,886.81",0.0097,86.202057,0.0068,60.430308,0.0046,40.879326,0.0047,41.768007,APAD
BKB-78,22.40612286,90.13521759,FCBK,coal,Barisal,Bangladesh,operating,"8,886.81",0.0097,86.202057,0.0068,60.430308,0.0046,40.879326,0.0047,41.768007,APAD
BKB-79,22.53865794,89.19401305,FCBK,coal,Khulna,Bangladesh,operating,"8,886.81",0.0097,86.202057,0.0068,60.430308,0.0046,40.879326,0.0047,41.768007,APAD
BKB-80,22.43223488,89.87438103,FCBK,coal,Khulna,Bangladesh,operating,"8,886.81",0.0097,86.202057,0.0068,60.430308,0.0046,40.879326,0.0047,41.768007,APAD
BKB-81,22.8275417,89.64334254,FCBK,coal,Khulna,Bangladesh,operating,"8,886.81",0.0097,86.202057,0.0068,60.430308,0.0046,40.879326,0.0047,41.768007,APAD
BKB-82,22.5565116,89.95764918,FCBK,coal,Barisal,Bangladesh,operating,"8,886.81",0.0097,86.202057,0.0068,60.430308,0.0046,40.879326,0.0047,41.768007,APAD
BKB-83,23.78343738,88.74163984,FCBK,coal,Khulna,Bangladesh,operating,"8,886.81",0.0097,86.202057,0.0068,60.430308,0.0046,40.879326,0.0047,41.768007,APAD
BKB-84,23.5214233,89.49425018,FCBK,coal,Khulna,Bangladesh,operating,"8,886.81",0.0097,86.202057,0.0068,60.430308,0.0046,40.879326,0.0047,41.768007,APAD
BKB-85,22.92298823,90.40345572,FCBK,coal,Barisal,Bangladesh,operating,"8,886.81",0.0097,86.202057,0.0068,60.430308,0.0046,40.879326,0.0047,41.768007,APAD
BKB-86,22.89355238,89.43804972,FCBK,coal,Khulna,Bangladesh,operating,"8,886.81",0.0097,86.202057,0.0068,60.430308,0.0046,40.879326,0.0047,41.768007,APAD
BKB-87,23.79061526,90.44248264,FCBK,coal,Dhaka,Bangladesh,operating,"8,886.81",0.0097,86.202057,0.0068,60.430308,0.0046,40.879326,0.0047,41.768007,APAD
BKB-88,22.40405289,89.91195869,FCBK,coal,Barisal,Bangladesh,operating,"8,886.81",0.0097,86.202057,0.0068,60.430308,0.0046,40.879326,0.0047,41.768007,APAD
BKB-89,22.39986467,89.90674494,FCBK,coal,Barisal,Bangladesh,operating,"8,886.81",0.0097,86.202057,0.0068,60.430308,0.0046,40.879326,0.0047,41.768007,APAD
BKB-90,23.7922724,90.31573022,FCBK,coal,Dhaka,Bangladesh,operating,"8,886.81",0.0097,86.202057,0.0068,60.430308,0.0046,40.879326,0.0047,41.768007,APAD
BKB-91,23.67363609,88.60548116,FCBK,coal,Khulna,Bangladesh,operating,"8,886.81",0.0097,86.202057,0.0068,60.430308,0.0046,40.879326,0.0047,41.768007,APAD
BKB-92,23.81318288,90.40870148,FCBK,coal,Dhaka,Bangladesh,operating,"8,886.81",0.0097,86.202057,0.0068,60.430308,0.0046,40.879326,0.0047,41.768007,APAD
BKB-93,23.81075872,88.92060757,FCBK,coal,Khulna,Bangladesh,operating,"8,886.81",0.0097,86.202057,0.0068,60.430308,0.0046,40.879326,0.0047,41.768007,APAD
BKB-94,22.9833644,89.60684399,FCBK,coal,Khulna,Bangladesh,operating,"8,886.81",0.0097,86.202057,0.0068,60.430308,0.0046,40.879326,0.0047,41.768007,APAD
BKB-95,22.82551693,90.29474921,FCBK,coal,Barisal,Bangladesh,operating,"8,886.81",0.0097,86.202057,0.0068,60.430308,0.0046,40.879326,0.0047,41.768007,APAD
BKB-96,23.39193523,89.58566348,FCBK,coal,Khulna,Bangladesh,operating,"8,886.81",0.0097,86.202057,0.0068,60.430308,0.0046,40.879326,0.0047,41.768007,APAD
BKB-97,22.45357025,90.1687958,FCBK,coal,Barisal,Bangladesh,operating,"8,886.81",0.0097,86.202057,0.0068,60.430308,0.0046,40.879326,0.0047,41.768007,APAD
BKB-98,22.83224863,89.96289223,FCBK,coal,Barisal,Bangladesh,operating,"8,886.81",0.0097,86.202057,0.0068,60.430308,0.0046,40.879326,0.0047,41.768007,APAD
BKB-99,23.11228923,89.6451214,FCBK,coal,Khulna,Bangladesh,operating,"8,886.81",0.0097,86.202057,0.0068,60.430308,0.0046,40.879326,0.0047,41.768007,APAD
BKB-100,22.97051873,90.50487983,FCBK,coal,Barisal,Bangladesh,operating,"8,886.81",0.0097,86.202057,0.0068,60.430308,0.0046,40.879326,0.0047,41.768007,APAD
BKB-101,22.45730983,89.58555223,FCBK,coal,Khulna,Bangladesh,operating,"8,886.81",0.0097,86.202057,0.0068,60.430308,0.0046,40.879326,0.0047,41.768007,APAD
BKB-102,22.50683217,90.40843273,FCBK,coal,Barisal,Bangladesh,operating,"8,886.81",0.0097,86.202057,0.0068,60.430308,0.0046,40.879326,0.0047,41.768007,APAD
BKB-103,23.18443592,89.59571455,FCBK,coal,Khulna,Bangladesh,operating,"8,886.81",0.0097,86.202057,0.0068,60.430308,0.0046,40.879326,0.0047,41.768007,APAD
BKB-104,22.93606886,90.49632698,FCBK,coal,Barisal,Bangladesh,operating,"8,886.81",0.0097,86.202057,0.0068,60.430308,0.0046,40.879326,0.0047,41.768007,APAD
BKB-105,22.93775917,90.49724073,FCBK,coal,Barisal,Bangladesh,operating,"8,886.81",0.0097,86.202057,0.0068,60.430308,0.0046,40.879326,0.0047,41.768007,APAD
BKB-106,22.44766558,90.44697525,FCBK,coal,Barisal,Bangladesh,operating,"8,886.81",0.0097,86.202057,0.0068,60.430308,0.0046,40.879326,0.0047,41.768007,APAD
BKB-107,22.39978631,89.90671404,FCBK,coal,Barisal,Bangladesh,operating,"8,886.81",0.0097,86.202057,0.0068,60.430308,0.0046,40.879326,0.0047,41.768007,APAD
BKB-108,22.96483181,90.47556016,FCBK,coal,Barisal,Bangladesh,operating,"8,886.81",0.0097,86.202057,0.0068,60.430308,0.0046,40.879326,0.0047,41.768007,APAD
BKB-109,22.92150775,90.51443431,FCBK,coal,Barisal,Bangladesh,operating,"8,886.81",0.0097,86.202057,0.0068,60.430308,0.0046,40.879326,0.0047,41.768007,APAD
BKB-110,23.85136191,88.83609712,FCBK,coal,Khulna,Bangladesh,operating,"8,886.81",0.0097,86.202057,0.0068,60.430308,0.0046,40.879326,0.0047,41.768007,APAD
BKB-111,23.85593643,88.72952125,FCBK,coal,Khulna,Bangladesh,operating,"8,886.81",0.0097,86.202057,0.0068,60.430308,0.0046,40.879326,0.0047,41.768007,APAD
BKB-112,23.85335401,88.72930087,FCBK,coal,Khulna,Bangladesh,operating,"8,886.81",0.0097,86.202057,0.0068,60.430308,0.0046,40.879326,0.0047,41.768007,APAD
BKB-113,22.90797601,90.52977241,FCBK,coal,Barisal,Bangladesh,operating,"8,886.81",0.0097,86.202057,0.0068,60.430308,0.0046,40.879326,0.0047,41.768007,APAD
BKB-114,22.54958572,90.14507783,FCBK,coal,Barisal,Bangladesh,operating,"8,886.81",0.0097,86.202057,0.0068,60.430308,0.0046,40.879326,0.0047,41.768007,APAD
BKB-115,22.45001726,90.16814274,FCBK,coal,Barisal,Bangladesh,operating,"8,886.81",0.0097,86.202057,0.0068,60.430308,0.0046,40.879326,0.0047,41.768007,APAD
BKB-116,22.31661149,89.14997906,FCBK,coal,Khulna,Bangladesh,operating,"8,886.81",0.0097,86.202057,0.0068,60.430308,0.0046,40.879326,0.0047,41.768007,APAD
BKB-117,23.41017948,89.60972216,FCBK,coal,Dhaka,Bangladesh,operating,"8,886.81",0.0097,86.202057,0.0068,60.430308,0.0046,40.879326,0.0047,41.768007,APAD
BKB-118,22.47851953,90.6950682,FCBK,coal,Barisal,Bangladesh,operating,"8,886.81",0.0097,86.202057,0.0068,60.430308,0.0046,40.879326,0.0047,41.768007,APAD
BKB-119,24.14579829,89.49762573,FCBK,coal,Rajshahi,Bangladesh,operating,"8,886.81",0.0097,86.202057,0.0068,60.430308,0.0046,40.879326,0.0047,41.768007,APAD
BKB-120,22.75657433,90.36663614,FCBK,coal,Barisal,Bangladesh,operating,"8,886.81",0.0097,86.202057,0.0068,60.430308,0.0046,40.879326,0.0047,41.768007,APAD
BKB-121,22.43353333,90.16829483,FCBK,coal,Barisal,Bangladesh,operating,"8,886.81",0.0097,86.202057,0.0068,60.430308,0.0046,40.879326,0.0047,41.768007,APAD
BKB-122,22.43689987,90.16796695,FCBK,coal,Barisal,Bangladesh,operating,"8,886.81",0.0097,86.202057,0.0068,60.430308,0.0046,40.879326,0.0047,41.768007,APAD
BKB-123,23.37333297,90.24279033,FCBK,coal,Dhaka,Bangladesh,operating,"8,886.81",0.0097,86.202057,0.0068,60.430308,0.0046,40.879326,0.0047,41.768007,APAD
BKB-124,22.61405575,90.42369338,FCBK,coal,Barisal,Bangladesh,operating,"8,886.81",0.0097,86.202057,0.0068,60.430308,0.0046,40.879326,0.0047,41.768007,APAD
BKB-125,22.54933989,90.46457802,FCBK,coal,Barisal,Bangladesh,operating,"8,886.81",0.0097,86.202057,0.0068,60.430308,0.0046,40.879326,0.0047,41.768007,APAD
BKB-126,22.39428473,89.57989181,FCBK,coal,Khulna,Bangladesh,operating,"8,886.81",0.0097,86.202057,0.0068,60.430308,0.0046,40.879326,0.0047,41.768007,APAD
BKB-127,23.62998375,90.43805663,FCBK,coal,Dhaka,Bangladesh,operating,"8,886.81",0.0097,86.202057,0.0068,60.430308,0.0046,40.879326,0.0047,41.768007,APAD
BKB-128,23.62650453,90.43969063,FCBK,coal,Dhaka,Bangladesh,operating,"8,886.81",0.0097,86.202057,0.0068,60.430308,0.0046,40.879326,0.0047,41.768007,APAD
BKB-129,23.62916677,90.43877688,FCBK,coal,Dhaka,Bangladesh,operating,"8,886.81",0.0097,86.202057,0.0068,60.430308,0.0046,40.879326,0.0047,41.768007,APAD
BKB-130,24.57867312,90.00930689,FCBK,coal,Dhaka,Bangladesh,operating,"8,886.81",0.0097,86.202057,0.0068,60.430308,0.0046,40.879326,0.0047,41.768007,APAD
BKB-131,22.75805973,89.03383546,FCBK,coal,Khulna,Bangladesh,operating,"8,886.81",0.0097,86.202057,0.0068,60.430308,0.0046,40.879326,0.0047,41.768007,APAD
BKB-132,23.81215465,88.61974536,FCBK,coal,Khulna,Bangladesh,operating,"8,886.81",0.0097,86.202057,0.0068,60.430308,0.0046,40.879326,0.0047,41.768007,APAD
BKB-133,22.79306567,90.36205788,FCBK,coal,Barisal,Bangladesh,operating,"8,886.81",0.0097,86.202057,0.0068,60.430308,0.0046,40.879326,0.0047,41.768007,APAD
BKB-134,22.8519652,89.54983015,FCBK,coal,Khulna,Bangladesh,operating,"8,886.81",0.0097,86.202057,0.0068,60.430308,0.0046,40.879326,0.0047,41.768007,APAD
BKB-135,22.82791579,89.64307473,FCBK,coal,Khulna,Bangladesh,operating,"8,886.81",0.0097,86.202057,0.0068,60.430308,0.0046,40.879326,0.0047,41.768007,APAD
BKB-136,22.65253665,90.38875083,FCBK,coal,Barisal,Bangladesh,operating,"8,886.81",0.0097,86.202057,0.0068,60.430308,0.0046,40.879326,0.0047,41.768007,APAD
BKB-137,22.65045662,90.38870784,FCBK,coal,Barisal,Bangladesh,operating,"8,886.81",0.0097,86.202057,0.0068,60.430308,0.0046,40.879326,0.0047,41.768007,APAD
BKB-138,23.12064486,89.29618262,FCBK,coal,Khulna,Bangladesh,operating,"8,886.81",0.0097,86.202057,0.0068,60.430308,0.0046,40.879326,0.0047,41.768007,APAD
BKB-139,22.55337476,90.01649251,FCBK,coal,Barisal,Bangladesh,operating,"8,886.81",0.0097,86.202057,0.0068,60.430308,0.0046,40.879326,0.0047,41.768007,APAD
BKB-140,22.55338415,90.01642264,FCBK,coal,Barisal,Bangladesh,operating,"8,886.81",0.0097,86.202057,0.0068,60.430308,0.0046,40.879326,0.0047,41.768007,APAD
BKB-141,22.84972608,89.93744256,FCBK,coal,Khulna,Bangladesh,operating,"8,886.81",0.0097,86.202057,0.0068,60.430308,0.0046,40.879326,0.0047,41.768007,APAD
BKB-142,23.874983,90.3688518,FCBK,coal,Dhaka,Bangladesh,operating,"8,886.81",0.0097,86.202057,0.0068,60.430308,0.0046,40.879326,0.0047,41.768007,APAD
BKB-143,22.81377187,90.29202994,FCBK,coal,Barisal,Bangladesh,operating,"8,886.81",0.0097,86.202057,0.0068,60.430308,0.0046,40.879326,0.0047,41.768007,APAD
BKB-144,22.55177693,90.60574085,FCBK,coal,Barisal,Bangladesh,operating,"8,886.81",0.0097,86.202057,0.0068,60.430308,0.0046,40.879326,0.0047,41.768007,APAD
BKB-145,22.62982587,90.24260051,FCBK,coal,Barisal,Bangladesh,operating,"8,886.81",0.0097,86.202057,0.0068,60.430308,0.0046,40.879326,0.0047,41.768007,APAD
BKB-146,23.9371552,90.20764893,FCBK,coal,Dhaka,Bangladesh,operating,"8,886.81",0.0097,86.202057,0.0068,60.430308,0.0046,40.879326,0.0047,41.768007,APAD
BKB-147,24.0300732,89.10671045,FCBK,coal,Rajshahi,Bangladesh,operating,"8,886.81",0.0097,86.202057,0.0068,60.430308,0.0046,40.879326,0.0047,41.768007,APAD
BKB-148,22.87262306,89.00654155,FCBK,coal,Khulna,Bangladesh,operating,"8,886.81",0.0097,86.202057,0.0068,60.430308,0.0046,40.879326,0.0047,41.768007,APAD
BKB-149,23.41696682,88.84253387,FCBK,coal,Khulna,Bangladesh,operating,"8,886.81",0.0097,86.202057,0.0068,60.430308,0.0046,40.879326,0.0047,41.768007,APAD
BKB-150,23.41706073,88.84252312,FCBK,coal,Khulna,Bangladesh,operating,"8,886.81",0.0097,86.202057,0.0068,60.430308,0.0046,40.879326,0.0047,41.768007,APAD
BKB-151,22.30871211,89.07035888,FCBK,coal,Khulna,Bangladesh,operating,"8,886.81",0.0097,86.202057,0.0068,60.430308,0.0046,40.879326,0.0047,41.768007,APAD
BKB-152,22.9420036,90.49883248,FCBK,coal,Barisal,Bangladesh,operating,"8,886.81",0.0097,86.202057,0.0068,60.430308,0.0046,40.879326,0.0047,41.768007,APAD
BKB-153,22.80014798,89.83559622,FCBK,coal,Khulna,Bangladesh,operating,"8,886.81",0.0097,86.202057,0.0068,60.430308,0.0046,40.879326,0.0047,41.768007,APAD
BKB-154,22.61306803,89.15996017,FCBK,coal,Khulna,Bangladesh,operating,"8,886.81",0.0097,86.202057,0.0068,60.430308,0.0046,40.879326,0.0047,41.768007,APAD
BKB-155,23.07401594,89.94500315,FCBK,coal,Dhaka,Bangladesh,operating,"8,886.81",0.0097,86.202057,0.0068,60.430308,0.0046,40.879326,0.0047,41.768007,APAD
BKB-156,23.09802555,89.29236899,FCBK,coal,Khulna,Bangladesh,operating,"8,886.81",0.0097,86.202057,0.0068,60.430308,0.0046,40.879326,0.0047,41.768007,APAD
BKB-157,22.90036462,89.56743676,FCBK,coal,Khulna,Bangladesh,operating,"8,886.81",0.0097,86.202057,0.0068,60.430308,0.0046,40.879326,0.0047,41.768007,APAD
BKB-158,22.37880833,89.10111831,FCBK,coal,Khulna,Bangladesh,operating,"8,886.81",0.0097,86.202057,0.0068,60.430308,0.0046,40.879326,0.0047,41.768007,APAD
BKB-159,22.74275973,89.10368173,FCBK,coal,Khulna,Bangladesh,operating,"8,886.81",0.0097,86.202057,0.0068,60.430308,0.0046,40.879326,0.0047,41.768007,APAD
BKB-160,22.5770453,89.17144229,FCBK,coal,Khulna,Bangladesh,operating,"8,886.81",0.0097,86.202057,0.0068,60.430308,0.0046,40.879326,0.0047,41.768007,APAD
BKB-161,25.86156107,89.03079967,FCBK,coal,Rangpur,Bangladesh,operating,"8,886.81",0.0097,86.202057,0.0068,60.430308,0.0046,40.879326,0.0047,41.768007,APAD
BKB-162,22.67275775,90.3195522,FCBK,coal,Barisal,Bangladesh,operating,"8,886.81",0.0097,86.202057,0.0068,60.430308,0.0046,40.879326,0.0047,41.768007,APAD
BKB-163,22.67213327,90.3191007,FCBK,coal,Barisal,Bangladesh,operating,"8,886.81",0.0097,86.202057,0.0068,60.430308,0.0046,40.879326,0.0047,41.768007,APAD
BKB-164,23.71417942,89.79418113,FCBK,coal,Dhaka,Bangladesh,operating,"8,886.81",0.0097,86.202057,0.0068,60.430308,0.0046,40.879326,0.0047,41.768007,APAD
BKB-165,23.25749027,88.89396265,FCBK,coal,Khulna,Bangladesh,operating,"8,886.81",0.0097,86.202057,0.0068,60.430308,0.0046,40.879326,0.0047,41.768007,APAD
BKB-166,22.55414854,89.95806597,FCBK,coal,Barisal,Bangladesh,operating,"8,886.81",0.0097,86.202057,0.0068,60.430308,0.0046,40.879326,0.0047,41.768007,APAD
BKB-167,23.02015767,88.90257096,FCBK,coal,Khulna,Bangladesh,operating,"8,886.81",0.0097,86.202057,0.0068,60.430308,0.0046,40.879326,0.0047,41.768007,APAD
BKB-168,23.60712307,89.31513236,FCBK,coal,Khulna,Bangladesh,operating,"8,886.81",0.0097,86.202057,0.0068,60.430308,0.0046,40.879326,0.0047,41.768007,APAD
BKB-169,23.6094003,89.31632561,FCBK,coal,Khulna,Bangladesh,operating,"8,886.81",0.0097,86.202057,0.0068,60.430308,0.0046,40.879326,0.0047,41.768007,APAD
BKB-170,22.69623948,90.67716528,FCBK,coal,Barisal,Bangladesh,operating,"8,886.81",0.0097,86.202057,0.0068,60.430308,0.0046,40.879326,0.0047,41.768007,APAD
BKB-171,22.64579032,90.46787604,FCBK,coal,Barisal,Bangladesh,operating,"8,886.81",0.0097,86.202057,0.0068,60.430308,0.0046,40.879326,0.0047,41.768007,APAD
BKB-172,22.71088262,89.11483954,FCBK,coal,Khulna,Bangladesh,operating,"8,886.81",0.0097,86.202057,0.0068,60.430308,0.0046,40.879326,0.0047,41.768007,APAD
BKB-173,22.71207577,89.69669522,FCBK,coal,Khulna,Bangladesh,operating,"8,886.81",0.0097,86.202057,0.0068,60.430308,0.0046,40.879326,0.0047,41.768007,APAD
BKB-174,22.70982196,90.39980237,FCBK,coal,Barisal,Bangladesh,operating,"8,886.81",0.0097,86.202057,0.0068,60.430308,0.0046,40.879326,0.0047,41.768007,APAD
BKB-175,22.71014124,90.3939705,FCBK,coal,Barisal,Bangladesh,operating,"8,886.81",0.0097,86.202057,0.0068,60.430308,0.0046,40.879326,0.0047,41.768007,APAD
BKB-176,22.71049339,90.39871125,FCBK,coal,Barisal,Bangladesh,operating,"8,886.81",0.0097,86.202057,0.0068,60.430308,0.0046,40.879326,0.0047,41.768007,APAD
BKB-177,22.71216023,90.39524975,FCBK,coal,Barisal,Bangladesh,operating,"8,886.81",0.0097,86.202057,0.0068,60.430308,0.0046,40.879326,0.0047,41.768007,APAD
BKB-178,22.70744193,90.48471343,FCBK,coal,Barisal,Bangladesh,operating,"8,886.81",0.0097,86.202057,0.0068,60.430308,0.0046,40.879326,0.0047,41.768007,APAD
BKB-179,22.72302873,89.11136586,FCBK,coal,Khulna,Bangladesh,operating,"8,886.81",0.0097,86.202057,0.0068,60.430308,0.0046,40.879326,0.0047,41.768007,APAD
BKB-180,23.69166355,88.81219862,FCBK,coal,Khulna,Bangladesh,operating,"8,886.81",0.0097,86.202057,0.0068,60.430308,0.0046,40.879326,0.0047,41.768007,APAD
BKB-181,22.61910152,90.6490209,FCBK,coal,Barisal,Bangladesh,operating,"8,886.81",0.0097,86.202057,0.0068,60.430308,0.0046,40.879326,0.0047,41.768007,APAD
BKB-182,23.24550455,90.17216579,FCBK,coal,Dhaka,Bangladesh,operating,"8,886.81",0.0097,86.202057,0.0068,60.430308,0.0046,40.879326,0.0047,41.768007,APAD
BKB-183,22.93648377,90.50335696,FCBK,coal,Barisal,Bangladesh,operating,"8,886.81",0.0097,86.202057,0.0068,60.430308,0.0046,40.879326,0.0047,41.768007,APAD
BKB-184,23.88865667,90.13056977,FCBK,coal,Dhaka,Bangladesh,operating,"8,886.81",0.0097,86.202057,0.0068,60.430308,0.0046,40.879326,0.0047,41.768007,APAD
BKB-185,22.65185521,90.29156337,FCBK,coal,Barisal,Bangladesh,operating,"8,886.81",0.0097,86.202057,0.0068,60.430308,0.0046,40.879326,0.0047,41.768007,APAD
BKB-186,23.15680571,90.06019626,FCBK,coal,Dhaka,Bangladesh,operating,"8,886.81",0.0097,86.202057,0.0068,60.430308,0.0046,40.879326,0.0047,41.768007,APAD
BKB-187,22.35562399,90.07212379,FCBK,coal,Barisal,Bangladesh,operating,"8,886.81",0.0097,86.202057,0.0068,60.430308,0.0046,40.879326,0.0047,41.768007,APAD
BKB-188,22.90711057,89.49272102,FCBK,coal,Khulna,Bangladesh,operating,"8,886.81",0.0097,86.202057,0.0068,60.430308,0.0046,40.879326,0.0047,41.768007,APAD
BKB-189,22.82427311,90.31482565,FCBK,coal,Barisal,Bangladesh,operating,"8,886.81",0.0097,86.202057,0.0068,60.430308,0.0046,40.879326,0.0047,41.768007,APAD
BKB-190,22.89235145,89.19192341,FCBK,coal,Khulna,Bangladesh,operating,"8,886.81",0.0097,86.202057,0.0068,60.430308,0.0046,40.879326,0.0047,41.768007,APAD
BKB-191,22.62814842,89.72116687,FCBK,coal,Khulna,Bangladesh,operating,"8,886.81",0.0097,86.202057,0.0068,60.430308,0.0046,40.879326,0.0047,41.768007,APAD
BKB-192,23.27127231,90.34630519,FCBK,coal,Dhaka,Bangladesh,operating,"8,886.81",0.0097,86.202057,0.0068,60.430308,0.0046,40.879326,0.0047,41.768007,APAD
BKB-193,23.59420322,89.81605457,FCBK,coal,Dhaka,Bangladesh,operating,"8,886.81",0.0097,86.202057,0.0068,60.430308,0.0046,40.879326,0.0047,41.768007,APAD
BKB-194,22.82809538,90.22982509,FCBK,coal,Barisal,Bangladesh,operating,"8,886.81",0.0097,86.202057,0.0068,60.430308,0.0046,40.879326,0.0047,41.768007,APAD
BKB-195,22.65026575,90.20763496,FCBK,coal,Barisal,Bangladesh,operating,"8,886.81",0.0097,86.202057,0.0068,60.430308,0.0046,40.879326,0.0047,41.768007,APAD
BKB-196,22.53354481,90.4092734,FCBK,coal,Barisal,Bangladesh,operating,"8,886.81",0.0097,86.202057,0.0068,60.430308,0.0046,40.879326,0.0047,41.768007,APAD
BKB-197,24.07880844,89.18105164,FCBK,coal,Rajshahi,Bangladesh,operating,"8,886.81",0.0097,86.202057,0.0068,60.430308,0.0046,40.879326,0.0047,41.768007,APAD
BKB-198,22.53298702,90.46835834,FCBK,coal,Barisal,Bangladesh,operating,"8,886.81",0.0097,86.202057,0.0068,60.430308,0.0046,40.879326,0.0047,41.768007,APAD
BKB-199,22.53440031,90.46825621,FCBK,coal,Barisal,Bangladesh,operating,"8,886.81",0.0097,86.202057,0.0068,60.430308,0.0046,40.879326,0.0047,41.768007,APAD
BKB-200,22.6350387,90.37313282,FCBK,coal,Barisal,Bangladesh,operating,"8,886.81",0.0097,86.202057,0.0068,60.430308,0.0046,40.879326,0.0047,41.768007,APAD
BKB-201,22.88445859,89.30689416,FCBK,coal,Khulna,Bangladesh,operating,"8,886.81",0.0097,86.202057,0.0068,60.430308,0.0046,40.879326,0.0047,41.768007,APAD
BKB-202,22.39268515,89.14949649,FCBK,coal,Khulna,Bangladesh,operating,"8,886.81",0.0097,86.202057,0.0068,60.430308,0.0046,40.879326,0.0047,41.768007,APAD
BKB-203,22.59649456,89.03893344,FCBK,coal,Khulna,Bangladesh,operating,"8,886.81",0.0097,86.202057,0.0068,60.430308,0.0046,40.879326,0.0047,41.768007,APAD
BKB-204,22.55633142,90.33929489,FCBK,coal,Barisal,Bangladesh,operating,"8,886.81",0.0097,86.202057,0.0068,60.430308,0.0046,40.879326,0.0047,41.768007,APAD
BKB-205,26.02854759,88.22290152,FCBK,coal,Rangpur,Bangladesh,operating,"8,886.81",0.0097,86.202057,0.0068,60.430308,0.0046,40.879326,0.0047,41.768007,APAD
BKB-206,23.73497563,89.62543049,FCBK,coal,Dhaka,Bangladesh,operating,"8,886.81",0.0097,86.202057,0.0068,60.430308,0.0046,40.879326,0.0047,41.768007,APAD
BKB-207,22.63850142,89.07679225,FCBK,coal,Khulna,Bangladesh,operating,"8,886.81",0.0097,86.202057,0.0068,60.430308,0.0046,40.879326,0.0047,41.768007,APAD
BKB-208,22.51876551,90.3664698,FCBK,coal,Barisal,Bangladesh,operating,"8,886.81",0.0097,86.202057,0.0068,60.430308,0.0046,40.879326,0.0047,41.768007,APAD
BKB-209,22.56130705,90.2789226,FCBK,coal,Barisal,Bangladesh,operating,"8,886.81",0.0097,86.202057,0.0068,60.430308,0.0046,40.879326,0.0047,41.768007,APAD
BKB-210,22.50014339,90.04602963,FCBK,coal,Barisal,Bangladesh,operating,"8,886.81",0.0097,86.202057,0.0068,60.430308,0.0046,40.879326,0.0047,41.768007,APAD
BKB-211,22.84357745,90.27033501,FCBK,coal,Barisal,Bangladesh,operating,"8,886.81",0.0097,86.202057,0.0068,60.430308,0.0046,40.879326,0.0047,41.768007,APAD
BKB-212,22.71001304,90.39376845,FCBK,coal,Barisal,Bangladesh,operating,"8,886.81",0.0097,86.202057,0.0068,60.430308,0.0046,40.879326,0.0047,41.768007,APAD
BKB-213,22.48113043,90.31646097,FCBK,coal,Barisal,Bangladesh,operating,"8,886.81",0.0097,86.202057,0.0068,60.430308,0.0046,40.879326,0.0047,41.768007,APAD
BKB-214,22.75564793,89.03973192,FCBK,coal,Khulna,Bangladesh,operating,"8,886.81",0.0097,86.202057,0.0068,60.430308,0.0046,40.879326,0.0047,41.768007,APAD
BKB-215,22.62370637,89.13895421,FCBK,coal,Khulna,Bangladesh,operating,"8,886.81",0.0097,86.202057,0.0068,60.430308,0.0046,40.879326,0.0047,41.768007,APAD
BKB-216,22.45602822,89.60623057,FCBK,coal,Khulna,Bangladesh,operating,"8,886.81",0.0097,86.202057,0.0068,60.430308,0.0046,40.879326,0.0047,41.768007,APAD
BKB-217,22.9297162,89.82013564,FCBK,coal,Khulna,Bangladesh,operating,"8,886.81",0.0097,86.202057,0.0068,60.430308,0.0046,40.879326,0.0047,41.768007,APAD
BKB-218,23.11732944,89.12387127,FCBK,coal,Khulna,Bangladesh,operating,"8,886.81",0.0097,86.202057,0.0068,60.430308,0.0046,40.879326,0.0047,41.768007,APAD
BKB-219,22.69020931,90.37756299,FCBK,coal,Barisal,Bangladesh,operating,"8,886.81",0.0097,86.202057,0.0068,60.430308,0.0046,40.879326,0.0047,41.768007,APAD
BKB-220,22.59044373,90.67610788,FCBK,coal,Barisal,Bangladesh,operating,"8,886.81",0.0097,86.202057,0.0068,60.430308,0.0046,40.879326,0.0047,41.768007,APAD
BKB-221,23.77728721,90.31884536,FCBK,coal,Dhaka,Bangladesh,operating,"8,886.81",0.0097,86.202057,0.0068,60.430308,0.0046,40.879326,0.0047,41.768007,APAD
BKB-222,23.78091669,90.31725436,FCBK,coal,Dhaka,Bangladesh,operating,"8,886.81",0.0097,86.202057,0.0068,60.430308,0.0046,40.879326,0.0047,41.768007,APAD
BKB-223,24.54103379,89.06871454,FCBK,coal,Rajshahi,Bangladesh,operating,"8,886.81",0.0097,86.202057,0.0068,60.430308,0.0046,40.879326,0.0047,41.768007,APAD
BKB-224,23.32187327,89.55548884,FCBK,coal,Khulna,Bangladesh,operating,"8,886.81",0.0097,86.202057,0.0068,60.430308,0.0046,40.879326,0.0047,41.768007,APAD
BKB-225,22.94676841,90.18169587,FCBK,coal,Barisal,Bangladesh,operating,"8,886.81",0.0097,86.202057,0.0068,60.430308,0.0046,40.879326,0.0047,41.768007,APAD
BKB-226,22.82101466,89.63897762,FCBK,coal,Khulna,Bangladesh,operating,"8,886.81",0.0097,86.202057,0.0068,60.430308,0.0046,40.879326,0.0047,41.768007,APAD
BKB-227,22.69247588,89.16207894,FCBK,coal,Khulna,Bangladesh,operating,"8,886.81",0.0097,86.202057,0.0068,60.430308,0.0046,40.879326,0.0047,41.768007,APAD
BKB-228,23.72297876,90.42428132,FCBK,coal,Dhaka,Bangladesh,operating,"8,886.81",0.0097,86.202057,0.0068,60.430308,0.0046,40.879326,0.0047,41.768007,APAD
BKB-229,22.50799766,89.0324629,FCBK,coal,Khulna,Bangladesh,operating,"8,886.81",0.0097,86.202057,0.0068,60.430308,0.0046,40.879326,0.0047,41.768007,APAD
BKB-230,22.94337428,90.40624714,FCBK,coal,Barisal,Bangladesh,operating,"8,886.81",0.0097,86.202057,0.0068,60.430308,0.0046,40.879326,0.0047,41.768007,APAD
BKB-231,23.88014499,90.34742732,FCBK,coal,Dhaka,Bangladesh,operating,"8,886.81",0.0097,86.202057,0.0068,60.430308,0.0046,40.879326,0.0047,41.768007,APAD
BKB-232,22.31758368,89.10445811,FCBK,coal,Khulna,Bangladesh,operating,"8,886.81",0.0097,86.202057,0.0068,60.430308,0.0046,40.879326,0.0047,41.768007,APAD
BKB-233,22.31932564,89.10432373,FCBK,coal,Khulna,Bangladesh,operating,"8,886.81",0.0097,86.202057,0.0068,60.430308,0.0046,40.879326,0.0047,41.768007,APAD
BKB-234,22.86038963,89.35687559,FCBK,coal,Khulna,Bangladesh,operating,"8,886.81",0.0097,86.202057,0.0068,60.430308,0.0046,40.879326,0.0047,41.768007,APAD
BKB-235,22.81694252,90.25599868,FCBK,coal,Barisal,Bangladesh,operating,"8,886.81",0.0097,86.202057,0.0068,60.430308,0.0046,40.879326,0.0047,41.768007,APAD
BKB-236,22.56978317,89.95720215,FCBK,coal,Khulna,Bangladesh,operating,"8,886.81",0.0097,86.202057,0.0068,60.430308,0.0046,40.879326,0.0047,41.768007,APAD
BKB-237,25.07335138,90.03484106,FCBK,coal,Mymensingh,Bangladesh,operating,"8,886.81",0.0097,86.202057,0.0068,60.430308,0.0046,40.879326,0.0047,41.768007,APAD
BKB-238,22.98993237,89.62367344,FCBK,coal,Khulna,Bangladesh,operating,"8,886.81",0.0097,86.202057,0.0068,60.430308,0.0046,40.879326,0.0047,41.768007,APAD
BKB-239,22.70695355,90.41379505,FCBK,coal,Barisal,Bangladesh,operating,"8,886.81",0.0097,86.202057,0.0068,60.430308,0.0046,40.879326,0.0047,41.768007,APAD
BKB-240,23.80327122,90.31241563,FCBK,coal,Dhaka,Bangladesh,operating,"8,886.81",0.0097,86.202057,0.0068,60.430308,0.0046,40.879326,0.0047,41.768007,APAD
BKB-241,22.69329415,90.20018532,FCBK,coal,Barisal,Bangladesh,operating,"8,886.81",0.0097,86.202057,0.0068,60.430308,0.0046,40.879326,0.0047,41.768007,APAD
BKB-242,23.82027289,90.38838997,FCBK,coal,Dhaka,Bangladesh,operating,"8,886.81",0.0097,86.202057,0.0068,60.430308,0.0046,40.879326,0.0047,41.768007,APAD
BKB-243,22.36949028,89.10361131,FCBK,coal,Khulna,Bangladesh,operating,"8,886.81",0.0097,86.202057,0.0068,60.430308,0.0046,40.879326,0.0047,41.768007,APAD
BKB-244,22.61667682,89.70003101,FCBK,coal,Khulna,Bangladesh,operating,"8,886.81",0.0097,86.202057,0.0068,60.430308,0.0046,40.879326,0.0047,41.768007,APAD
BKB-245,23.9514004,89.22307637,FCBK,coal,Khulna,Bangladesh,operating,"8,886.81",0.0097,86.202057,0.0068,60.430308,0.0046,40.879326,0.0047,41.768007,APAD
BKB-246,23.95018431,89.22173799,FCBK,coal,Khulna,Bangladesh,operating,"8,886.81",0.0097,86.202057,0.0068,60.430308,0.0046,40.879326,0.0047,41.768007,APAD
BKB-247,24.48049235,88.36392748,FCBK,coal,Rajshahi,Bangladesh,operating,"8,886.81",0.0097,86.202057,0.0068,60.430308,0.0046,40.879326,0.0047,41.768007,APAD
BKB-248,23.25849572,90.20058064,FCBK,coal,Dhaka,Bangladesh,operating,"8,886.81",0.0097,86.202057,0.0068,60.430308,0.0046,40.879326,0.0047,41.768007,APAD
BKB-249,23.77501987,90.23963953,FCBK,coal,Dhaka,Bangladesh,operating,"8,886.81",0.0097,86.202057,0.0068,60.430308,0.0046,40.879326,0.0047,41.768007,APAD
BKB-250,22.24614062,89.11682866,FCBK,coal,Khulna,Bangladesh,operating,"8,886.81",0.0097,86.202057,0.0068,60.430308,0.0046,40.879326,0.0047,41.768007,APAD
BKB-251,22.67246456,89.08026553,FCBK,coal,Khulna,Bangladesh,operating,"8,886.81",0.0097,86.202057,0.0068,60.430308,0.0046,40.879326,0.0047,41.768007,APAD
BKB-252,23.71086975,89.94041542,FCBK,coal,Dhaka,Bangladesh,operating,"8,886.81",0.0097,86.202057,0.0068,60.430308,0.0046,40.879326,0.0047,41.768007,APAD
BKB-253,23.71059742,89.94252242,FCBK,coal,Dhaka,Bangladesh,operating,"8,886.81",0.0097,86.202057,0.0068,60.430308,0.0046,40.879326,0.0047,41.768007,APAD
BKB-254,23.71099653,89.94092067,FCBK,coal,Dhaka,Bangladesh,operating,"8,886.81",0.0097,86.202057,0.0068,60.430308,0.0046,40.879326,0.0047,41.768007,APAD
BKB-255,23.54701642,89.19736986,FCBK,coal,Khulna,Bangladesh,operating,"8,886.81",0.0097,86.202057,0.0068,60.430308,0.0046,40.879326,0.0047,41.768007,APAD
BKB-256,23.44189305,89.46994614,FCBK,coal,Khulna,Bangladesh,operating,"8,886.81",0.0097,86.202057,0.0068,60.430308,0.0046,40.879326,0.0047,41.768007,APAD
BKB-257,23.62677964,88.82768012,FCBK,coal,Khulna,Bangladesh,operating,"8,886.81",0.0097,86.202057,0.0068,60.430308,0.0046,40.879326,0.0047,41.768007,APAD
BKB-258,22.72963277,90.2510895,FCBK,coal,Barisal,Bangladesh,operating,"8,886.81",0.0097,86.202057,0.0068,60.430308,0.0046,40.879326,0.0047,41.768007,APAD
BKB-259,22.96540253,90.47553837,FCBK,coal,Barisal,Bangladesh,operating,"8,886.81",0.0097,86.202057,0.0068,60.430308,0.0046,40.879326,0.0047,41.768007,APAD
BKB-260,22.58251263,90.28015117,FCBK,coal,Barisal,Bangladesh,operating,"8,886.81",0.0097,86.202057,0.0068,60.430308,0.0046,40.879326,0.0047,41.768007,APAD
BKB-261,22.43810915,89.562208,FCBK,coal,Khulna,Bangladesh,operating,"8,886.81",0.0097,86.202057,0.0068,60.430308,0.0046,40.879326,0.0047,41.768007,APAD
BKB-262,23.69514676,89.71741235,FCBK,coal,Dhaka,Bangladesh,operating,"8,886.81",0.0097,86.202057,0.0068,60.430308,0.0046,40.879326,0.0047,41.768007,APAD
BKB-263,22.84857253,89.3548171,FCBK,coal,Khulna,Bangladesh,operating,"8,886.81",0.0097,86.202057,0.0068,60.430308,0.0046,40.879326,0.0047,41.768007,APAD
BKB-264,22.64157603,88.97784228,FCBK,coal,Khulna,Bangladesh,operating,"8,886.81",0.0097,86.202057,0.0068,60.430308,0.0046,40.879326,0.0047,41.768007,APAD
BKB-265,23.48035567,89.37142762,FCBK,coal,Khulna,Bangladesh,operating,"8,886.81",0.0097,86.202057,0.0068,60.430308,0.0046,40.879326,0.0047,41.768007,APAD
BKB-266,23.23367929,89.13526441,FCBK,coal,Khulna,Bangladesh,operating,"8,886.81",0.0097,86.202057,0.0068,60.430308,0.0046,40.879326,0.0047,41.768007,APAD
BKB-267,23.82860993,89.02343026,FCBK,coal,Khulna,Bangladesh,operating,"8,886.81",0.0097,86.202057,0.0068,60.430308,0.0046,40.879326,0.0047,41.768007,APAD
BKB-268,23.73653684,89.76070232,FCBK,coal,Dhaka,Bangladesh,operating,"8,886.81",0.0097,86.202057,0.0068,60.430308,0.0046,40.879326,0.0047,41.768007,APAD
BKB-269,23.73283694,89.76366395,FCBK,coal,Dhaka,Bangladesh,operating,"8,886.81",0.0097,86.202057,0.0068,60.430308,0.0046,40.879326,0.0047,41.768007,APAD
BKB-270,22.78516142,90.15558343,FCBK,coal,Barisal,Bangladesh,operating,"8,886.81",0.0097,86.202057,0.0068,60.430308,0.0046,40.879326,0.0047,41.768007,APAD
BKB-271,23.17841741,90.34896553,FCBK,coal,Dhaka,Bangladesh,operating,"8,886.81",0.0097,86.202057,0.0068,60.430308,0.0046,40.879326,0.0047,41.768007,APAD
BKB-272,22.82589609,89.59335841,FCBK,coal,Khulna,Bangladesh,operating,"8,886.81",0.0097,86.202057,0.0068,60.430308,0.0046,40.879326,0.0047,41.768007,APAD
BKB-273,22.46702376,90.05421841,FCBK,coal,Barisal,Bangladesh,operating,"8,886.81",0.0097,86.202057,0.0068,60.430308,0.0046,40.879326,0.0047,41.768007,APAD
BKB-274,22.74484227,89.7091675,FCBK,coal,Khulna,Bangladesh,operating,"8,886.81",0.0097,86.202057,0.0068,60.430308,0.0046,40.879326,0.0047,41.768007,APAD
BKB-275,22.95308358,90.48800902,FCBK,coal,Barisal,Bangladesh,operating,"8,886.81",0.0097,86.202057,0.0068,60.430308,0.0046,40.879326,0.0047,41.768007,APAD
BKB-276,23.28700078,90.110402,FCBK,coal,Dhaka,Bangladesh,operating,"8,886.81",0.0097,86.202057,0.0068,60.430308,0.0046,40.879326,0.0047,41.768007,APAD
BKB-277,22.59381352,90.38213572,FCBK,coal,Barisal,Bangladesh,operating,"8,886.81",0.0097,86.202057,0.0068,60.430308,0.0046,40.879326,0.0047,41.768007,APAD
BKB-278,23.01286781,89.84430656,FCBK,coal,Dhaka,Bangladesh,operating,"8,886.81",0.0097,86.202057,0.0068,60.430308,0.0046,40.879326,0.0047,41.768007,APAD
BKB-279,22.5179087,90.37209092,FCBK,coal,Barisal,Bangladesh,operating,"8,886.81",0.0097,86.202057,0.0068,60.430308,0.0046,40.879326,0.0047,41.768007,APAD
BKB-280,22.51689921,90.3706343,FCBK,coal,Barisal,Bangladesh,operating,"8,886.81",0.0097,86.202057,0.0068,60.430308,0.0046,40.879326,0.0047,41.768007,APAD
BKB-281,22.81766606,90.31240748,FCBK,coal,Barisal,Bangladesh,operating,"8,886.81",0.0097,86.202057,0.0068,60.430308,0.0046,40.879326,0.0047,41.768007,APAD
BKB-282,22.50936527,90.38901289,FCBK,coal,Barisal,Bangladesh,operating,"8,886.81",0.0097,86.202057,0.0068,60.430308,0.0046,40.879326,0.0047,41.768007,APAD
BKB-283,23.63188789,90.4338917,FCBK,coal,Dhaka,Bangladesh,operating,"8,886.81",0.0097,86.202057,0.0068,60.430308,0.0046,40.879326,0.0047,41.768007,APAD
BKB-284,23.61586985,89.8447335,FCBK,coal,Dhaka,Bangladesh,operating,"8,886.81",0.0097,86.202057,0.0068,60.430308,0.0046,40.879326,0.0047,41.768007,APAD
BKB-285,23.01080159,89.75727805,FCBK,coal,Khulna,Bangladesh,operating,"8,886.81",0.0097,86.202057,0.0068,60.430308,0.0046,40.879326,0.0047,41.768007,APAD
BKB-286,23.26434629,90.51799096,FCBK,coal,Dhaka,Bangladesh,operating,"8,886.81",0.0097,86.202057,0.0068,60.430308,0.0046,40.879326,0.0047,41.768007,APAD
BKB-287,22.61388754,90.7208123,FCBK,coal,Barisal,Bangladesh,operating,"8,886.81",0.0097,86.202057,0.0068,60.430308,0.0046,40.879326,0.0047,41.768007,APAD
BKB-288,22.69729862,89.24909544,FCBK,coal,Khulna,Bangladesh,operating,"8,886.81",0.0097,86.202057,0.0068,60.430308,0.0046,40.879326,0.0047,41.768007,APAD
BKB-289,22.63796298,90.18042917,FCBK,coal,Barisal,Bangladesh,operating,"8,886.81",0.0097,86.202057,0.0068,60.430308,0.0046,40.879326,0.0047,41.768007,APAD
BKB-290,22.5270561,89.01368193,FCBK,coal,Khulna,Bangladesh,operating,"8,886.81",0.0097,86.202057,0.0068,60.430308,0.0046,40.879326,0.0047,41.768007,APAD
BKB-291,22.85283087,89.69893183,FCBK,coal,Khulna,Bangladesh,operating,"8,886.81",0.0097,86.202057,0.0068,60.430308,0.0046,40.879326,0.0047,41.768007,APAD
BKB-292,22.85285904,89.69841583,FCBK,coal,Khulna,Bangladesh,operating,"8,886.81",0.0097,86.202057,0.0068,60.430308,0.0046,40.879326,0.0047,41.768007,APAD
BKB-293,22.75866623,89.04494233,FCBK,coal,Khulna,Bangladesh,operating,"8,886.81",0.0097,86.202057,0.0068,60.430308,0.0046,40.879326,0.0047,41.768007,APAD
BKB-294,23.59850823,89.0151311,FCBK,coal,Khulna,Bangladesh,operating,"8,886.81",0.0097,86.202057,0.0068,60.430308,0.0046,40.879326,0.0047,41.768007,APAD
BKB-295,23.59619814,89.01392173,FCBK,coal,Khulna,Bangladesh,operating,"8,886.81",0.0097,86.202057,0.0068,60.430308,0.0046,40.879326,0.0047,41.768007,APAD
BKB-296,22.51466993,90.45724499,FCBK,coal,Barisal,Bangladesh,operating,"8,886.81",0.0097,86.202057,0.0068,60.430308,0.0046,40.879326,0.0047,41.768007,APAD
BKB-297,23.13473003,89.57304034,FCBK,coal,Khulna,Bangladesh,operating,"8,886.81",0.0097,86.202057,0.0068,60.430308,0.0046,40.879326,0.0047,41.768007,APAD
BKB-298,23.68314415,88.80752084,FCBK,coal,Khulna,Bangladesh,operating,"8,886.81",0.0097,86.202057,0.0068,60.430308,0.0046,40.879326,0.0047,41.768007,APAD
BKB-299,23.68037391,88.80909571,FCBK,coal,Khulna,Bangladesh,operating,"8,886.81",0.0097,86.202057,0.0068,60.430308,0.0046,40.879326,0.0047,41.768007,APAD
BKB-300,22.67007988,90.40636168,FCBK,coal,Barisal,Bangladesh,operating,"8,886.81",0.0097,86.202057,0.0068,60.430308,0.0046,40.879326,0.0047,41.768007,APAD
BKB-301,23.02081636,89.75273798,FCBK,coal,Khulna,Bangladesh,operating,"8,886.81",0.0097,86.202057,0.0068,60.430308,0.0046,40.879326,0.0047,41.768007,APAD
BKB-302,23.60573983,89.84807004,FCBK,coal,Dhaka,Bangladesh,operating,"8,886.81",0.0097,86.202057,0.0068,60.430308,0.0046,40.879326,0.0047,41.768007,APAD
BKB-303,22.64146591,89.8067785,FCBK,coal,Khulna,Bangladesh,operating,"8,886.81",0.0097,86.202057,0.0068,60.430308,0.0046,40.879326,0.0047,41.768007,APAD
BKB-304,22.65095497,90.61345162,FCBK,coal,Barisal,Bangladesh,operating,"8,886.81",0.0097,86.202057,0.0068,60.430308,0.0046,40.879326,0.0047,41.768007,APAD
BKB-305,22.81782642,89.55862228,FCBK,coal,Khulna,Bangladesh,operating,"8,886.81",0.0097,86.202057,0.0068,60.430308,0.0046,40.879326,0.0047,41.768007,APAD
BKB-306,22.92438891,90.51073292,FCBK,coal,Barisal,Bangladesh,operating,"8,886.81",0.0097,86.202057,0.0068,60.430308,0.0046,40.879326,0.0047,41.768007,APAD
BKB-307,22.9255017,90.50963642,FCBK,coal,Barisal,Bangladesh,operating,"8,886.81",0.0097,86.202057,0.0068,60.430308,0.0046,40.879326,0.0047,41.768007,APAD
BKB-308,23.52405326,89.30705835,FCBK,coal,Khulna,Bangladesh,operating,"8,886.81",0.0097,86.202057,0.0068,60.430308,0.0046,40.879326,0.0047,41.768007,APAD
BKB-309,22.70766949,88.97860558,FCBK,coal,Khulna,Bangladesh,operating,"8,886.81",0.0097,86.202057,0.0068,60.430308,0.0046,40.879326,0.0047,41.768007,APAD
BKB-310,22.77347972,89.19231465,FCBK,coal,Khulna,Bangladesh,operating,"8,886.81",0.0097,86.202057,0.0068,60.430308,0.0046,40.879326,0.0047,41.768007,APAD
BKB-311,22.61163277,90.70246042,FCBK,coal,Barisal,Bangladesh,operating,"8,886.81",0.0097,86.202057,0.0068,60.430308,0.0046,40.879326,0.0047,41.768007,APAD
BKB-312,22.61361036,89.15994691,FCBK,coal,Khulna,Bangladesh,operating,"8,886.81",0.0097,86.202057,0.0068,60.430308,0.0046,40.879326,0.0047,41.768007,APAD
BKB-313,23.59213106,89.77700753,FCBK,coal,Dhaka,Bangladesh,operating,"8,886.81",0.0097,86.202057,0.0068,60.430308,0.0046,40.879326,0.0047,41.768007,APAD
BKB-314,22.97322356,90.29136705,FCBK,coal,Dhaka,Bangladesh,operating,"8,886.81",0.0097,86.202057,0.0068,60.430308,0.0046,40.879326,0.0047,41.768007,APAD
BKB-315,23.73285486,89.37841099,FCBK,coal,Dhaka,Bangladesh,operating,"8,886.81",0.0097,86.202057,0.0068,60.430308,0.0046,40.879326,0.0047,41.768007,APAD
BKB-316,22.82017432,90.58175259,FCBK,coal,Barisal,Bangladesh,operating,"8,886.81",0.0097,86.202057,0.0068,60.430308,0.0046,40.879326,0.0047,41.768007,APAD
BKB-317,23.22914843,90.34068754,FCBK,coal,Dhaka,Bangladesh,operating,"8,886.81",0.0097,86.202057,0.0068,60.430308,0.0046,40.879326,0.0047,41.768007,APAD
BKB-318,22.6310137,90.37760022,FCBK,coal,Barisal,Bangladesh,operating,"8,886.81",0.0097,86.202057,0.0068,60.430308,0.0046,40.879326,0.0047,41.768007,APAD
BKB-319,22.56726518,89.95660874,FCBK,coal,Khulna,Bangladesh,operating,"8,886.81",0.0097,86.202057,0.0068,60.430308,0.0046,40.879326,0.0047,41.768007,APAD
BKB-320,22.89732809,89.56928179,FCBK,coal,Khulna,Bangladesh,operating,"8,886.81",0.0097,86.202057,0.0068,60.430308,0.0046,40.879326,0.0047,41.768007,APAD
BKB-321,22.89498982,89.57112005,FCBK,coal,Khulna,Bangladesh,operating,"8,886.81",0.0097,86.202057,0.0068,60.430308,0.0046,40.879326,0.0047,41.768007,APAD
BKB-322,22.58407027,90.12731314,FCBK,coal,Barisal,Bangladesh,operating,"8,886.81",0.0097,86.202057,0.0068,60.430308,0.0046,40.879326,0.0047,41.768007,APAD
BKB-323,22.93786985,90.53227666,FCBK,coal,Barisal,Bangladesh,operating,"8,886.81",0.0097,86.202057,0.0068,60.430308,0.0046,40.879326,0.0047,41.768007,APAD
BKB-324,23.70122177,89.16124845,FCBK,coal,Khulna,Bangladesh,operating,"8,886.81",0.0097,86.202057,0.0068,60.430308,0.0046,40.879326,0.0047,41.768007,APAD
BKB-325,22.89874923,90.40498847,FCBK,coal,Barisal,Bangladesh,operating,"8,886.81",0.0097,86.202057,0.0068,60.430308,0.0046,40.879326,0.0047,41.768007,APAD
BKB-326,22.94298849,89.59459655,FCBK,coal,Khulna,Bangladesh,operating,"8,886.81",0.0097,86.202057,0.0068,60.430308,0.0046,40.879326,0.0047,41.768007,APAD
BKB-327,22.80994756,89.59167955,FCBK,coal,Khulna,Bangladesh,operating,"8,886.81",0.0097,86.202057,0.0068,60.430308,0.0046,40.879326,0.0047,41.768007,APAD
BKB-328,22.59434106,90.01811869,FCBK,coal,Barisal,Bangladesh,operating,"8,886.81",0.0097,86.202057,0.0068,60.430308,0.0046,40.879326,0.0047,41.768007,APAD
BKB-329,22.59295125,90.01945707,FCBK,coal,Barisal,Bangladesh,operating,"8,886.81",0.0097,86.202057,0.0068,60.430308,0.0046,40.879326,0.0047,41.768007,APAD
BKB-330,24.37901854,89.54522429,FCBK,coal,Rajshahi,Bangladesh,operating,"8,886.81",0.0097,86.202057,0.0068,60.430308,0.0046,40.879326,0.0047,41.768007,APAD
BKB-331,24.97238513,89.67751254,FCBK,coal,Mymensingh,Bangladesh,operating,"8,886.81",0.0097,86.202057,0.0068,60.430308,0.0046,40.879326,0.0047,41.768007,APAD
BKB-332,23.03197553,89.11882236,FCBK,coal,Khulna,Bangladesh,operating,"8,886.81",0.0097,86.202057,0.0068,60.430308,0.0046,40.879326,0.0047,41.768007,APAD
BKB-333,22.89960871,90.42208435,FCBK,coal,Barisal,Bangladesh,operating,"8,886.81",0.0097,86.202057,0.0068,60.430308,0.0046,40.879326,0.0047,41.768007,APAD
BKB-334,22.96114788,90.56155747,FCBK,coal,Barisal,Bangladesh,operating,"8,886.81",0.0097,86.202057,0.0068,60.430308,0.0046,40.879326,0.0047,41.768007,APAD
BKB-335,22.96096007,90.56311622,FCBK,coal,Barisal,Bangladesh,operating,"8,886.81",0.0097,86.202057,0.0068,60.430308,0.0046,40.879326,0.0047,41.768007,APAD
BKB-336,22.96096007,90.56298722,FCBK,coal,Barisal,Bangladesh,operating,"8,886.81",0.0097,86.202057,0.0068,60.430308,0.0046,40.879326,0.0047,41.768007,APAD
BKB-337,23.53243818,88.92286162,FCBK,coal,Khulna,Bangladesh,operating,"8,886.81",0.0097,86.202057,0.0068,60.430308,0.0046,40.879326,0.0047,41.768007,APAD
BKB-338,22.6148957,90.61548026,FCBK,coal,Barisal,Bangladesh,operating,"8,886.81",0.0097,86.202057,0.0068,60.430308,0.0046,40.879326,0.0047,41.768007,APAD
BKB-339,22.61460459,90.61506101,FCBK,coal,Barisal,Bangladesh,operating,"8,886.81",0.0097,86.202057,0.0068,60.430308,0.0046,40.879326,0.0047,41.768007,APAD
BKB-340,23.05797421,89.78931132,FCBK,coal,Dhaka,Bangladesh,operating,"8,886.81",0.0097,86.202057,0.0068,60.430308,0.0046,40.879326,0.0047,41.768007,APAD
BKB-341,22.68454087,90.37774189,FCBK,coal,Barisal,Bangladesh,operating,"8,886.81",0.0097,86.202057,0.0068,60.430308,0.0046,40.879326,0.0047,41.768007,APAD
BKB-342,22.74960461,89.72608564,FCBK,coal,Khulna,Bangladesh,operating,"8,886.81",0.0097,86.202057,0.0068,60.430308,0.0046,40.879326,0.0047,41.768007,APAD
BKB-343,22.64806766,90.22320815,FCBK,coal,Barisal,Bangladesh,operating,"8,886.81",0.0097,86.202057,0.0068,60.430308,0.0046,40.879326,0.0047,41.768007,APAD
BKB-344,22.66048741,90.29824409,FCBK,coal,Barisal,Bangladesh,operating,"8,886.81",0.0097,86.202057,0.0068,60.430308,0.0046,40.879326,0.0047,41.768007,APAD
BKB-345,22.91671177,90.5195747,FCBK,coal,Barisal,Bangladesh,operating,"8,886.81",0.0097,86.202057,0.0068,60.430308,0.0046,40.879326,0.0047,41.768007,APAD
BKB-346,22.91433125,90.52284269,FCBK,coal,Barisal,Bangladesh,operating,"8,886.81",0.0097,86.202057,0.0068,60.430308,0.0046,40.879326,0.0047,41.768007,APAD
BKB-347,22.77332006,90.1292052,FCBK,coal,Barisal,Bangladesh,operating,"8,886.81",0.0097,86.202057,0.0068,60.430308,0.0046,40.879326,0.0047,41.768007,APAD
BKB-348,22.84221669,89.31228923,FCBK,coal,Khulna,Bangladesh,operating,"8,886.81",0.0097,86.202057,0.0068,60.430308,0.0046,40.879326,0.0047,41.768007,APAD
BKB-349,22.81593019,90.36100868,FCBK,coal,Barisal,Bangladesh,operating,"8,886.81",0.0097,86.202057,0.0068,60.430308,0.0046,40.879326,0.0047,41.768007,APAD
BKB-350,22.75576585,89.47398246,FCBK,coal,Khulna,Bangladesh,operating,"8,886.81",0.0097,86.202057,0.0068,60.430308,0.0046,40.879326,0.0047,41.768007,APAD
BKB-351,24.53853468,89.36058019,FCBK,coal,Rajshahi,Bangladesh,operating,"8,886.81",0.0097,86.202057,0.0068,60.430308,0.0046,40.879326,0.0047,41.768007,APAD
BKB-352,23.96069414,89.24112101,FCBK,coal,Rajshahi,Bangladesh,operating,"8,886.81",0.0097,86.202057,0.0068,60.430308,0.0046,40.879326,0.0047,41.768007,APAD
BKB-353,23.49304116,89.48827178,FCBK,coal,Khulna,Bangladesh,operating,"8,886.81",0.0097,86.202057,0.0068,60.430308,0.0046,40.879326,0.0047,41.768007,APAD
BKB-354,23.49616823,89.48773966,FCBK,coal,Khulna,Bangladesh,operating,"8,886.81",0.0097,86.202057,0.0068,60.430308,0.0046,40.879326,0.0047,41.768007,APAD
BKB-355,23.49410699,89.48821266,FCBK,coal,Khulna,Bangladesh,operating,"8,886.81",0.0097,86.202057,0.0068,60.430308,0.0046,40.879326,0.0047,41.768007,APAD
BKB-356,22.8269968,90.23007687,FCBK,coal,Barisal,Bangladesh,operating,"8,886.81",0.0097,86.202057,0.0068,60.430308,0.0046,40.879326,0.0047,41.768007,APAD
BKB-357,22.82119679,90.16266065,FCBK,coal,Barisal,Bangladesh,operating,"8,886.81",0.0097,86.202057,0.0068,60.430308,0.0046,40.879326,0.0047,41.768007,APAD
BKB-358,23.09360077,89.07537445,FCBK,coal,Khulna,Bangladesh,operating,"8,886.81",0.0097,86.202057,0.0068,60.430308,0.0046,40.879326,0.0047,41.768007,APAD
BKB-359,22.9074658,90.52969418,FCBK,coal,Barisal,Bangladesh,operating,"8,886.81",0.0097,86.202057,0.0068,60.430308,0.0046,40.879326,0.0047,41.768007,APAD
BKB-360,22.70296525,89.30609177,FCBK,coal,Khulna,Bangladesh,operating,"8,886.81",0.0097,86.202057,0.0068,60.430308,0.0046,40.879326,0.0047,41.768007,APAD
BKB-361,23.85496915,89.09459435,FCBK,coal,Khulna,Bangladesh,operating,"8,886.81",0.0097,86.202057,0.0068,60.430308,0.0046,40.879326,0.0047,41.768007,APAD
BKB-362,22.57951021,89.97936243,FCBK,coal,Barisal,Bangladesh,operating,"8,886.81",0.0097,86.202057,0.0068,60.430308,0.0046,40.879326,0.0047,41.768007,APAD
BKB-363,22.57955247,89.9833668,FCBK,coal,Barisal,Bangladesh,operating,"8,886.81",0.0097,86.202057,0.0068,60.430308,0.0046,40.879326,0.0047,41.768007,APAD
BKB-364,23.60590276,89.78060688,FCBK,coal,Dhaka,Bangladesh,operating,"8,886.81",0.0097,86.202057,0.0068,60.430308,0.0046,40.879326,0.0047,41.768007,APAD
BKB-365,23.59398895,90.61756569,FCBK,coal,Dhaka,Bangladesh,operating,"8,886.81",0.0097,86.202057,0.0068,60.430308,0.0046,40.879326,0.0047,41.768007,APAD
BKB-366,22.69924862,89.49151905,FCBK,coal,Khulna,Bangladesh,operating,"8,886.81",0.0097,86.202057,0.0068,60.430308,0.0046,40.879326,0.0047,41.768007,APAD
BKB-367,22.54034082,90.02921801,FCBK,coal,Barisal,Bangladesh,operating,"8,886.81",0.0097,86.202057,0.0068,60.430308,0.0046,40.879326,0.0047,41.768007,APAD
BKB-368,23.61861257,90.3032652,FCBK,coal,Dhaka,Bangladesh,operating,"8,886.81",0.0097,86.202057,0.0068,60.430308,0.0046,40.879326,0.0047,41.768007,APAD
BKB-369,25.13384034,89.86032037,FCBK,coal,Mymensingh,Bangladesh,operating,"8,886.81",0.0097,86.202057,0.0068,60.430308,0.0046,40.879326,0.0047,41.768007,APAD
BKB-370,23.74300641,88.93096221,FCBK,coal,Khulna,Bangladesh,operating,"8,886.81",0.0097,86.202057,0.0068,60.430308,0.0046,40.879326,0.0047,41.768007,APAD
BKB-371,24.48496869,89.99958584,FCBK,coal,Dhaka,Bangladesh,operating,"8,886.81",0.0097,86.202057,0.0068,60.430308,0.0046,40.879326,0.0047,41.768007,APAD
BKB-372,24.4850532,89.99878496,FCBK,coal,Dhaka,Bangladesh,operating,"8,886.81",0.0097,86.202057,0.0068,60.430308,0.0046,40.879326,0.0047,41.768007,APAD
BKB-373,23.7543218,90.32717632,FCBK,coal,Dhaka,Bangladesh,operating,"8,886.81",0.0097,86.202057,0.0068,60.430308,0.0046,40.879326,0.0047,41.768007,APAD
BKB-374,22.62677404,89.66094499,FCBK,coal,Khulna,Bangladesh,operating,"8,886.81",0.0097,86.202057,0.0068,60.430308,0.0046,40.879326,0.0047,41.768007,APAD
BKB-375,26.02113853,88.43216273,FCBK,coal,Rangpur,Bangladesh,operating,"8,886.81",0.0097,86.202057,0.0068,60.430308,0.0046,40.879326,0.0047,41.768007,APAD
BKB-376,22.63284547,89.75598066,FCBK,coal,Khulna,Bangladesh,operating,"8,886.81",0.0097,86.202057,0.0068,60.430308,0.0046,40.879326,0.0047,41.768007,APAD
BKB-377,22.53157831,89.01041109,FCBK,coal,Khulna,Bangladesh,operating,"8,886.81",0.0097,86.202057,0.0068,60.430308,0.0046,40.879326,0.0047,41.768007,APAD
BKB-378,23.70378462,88.6385268,FCBK,coal,Khulna,Bangladesh,operating,"8,886.81",0.0097,86.202057,0.0068,60.430308,0.0046,40.879326,0.0047,41.768007,APAD
BKB-379,23.41277391,89.07305471,FCBK,coal,Khulna,Bangladesh,operating,"8,886.81",0.0097,86.202057,0.0068,60.430308,0.0046,40.879326,0.0047,41.768007,APAD
BKB-380,23.02237574,89.75572723,FCBK,coal,Khulna,Bangladesh,operating,"8,886.81",0.0097,86.202057,0.0068,60.430308,0.0046,40.879326,0.0047,41.768007,APAD
BKB-381,22.96139495,90.40593881,FCBK,coal,Barisal,Bangladesh,operating,"8,886.81",0.0097,86.202057,0.0068,60.430308,0.0046,40.879326,0.0047,41.768007,APAD
BKB-382,23.48311344,88.83280676,FCBK,coal,Khulna,Bangladesh,operating,"8,886.81",0.0097,86.202057,0.0068,60.430308,0.0046,40.879326,0.0047,41.768007,APAD
BKB-383,24.01043378,88.96776474,FCBK,coal,Khulna,Bangladesh,operating,"8,886.81",0.0097,86.202057,0.0068,60.430308,0.0046,40.879326,0.0047,41.768007,APAD
BKB-384,24.011509,88.96480849,FCBK,coal,Khulna,Bangladesh,operating,"8,886.81",0.0097,86.202057,0.0068,60.430308,0.0046,40.879326,0.0047,41.768007,APAD
BKB-385,24.011509,88.96604473,FCBK,coal,Khulna,Bangladesh,operating,"8,886.81",0.0097,86.202057,0.0068,60.430308,0.0046,40.879326,0.0047,41.768007,APAD
BKB-386,23.29741584,90.30937204,FCBK,coal,Dhaka,Bangladesh,operating,"8,886.81",0.0097,86.202057,0.0068,60.430308,0.0046,40.879326,0.0047,41.768007,APAD
BKB-387,22.87208144,89.0763124,FCBK,coal,Khulna,Bangladesh,operating,"8,886.81",0.0097,86.202057,0.0068,60.430308,0.0046,40.879326,0.0047,41.768007,APAD
BKB-388,23.89725917,90.144196,FCBK,coal,Dhaka,Bangladesh,operating,"8,886.81",0.0097,86.202057,0.0068,60.430308,0.0046,40.879326,0.0047,41.768007,APAD
BKB-389,22.64957989,90.17469325,FCBK,coal,Barisal,Bangladesh,operating,"8,886.81",0.0097,86.202057,0.0068,60.430308,0.0046,40.879326,0.0047,41.768007,APAD
BKB-390,22.50523129,89.57841088,FCBK,coal,Khulna,Bangladesh,operating,"8,886.81",0.0097,86.202057,0.0068,60.430308,0.0046,40.879326,0.0047,41.768007,APAD
BKB-391,22.92343827,89.91118271,FCBK,coal,Dhaka,Bangladesh,operating,"8,886.81",0.0097,86.202057,0.0068,60.430308,0.0046,40.879326,0.0047,41.768007,APAD
BKB-392,22.95542234,90.48495612,FCBK,coal,Barisal,Bangladesh,operating,"8,886.81",0.0097,86.202057,0.0068,60.430308,0.0046,40.879326,0.0047,41.768007,APAD
BKB-393,22.72965582,89.11013942,FCBK,coal,Khulna,Bangladesh,operating,"8,886.81",0.0097,86.202057,0.0068,60.430308,0.0046,40.879326,0.0047,41.768007,APAD
BKB-394,23.98803991,89.14620731,FCBK,coal,Rajshahi,Bangladesh,operating,"8,886.81",0.0097,86.202057,0.0068,60.430308,0.0046,40.879326,0.0047,41.768007,APAD
BKB-395,22.65442754,89.69473848,FCBK,coal,Khulna,Bangladesh,operating,"8,886.81",0.0097,86.202057,0.0068,60.430308,0.0046,40.879326,0.0047,41.768007,APAD
BKB-396,22.44686318,89.23254747,FCBK,coal,Khulna,Bangladesh,operating,"8,886.81",0.0097,86.202057,0.0068,60.430308,0.0046,40.879326,0.0047,41.768007,APAD
BKB-397,22.90944881,90.41513851,FCBK,coal,Barisal,Bangladesh,operating,"8,886.81",0.0097,86.202057,0.0068,60.430308,0.0046,40.879326,0.0047,41.768007,APAD
BKB-398,24.0115762,89.00530624,FCBK,coal,Khulna,Bangladesh,operating,"8,886.81",0.0097,86.202057,0.0068,60.430308,0.0046,40.879326,0.0047,41.768007,APAD
BKB-399,24.01636542,89.00678437,FCBK,coal,Khulna,Bangladesh,operating,"8,886.81",0.0097,86.202057,0.0068,60.430308,0.0046,40.879326,0.0047,41.768007,APAD
BKB-400,23.58712448,89.41870378,FCBK,coal,Khulna,Bangladesh,operating,"8,886.81",0.0097,86.202057,0.0068,60.430308,0.0046,40.879326,0.0047,41.768007,APAD
BKB-401,22.8205008,90.29096965,FCBK,coal,Barisal,Bangladesh,operating,"8,886.81",0.0097,86.202057,0.0068,60.430308,0.0046,40.879326,0.0047,41.768007,APAD
BKB-402,23.85951735,89.73648605,FCBK,coal,Dhaka,Bangladesh,operating,"8,886.81",0.0097,86.202057,0.0068,60.430308,0.0046,40.879326,0.0047,41.768007,APAD
BKB-403,23.32767457,90.28522367,FCBK,coal,Dhaka,Bangladesh,operating,"8,886.81",0.0097,86.202057,0.0068,60.430308,0.0046,40.879326,0.0047,41.768007,APAD
BKB-404,23.03601524,89.00105038,FCBK,coal,Khulna,Bangladesh,operating,"8,886.81",0.0097,86.202057,0.0068,60.430308,0.0046,40.879326,0.0047,41.768007,APAD
BKB-405,22.87449852,90.55732351,FCBK,coal,Barisal,Bangladesh,operating,"8,886.81",0.0097,86.202057,0.0068,60.430308,0.0046,40.879326,0.0047,41.768007,APAD
BKB-406,23.34287271,88.88876796,FCBK,coal,Khulna,Bangladesh,operating,"8,886.81",0.0097,86.202057,0.0068,60.430308,0.0046,40.879326,0.0047,41.768007,APAD
BKB-407,22.82714907,90.28656695,FCBK,coal,Barisal,Bangladesh,operating,"8,886.81",0.0097,86.202057,0.0068,60.430308,0.0046,40.879326,0.0047,41.768007,APAD
BKB-408,23.92684703,89.74435247,FCBK,coal,Dhaka,Bangladesh,operating,"8,886.81",0.0097,86.202057,0.0068,60.430308,0.0046,40.879326,0.0047,41.768007,APAD
BKB-409,22.93253304,90.53840111,FCBK,coal,Barisal,Bangladesh,operating,"8,886.81",0.0097,86.202057,0.0068,60.430308,0.0046,40.879326,0.0047,41.768007,APAD
BKB-410,23.28086768,89.00445588,FCBK,coal,Khulna,Bangladesh,operating,"8,886.81",0.0097,86.202057,0.0068,60.430308,0.0046,40.879326,0.0047,41.768007,APAD
BKB-411,22.59642086,89.00880045,FCBK,coal,Khulna,Bangladesh,operating,"8,886.81",0.0097,86.202057,0.0068,60.430308,0.0046,40.879326,0.0047,41.768007,APAD
BKB-412,23.88111969,89.75351874,FCBK,coal,Dhaka,Bangladesh,operating,"8,886.81",0.0097,86.202057,0.0068,60.430308,0.0046,40.879326,0.0047,41.768007,APAD
BKB-413,23.04856727,89.62433748,FCBK,coal,Khulna,Bangladesh,operating,"8,886.81",0.0097,86.202057,0.0068,60.430308,0.0046,40.879326,0.0047,41.768007,APAD
BKB-414,23.0499383,89.62496636,FCBK,coal,Khulna,Bangladesh,operating,"8,886.81",0.0097,86.202057,0.0068,60.430308,0.0046,40.879326,0.0047,41.768007,APAD
BKB-415,23.72815434,90.3148589,FCBK,coal,Dhaka,Bangladesh,operating,"8,886.81",0.0097,86.202057,0.0068,60.430308,0.0046,40.879326,0.0047,41.768007,APAD
BKB-416,22.96707152,89.66372028,FCBK,coal,Khulna,Bangladesh,operating,"8,886.81",0.0097,86.202057,0.0068,60.430308,0.0046,40.879326,0.0047,41.768007,APAD
BKB-417,22.88362269,90.48920112,FCBK,coal,Barisal,Bangladesh,operating,"8,886.81",0.0097,86.202057,0.0068,60.430308,0.0046,40.879326,0.0047,41.768007,APAD
BKB-418,22.61463888,89.09315684,FCBK,coal,Khulna,Bangladesh,operating,"8,886.81",0.0097,86.202057,0.0068,60.430308,0.0046,40.879326,0.0047,41.768007,APAD
BKB-419,23.95006242,89.2214444,FCBK,coal,Khulna,Bangladesh,operating,"8,886.81",0.0097,86.202057,0.0068,60.430308,0.0046,40.879326,0.0047,41.768007,APAD
BKB-420,22.80207123,90.3088268,FCBK,coal,Barisal,Bangladesh,operating,"8,886.81",0.0097,86.202057,0.0068,60.430308,0.0046,40.879326,0.0047,41.768007,APAD
BKB-421,22.87706151,89.56913283,FCBK,coal,Khulna,Bangladesh,operating,"8,886.81",0.0097,86.202057,0.0068,60.430308,0.0046,40.879326,0.0047,41.768007,APAD
BKB-422,23.19795416,90.31450978,FCBK,coal,Dhaka,Bangladesh,operating,"8,886.81",0.0097,86.202057,0.0068,60.430308,0.0046,40.879326,0.0047,41.768007,APAD
BKB-423,23.24548304,89.98334047,FCBK,coal,Dhaka,Bangladesh,operating,"8,886.81",0.0097,86.202057,0.0068,60.430308,0.0046,40.879326,0.0047,41.768007,APAD
BKB-424,23.64755611,90.31733706,FCBK,coal,Dhaka,Bangladesh,operating,"8,886.81",0.0097,86.202057,0.0068,60.430308,0.0046,40.879326,0.0047,41.768007,APAD
BKB-425,23.64750447,90.31724569,FCBK,coal,Dhaka,Bangladesh,operating,"8,886.81",0.0097,86.202057,0.0068,60.430308,0.0046,40.879326,0.0047,41.768007,APAD
BKB-426,22.51856527,89.25135253,FCBK,coal,Khulna,Bangladesh,operating,"8,886.81",0.0097,86.202057,0.0068,60.430308,0.0046,40.879326,0.0047,41.768007,APAD
BKB-427,23.09513824,90.27195896,FCBK,coal,Dhaka,Bangladesh,operating,"8,886.81",0.0097,86.202057,0.0068,60.430308,0.0046,40.879326,0.0047,41.768007,APAD
BKB-428,23.43885254,89.51271886,FCBK,coal,Khulna,Bangladesh,operating,"8,886.81",0.0097,86.202057,0.0068,60.430308,0.0046,40.879326,0.0047,41.768007,APAD
BKB-429,25.41094357,89.17771863,FCBK,coal,Rangpur,Bangladesh,operating,"8,886.81",0.0097,86.202057,0.0068,60.430308,0.0046,40.879326,0.0047,41.768007,APAD
BKB-430,25.41145536,89.1774445,FCBK,coal,Rangpur,Bangladesh,operating,"8,886.81",0.0097,86.202057,0.0068,60.430308,0.0046,40.879326,0.0047,41.768007,APAD
BKB-431,24.25435057,89.910249,FCBK,coal,Dhaka,Bangladesh,operating,"8,886.81",0.0097,86.202057,0.0068,60.430308,0.0046,40.879326,0.0047,41.768007,APAD
BKB-432,23.84252276,89.83258827,FCBK,coal,Dhaka,Bangladesh,operating,"8,886.81",0.0097,86.202057,0.0068,60.430308,0.0046,40.879326,0.0047,41.768007,APAD
BKB-433,23.7703146,89.05314089,FCBK,coal,Khulna,Bangladesh,operating,"8,886.81",0.0097,86.202057,0.0068,60.430308,0.0046,40.879326,0.0047,41.768007,APAD
BKB-434,23.13591649,89.28640689,FCBK,coal,Khulna,Bangladesh,operating,"8,886.81",0.0097,86.202057,0.0068,60.430308,0.0046,40.879326,0.0047,41.768007,APAD
BKB-435,23.78794212,90.12312594,FCBK,coal,Dhaka,Bangladesh,operating,"8,886.81",0.0097,86.202057,0.0068,60.430308,0.0046,40.879326,0.0047,41.768007,APAD
BKB-436,22.86776683,90.44138444,FCBK,coal,Barisal,Bangladesh,operating,"8,886.81",0.0097,86.202057,0.0068,60.430308,0.0046,40.879326,0.0047,41.768007,APAD
BKB-437,22.81006301,89.59192065,FCBK,coal,Khulna,Bangladesh,operating,"8,886.81",0.0097,86.202057,0.0068,60.430308,0.0046,40.879326,0.0047,41.768007,APAD
BKB-438,22.88492832,90.53644074,FCBK,coal,Barisal,Bangladesh,operating,"8,886.81",0.0097,86.202057,0.0068,60.430308,0.0046,40.879326,0.0047,41.768007,APAD
BKB-439,24.11838133,90.17547242,FCBK,coal,Dhaka,Bangladesh,operating,"8,886.81",0.0097,86.202057,0.0068,60.430308,0.0046,40.879326,0.0047,41.768007,APAD
BKB-440,24.11774276,90.17451567,FCBK,coal,Dhaka,Bangladesh,operating,"8,886.81",0.0097,86.202057,0.0068,60.430308,0.0046,40.879326,0.0047,41.768007,APAD
BKB-441,23.82645153,90.40850753,FCBK,coal,Dhaka,Bangladesh,operating,"8,886.81",0.0097,86.202057,0.0068,60.430308,0.0046,40.879326,0.0047,41.768007,APAD
BKB-442,23.09907566,89.17617033,FCBK,coal,Khulna,Bangladesh,operating,"8,886.81",0.0097,86.202057,0.0068,60.430308,0.0046,40.879326,0.0047,41.768007,APAD
BKB-443,22.90042008,89.56763368,FCBK,coal,Khulna,Bangladesh,operating,"8,886.81",0.0097,86.202057,0.0068,60.430308,0.0046,40.879326,0.0047,41.768007,APAD
BKB-444,23.24664273,89.62388796,FCBK,coal,Khulna,Bangladesh,operating,"8,886.81",0.0097,86.202057,0.0068,60.430308,0.0046,40.879326,0.0047,41.768007,APAD
BKB-445,22.81942122,89.59935803,FCBK,coal,Khulna,Bangladesh,operating,"8,886.81",0.0097,86.202057,0.0068,60.430308,0.0046,40.879326,0.0047,41.768007,APAD
BKB-446,22.82125239,89.60118016,FCBK,coal,Khulna,Bangladesh,operating,"8,886.81",0.0097,86.202057,0.0068,60.430308,0.0046,40.879326,0.0047,41.768007,APAD
BKB-447,22.82282532,89.59863778,FCBK,coal,Khulna,Bangladesh,operating,"8,886.81",0.0097,86.202057,0.0068,60.430308,0.0046,40.879326,0.0047,41.768007,APAD
BKB-448,25.10260161,88.63639065,FCBK,coal,Rajshahi,Bangladesh,operating,"8,886.81",0.0097,86.202057,0.0068,60.430308,0.0046,40.879326,0.0047,41.768007,APAD
BKB-449,23.43354819,89.53383575,FCBK,coal,Khulna,Bangladesh,operating,"8,886.81",0.0097,86.202057,0.0068,60.430308,0.0046,40.879326,0.0047,41.768007,APAD
BKB-450,23.5003461,89.46235058,FCBK,coal,Khulna,Bangladesh,operating,"8,886.81",0.0097,86.202057,0.0068,60.430308,0.0046,40.879326,0.0047,41.768007,APAD
BKB-451,25.05339349,90.00495699,FCBK,coal,Mymensingh,Bangladesh,operating,"8,886.81",0.0097,86.202057,0.0068,60.430308,0.0046,40.879326,0.0047,41.768007,APAD
BKB-452,25.05782586,90.00493549,FCBK,coal,Mymensingh,Bangladesh,operating,"8,886.81",0.0097,86.202057,0.0068,60.430308,0.0046,40.879326,0.0047,41.768007,APAD
BKB-453,22.81881698,89.6131559,FCBK,coal,Khulna,Bangladesh,operating,"8,886.81",0.0097,86.202057,0.0068,60.430308,0.0046,40.879326,0.0047,41.768007,APAD
BKB-454,22.79291833,90.30666579,FCBK,coal,Barisal,Bangladesh,operating,"8,886.81",0.0097,86.202057,0.0068,60.430308,0.0046,40.879326,0.0047,41.768007,APAD
BKB-455,23.09029866,89.99113238,FCBK,coal,Dhaka,Bangladesh,operating,"8,886.81",0.0097,86.202057,0.0068,60.430308,0.0046,40.879326,0.0047,41.768007,APAD
BKB-456,23.84735076,89.04573546,FCBK,coal,Khulna,Bangladesh,operating,"8,886.81",0.0097,86.202057,0.0068,60.430308,0.0046,40.879326,0.0047,41.768007,APAD
BKB-457,23.84737893,89.04406921,FCBK,coal,Khulna,Bangladesh,operating,"8,886.81",0.0097,86.202057,0.0068,60.430308,0.0046,40.879326,0.0047,41.768007,APAD
BKB-458,23.84747284,89.04482708,FCBK,coal,Khulna,Bangladesh,operating,"8,886.81",0.0097,86.202057,0.0068,60.430308,0.0046,40.879326,0.0047,41.768007,APAD
BKB-459,23.8459561,89.7339118,FCBK,coal,Dhaka,Bangladesh,operating,"8,886.81",0.0097,86.202057,0.0068,60.430308,0.0046,40.879326,0.0047,41.768007,APAD
BKB-460,22.92797811,90.2399366,FCBK,coal,Barisal,Bangladesh,operating,"8,886.81",0.0097,86.202057,0.0068,60.430308,0.0046,40.879326,0.0047,41.768007,APAD
BKB-461,22.89348828,89.56849929,FCBK,coal,Khulna,Bangladesh,operating,"8,886.81",0.0097,86.202057,0.0068,60.430308,0.0046,40.879326,0.0047,41.768007,APAD
BKB-462,22.89720697,89.56909054,FCBK,coal,Khulna,Bangladesh,operating,"8,886.81",0.0097,86.202057,0.0068,60.430308,0.0046,40.879326,0.0047,41.768007,APAD
BKB-463,23.45687427,89.5726613,FCBK,coal,Khulna,Bangladesh,operating,"8,886.81",0.0097,86.202057,0.0068,60.430308,0.0046,40.879326,0.0047,41.768007,APAD
BKB-464,22.83568402,89.80983943,FCBK,coal,Khulna,Bangladesh,operating,"8,886.81",0.0097,86.202057,0.0068,60.430308,0.0046,40.879326,0.0047,41.768007,APAD
BKB-465,23.19091092,90.21008628,FCBK,coal,Dhaka,Bangladesh,operating,"8,886.81",0.0097,86.202057,0.0068,60.430308,0.0046,40.879326,0.0047,41.768007,APAD
BKB-466,22.84525174,89.72103861,FCBK,coal,Khulna,Bangladesh,operating,"8,886.81",0.0097,86.202057,0.0068,60.430308,0.0046,40.879326,0.0047,41.768007,APAD
BKB-467,23.79163875,90.32153777,FCBK,coal,Dhaka,Bangladesh,operating,"8,886.81",0.0097,86.202057,0.0068,60.430308,0.0046,40.879326,0.0047,41.768007,APAD
BKB-468,23.54848626,89.77442916,FCBK,coal,Dhaka,Bangladesh,operating,"8,886.81",0.0097,86.202057,0.0068,60.430308,0.0046,40.879326,0.0047,41.768007,APAD
BKB-469,23.82658707,90.43708352,FCBK,coal,Dhaka,Bangladesh,operating,"8,886.81",0.0097,86.202057,0.0068,60.430308,0.0046,40.879326,0.0047,41.768007,APAD
BKB-470,24.62454239,90.11544733,FCBK,coal,Dhaka,Bangladesh,operating,"8,886.81",0.0097,86.202057,0.0068,60.430308,0.0046,40.879326,0.0047,41.768007,APAD
BKB-471,23.05625065,89.43392726,FCBK,coal,Khulna,Bangladesh,operating,"8,886.81",0.0097,86.202057,0.0068,60.430308,0.0046,40.879326,0.0047,41.768007,APAD
BKB-472,22.9660285,90.50182566,FCBK,coal,Barisal,Bangladesh,operating,"8,886.81",0.0097,86.202057,0.0068,60.430308,0.0046,40.879326,0.0047,41.768007,APAD
BKB-473,22.94384285,90.40880223,FCBK,coal,Barisal,Bangladesh,operating,"8,886.81",0.0097,86.202057,0.0068,60.430308,0.0046,40.879326,0.0047,41.768007,APAD
BKB-474,23.26702721,89.62288301,FCBK,coal,Khulna,Bangladesh,operating,"8,886.81",0.0097,86.202057,0.0068,60.430308,0.0046,40.879326,0.0047,41.768007,APAD
BKB-475,23.47544864,89.50677907,FCBK,coal,Khulna,Bangladesh,operating,"8,886.81",0.0097,86.202057,0.0068,60.430308,0.0046,40.879326,0.0047,41.768007,APAD
BKB-476,22.54123833,89.18488631,FCBK,coal,Khulna,Bangladesh,operating,"8,886.81",0.0097,86.202057,0.0068,60.430308,0.0046,40.879326,0.0047,41.768007,APAD
BKB-477,22.78281154,90.14909704,FCBK,coal,Barisal,Bangladesh,operating,"8,886.81",0.0097,86.202057,0.0068,60.430308,0.0046,40.879326,0.0047,41.768007,APAD
BKB-478,23.46616385,89.55819405,FCBK,coal,Khulna,Bangladesh,operating,"8,886.81",0.0097,86.202057,0.0068,60.430308,0.0046,40.879326,0.0047,41.768007,APAD
BKB-479,23.73272513,89.62047741,FCBK,coal,Dhaka,Bangladesh,operating,"8,886.81",0.0097,86.202057,0.0068,60.430308,0.0046,40.879326,0.0047,41.768007,APAD
BKB-480,22.87638179,90.44209888,FCBK,coal,Barisal,Bangladesh,operating,"8,886.81",0.0097,86.202057,0.0068,60.430308,0.0046,40.879326,0.0047,41.768007,APAD
BKB-481,22.78691003,90.16723534,FCBK,coal,Barisal,Bangladesh,operating,"8,886.81",0.0097,86.202057,0.0068,60.430308,0.0046,40.879326,0.0047,41.768007,APAD
BKB-482,22.86123619,90.28262973,FCBK,coal,Barisal,Bangladesh,operating,"8,886.81",0.0097,86.202057,0.0068,60.430308,0.0046,40.879326,0.0047,41.768007,APAD
BKB-483,23.7773718,90.31904083,FCBK,coal,Dhaka,Bangladesh,operating,"8,886.81",0.0097,86.202057,0.0068,60.430308,0.0046,40.879326,0.0047,41.768007,APAD
BKB-484,23.63198345,88.65817078,FCBK,coal,Khulna,Bangladesh,operating,"8,886.81",0.0097,86.202057,0.0068,60.430308,0.0046,40.879326,0.0047,41.768007,APAD
BKB-485,23.34749308,89.52761364,FCBK,coal,Khulna,Bangladesh,operating,"8,886.81",0.0097,86.202057,0.0068,60.430308,0.0046,40.879326,0.0047,41.768007,APAD
BKB-486,23.66037285,89.98364082,FCBK,coal,Dhaka,Bangladesh,operating,"8,886.81",0.0097,86.202057,0.0068,60.430308,0.0046,40.879326,0.0047,41.768007,APAD
BKB-487,24.81563006,88.47133131,FCBK,coal,Rajshahi,Bangladesh,operating,"8,886.81",0.0097,86.202057,0.0068,60.430308,0.0046,40.879326,0.0047,41.768007,APAD
BKB-488,22.54841838,88.99342031,FCBK,coal,Khulna,Bangladesh,operating,"8,886.81",0.0097,86.202057,0.0068,60.430308,0.0046,40.879326,0.0047,41.768007,APAD
BKB-489,22.97297385,89.79682779,FCBK,coal,Khulna,Bangladesh,operating,"8,886.81",0.0097,86.202057,0.0068,60.430308,0.0046,40.879326,0.0047,41.768007,APAD
BKB-490,23.84267952,88.63769925,FCBK,coal,Khulna,Bangladesh,operating,"8,886.81",0.0097,86.202057,0.0068,60.430308,0.0046,40.879326,0.0047,41.768007,APAD
BKB-491,23.84285324,88.63780137,FCBK,coal,Khulna,Bangladesh,operating,"8,886.81",0.0097,86.202057,0.0068,60.430308,0.0046,40.879326,0.0047,41.768007,APAD
BKB-492,22.78025248,90.13026996,FCBK,coal,Barisal,Bangladesh,operating,"8,886.81",0.0097,86.202057,0.0068,60.430308,0.0046,40.879326,0.0047,41.768007,APAD
BKB-493,23.02739891,89.84471844,FCBK,coal,Dhaka,Bangladesh,operating,"8,886.81",0.0097,86.202057,0.0068,60.430308,0.0046,40.879326,0.0047,41.768007,APAD
BKB-494,22.76004908,89.09774312,FCBK,coal,Khulna,Bangladesh,operating,"8,886.81",0.0097,86.202057,0.0068,60.430308,0.0046,40.879326,0.0047,41.768007,APAD
BKB-495,24.14103433,89.5125211,FCBK,coal,Rajshahi,Bangladesh,operating,"8,886.81",0.0097,86.202057,0.0068,60.430308,0.0046,40.879326,0.0047,41.768007,APAD
BKB-496,22.9624724,89.29414111,FCBK,coal,Khulna,Bangladesh,operating,"8,886.81",0.0097,86.202057,0.0068,60.430308,0.0046,40.879326,0.0047,41.768007,APAD
BKB-497,23.69938883,89.00706589,FCBK,coal,Khulna,Bangladesh,operating,"8,886.81",0.0097,86.202057,0.0068,60.430308,0.0046,40.879326,0.0047,41.768007,APAD
BKB-498,23.02786384,89.75202647,FCBK,coal,Khulna,Bangladesh,operating,"8,886.81",0.0097,86.202057,0.0068,60.430308,0.0046,40.879326,0.0047,41.768007,APAD
BKB-499,23.85707349,89.19333344,FCBK,coal,Khulna,Bangladesh,operating,"8,886.81",0.0097,86.202057,0.0068,60.430308,0.0046,40.879326,0.0047,41.768007,APAD
BKB-500,23.69911051,88.64286155,FCBK,coal,Khulna,Bangladesh,operating,"8,886.81",0.0097,86.202057,0.0068,60.430308,0.0046,40.879326,0.0047,41.768007,APAD
BKB-501,24.37880362,88.56469234,FCBK,coal,Rajshahi,Bangladesh,operating,"8,886.81",0.0097,86.202057,0.0068,60.430308,0.0046,40.879326,0.0047,41.768007,APAD
BKB-502,22.77553257,89.32778613,FCBK,coal,Khulna,Bangladesh,operating,"8,886.81",0.0097,86.202057,0.0068,60.430308,0.0046,40.879326,0.0047,41.768007,APAD
BKB-503,22.62353976,89.09215626,FCBK,coal,Khulna,Bangladesh,operating,"8,886.81",0.0097,86.202057,0.0068,60.430308,0.0046,40.879326,0.0047,41.768007,APAD
BKB-504,22.70322093,89.01383431,FCBK,coal,Khulna,Bangladesh,operating,"8,886.81",0.0097,86.202057,0.0068,60.430308,0.0046,40.879326,0.0047,41.768007,APAD
BKB-505,23.62583512,90.38809065,FCBK,coal,Dhaka,Bangladesh,operating,"8,886.81",0.0097,86.202057,0.0068,60.430308,0.0046,40.879326,0.0047,41.768007,APAD
BKB-506,22.96347102,90.40187744,FCBK,coal,Barisal,Bangladesh,operating,"8,886.81",0.0097,86.202057,0.0068,60.430308,0.0046,40.879326,0.0047,41.768007,APAD
BKB-507,22.68665696,89.10270893,FCBK,coal,Khulna,Bangladesh,operating,"8,886.81",0.0097,86.202057,0.0068,60.430308,0.0046,40.879326,0.0047,41.768007,APAD
BKB-508,22.63984515,89.14747439,FCBK,coal,Khulna,Bangladesh,operating,"8,886.81",0.0097,86.202057,0.0068,60.430308,0.0046,40.879326,0.0047,41.768007,APAD
BKB-509,22.61448525,89.0333941,FCBK,coal,Khulna,Bangladesh,operating,"8,886.81",0.0097,86.202057,0.0068,60.430308,0.0046,40.879326,0.0047,41.768007,APAD
BKB-510,22.99983722,89.20771,FCBK,coal,Khulna,Bangladesh,operating,"8,886.81",0.0097,86.202057,0.0068,60.430308,0.0046,40.879326,0.0047,41.768007,APAD
BKB-511,22.75347654,89.04737065,FCBK,coal,Khulna,Bangladesh,operating,"8,886.81",0.0097,86.202057,0.0068,60.430308,0.0046,40.879326,0.0047,41.768007,APAD
BKB-512,22.75810611,89.04491427,FCBK,coal,Khulna,Bangladesh,operating,"8,886.81",0.0097,86.202057,0.0068,60.430308,0.0046,40.879326,0.0047,41.768007,APAD
BKB-513,23.78470308,89.9079882,FCBK,coal,Dhaka,Bangladesh,operating,"8,886.81",0.0097,86.202057,0.0068,60.430308,0.0046,40.879326,0.0047,41.768007,APAD
BKB-514,23.70984284,90.50826489,FCBK,coal,Dhaka,Bangladesh,operating,"8,886.81",0.0097,86.202057,0.0068,60.430308,0.0046,40.879326,0.0047,41.768007,APAD
BKB-515,22.63914865,88.98027744,FCBK,coal,Khulna,Bangladesh,operating,"8,886.81",0.0097,86.202057,0.0068,60.430308,0.0046,40.879326,0.0047,41.768007,APAD
BKB-516,23.2699776,88.98065542,FCBK,coal,Khulna,Bangladesh,operating,"8,886.81",0.0097,86.202057,0.0068,60.430308,0.0046,40.879326,0.0047,41.768007,APAD
BKB-517,22.9097682,89.14927814,FCBK,coal,Khulna,Bangladesh,operating,"8,886.81",0.0097,86.202057,0.0068,60.430308,0.0046,40.879326,0.0047,41.768007,APAD
BKB-518,22.84770537,89.69339865,FCBK,coal,Khulna,Bangladesh,operating,"8,886.81",0.0097,86.202057,0.0068,60.430308,0.0046,40.879326,0.0047,41.768007,APAD
BKB-519,23.01623462,89.56432749,FCBK,coal,Khulna,Bangladesh,operating,"8,886.81",0.0097,86.202057,0.0068,60.430308,0.0046,40.879326,0.0047,41.768007,APAD
BKB-520,23.45410468,88.9599363,FCBK,coal,Khulna,Bangladesh,operating,"8,886.81",0.0097,86.202057,0.0068,60.430308,0.0046,40.879326,0.0047,41.768007,APAD
BKB-521,23.91549041,90.15645358,FCBK,coal,Dhaka,Bangladesh,operating,"8,886.81",0.0097,86.202057,0.0068,60.430308,0.0046,40.879326,0.0047,41.768007,APAD
BKB-522,23.91650929,90.15787795,FCBK,coal,Dhaka,Bangladesh,operating,"8,886.81",0.0097,86.202057,0.0068,60.430308,0.0046,40.879326,0.0047,41.768007,APAD
BKB-523,23.23632163,89.85632095,FCBK,coal,Dhaka,Bangladesh,operating,"8,886.81",0.0097,86.202057,0.0068,60.430308,0.0046,40.879326,0.0047,41.768007,APAD
BKB-524,22.94228782,90.40716412,FCBK,coal,Barisal,Bangladesh,operating,"8,886.81",0.0097,86.202057,0.0068,60.430308,0.0046,40.879326,0.0047,41.768007,APAD
BKB-525,22.92493781,89.63797487,FCBK,coal,Khulna,Bangladesh,operating,"8,886.81",0.0097,86.202057,0.0068,60.430308,0.0046,40.879326,0.0047,41.768007,APAD
BKB-526,23.46302678,88.95596326,FCBK,coal,Khulna,Bangladesh,operating,"8,886.81",0.0097,86.202057,0.0068,60.430308,0.0046,40.879326,0.0047,41.768007,APAD
BKB-527,22.77215928,89.4736854,FCBK,coal,Khulna,Bangladesh,operating,"8,886.81",0.0097,86.202057,0.0068,60.430308,0.0046,40.879326,0.0047,41.768007,APAD
BKB-528,23.06001375,89.47824867,FCBK,coal,Khulna,Bangladesh,operating,"8,886.81",0.0097,86.202057,0.0068,60.430308,0.0046,40.879326,0.0047,41.768007,APAD
BKB-529,23.65466167,90.45026715,FCBK,coal,Dhaka,Bangladesh,operating,"8,886.81",0.0097,86.202057,0.0068,60.430308,0.0046,40.879326,0.0047,41.768007,APAD
BKB-530,22.82602142,89.25665996,FCBK,coal,Khulna,Bangladesh,operating,"8,886.81",0.0097,86.202057,0.0068,60.430308,0.0046,40.879326,0.0047,41.768007,APAD
BKB-531,23.76999281,90.32472943,FCBK,coal,Dhaka,Bangladesh,operating,"8,886.81",0.0097,86.202057,0.0068,60.430308,0.0046,40.879326,0.0047,41.768007,APAD
BKB-532,24.76169183,89.39341271,FCBK,coal,Rajshahi,Bangladesh,operating,"8,886.81",0.0097,86.202057,0.0068,60.430308,0.0046,40.879326,0.0047,41.768007,APAD
BKB-533,22.95299688,90.48794971,FCBK,coal,Barisal,Bangladesh,operating,"8,886.81",0.0097,86.202057,0.0068,60.430308,0.0046,40.879326,0.0047,41.768007,APAD
BKB-534,23.68929872,89.31131949,FCBK,coal,Khulna,Bangladesh,operating,"8,886.81",0.0097,86.202057,0.0068,60.430308,0.0046,40.879326,0.0047,41.768007,APAD
BKB-535,23.81455615,88.67127163,FCBK,coal,Khulna,Bangladesh,operating,"8,886.81",0.0097,86.202057,0.0068,60.430308,0.0046,40.879326,0.0047,41.768007,APAD
BKB-536,22.7973433,89.06528042,FCBK,coal,Khulna,Bangladesh,operating,"8,886.81",0.0097,86.202057,0.0068,60.430308,0.0046,40.879326,0.0047,41.768007,APAD
BKB-537,23.01007544,89.21068721,FCBK,coal,Khulna,Bangladesh,operating,"8,886.81",0.0097,86.202057,0.0068,60.430308,0.0046,40.879326,0.0047,41.768007,APAD
BKB-538,23.01068114,89.21470234,FCBK,coal,Khulna,Bangladesh,operating,"8,886.81",0.0097,86.202057,0.0068,60.430308,0.0046,40.879326,0.0047,41.768007,APAD
BKB-539,22.99500186,89.22835615,FCBK,coal,Khulna,Bangladesh,operating,"8,886.81",0.0097,86.202057,0.0068,60.430308,0.0046,40.879326,0.0047,41.768007,APAD
BKB-540,23.81028717,90.30995187,FCBK,coal,Dhaka,Bangladesh,operating,"8,886.81",0.0097,86.202057,0.0068,60.430308,0.0046,40.879326,0.0047,41.768007,APAD
BKB-541,23.80709333,88.71487296,FCBK,coal,Khulna,Bangladesh,operating,"8,886.81",0.0097,86.202057,0.0068,60.430308,0.0046,40.879326,0.0047,41.768007,APAD
BKB-542,23.80399912,88.71743146,FCBK,coal,Khulna,Bangladesh,operating,"8,886.81",0.0097,86.202057,0.0068,60.430308,0.0046,40.879326,0.0047,41.768007,APAD
BKB-543,22.87002019,89.76712393,FCBK,coal,Khulna,Bangladesh,operating,"8,886.81",0.0097,86.202057,0.0068,60.430308,0.0046,40.879326,0.0047,41.768007,APAD
BKB-544,23.72469257,90.43728379,FCBK,coal,Dhaka,Bangladesh,operating,"8,886.81",0.0097,86.202057,0.0068,60.430308,0.0046,40.879326,0.0047,41.768007,APAD
BKB-545,23.40545838,89.57591113,FCBK,coal,Khulna,Bangladesh,operating,"8,886.81",0.0097,86.202057,0.0068,60.430308,0.0046,40.879326,0.0047,41.768007,APAD
BKB-546,24.0307826,88.96451517,FCBK,coal,Khulna,Bangladesh,operating,"8,886.81",0.0097,86.202057,0.0068,60.430308,0.0046,40.879326,0.0047,41.768007,APAD
BKB-547,23.03018393,89.75595125,FCBK,coal,Dhaka,Bangladesh,operating,"8,886.81",0.0097,86.202057,0.0068,60.430308,0.0046,40.879326,0.0047,41.768007,APAD
BKB-548,25.46738267,89.39543695,FCBK,coal,Rangpur,Bangladesh,operating,"8,886.81",0.0097,86.202057,0.0068,60.430308,0.0046,40.879326,0.0047,41.768007,APAD
BKB-549,23.01009301,89.76011086,FCBK,coal,Khulna,Bangladesh,operating,"8,886.81",0.0097,86.202057,0.0068,60.430308,0.0046,40.879326,0.0047,41.768007,APAD
BKB-550,23.22767145,89.87665108,FCBK,coal,Dhaka,Bangladesh,operating,"8,886.81",0.0097,86.202057,0.0068,60.430308,0.0046,40.879326,0.0047,41.768007,APAD
BKB-551,22.86266653,89.61272865,FCBK,coal,Khulna,Bangladesh,operating,"8,886.81",0.0097,86.202057,0.0068,60.430308,0.0046,40.879326,0.0047,41.768007,APAD
BKB-552,23.343031,89.73831193,FCBK,coal,Dhaka,Bangladesh,operating,"8,886.81",0.0097,86.202057,0.0068,60.430308,0.0046,40.879326,0.0047,41.768007,APAD
BKB-553,23.2969686,90.30936773,FCBK,coal,Dhaka,Bangladesh,operating,"8,886.81",0.0097,86.202057,0.0068,60.430308,0.0046,40.879326,0.0047,41.768007,APAD
BKB-554,23.05169048,89.90019181,FCBK,coal,Dhaka,Bangladesh,operating,"8,886.81",0.0097,86.202057,0.0068,60.430308,0.0046,40.879326,0.0047,41.768007,APAD
BKB-555,24.09047275,90.13859282,FCBK,coal,Dhaka,Bangladesh,operating,"8,886.81",0.0097,86.202057,0.0068,60.430308,0.0046,40.879326,0.0047,41.768007,APAD
BKB-556,23.80434878,88.62724232,FCBK,coal,Khulna,Bangladesh,operating,"8,886.81",0.0097,86.202057,0.0068,60.430308,0.0046,40.879326,0.0047,41.768007,APAD
BKB-557,23.50375818,88.92424001,FCBK,coal,Khulna,Bangladesh,operating,"8,886.81",0.0097,86.202057,0.0068,60.430308,0.0046,40.879326,0.0047,41.768007,APAD
BKB-558,23.38424072,89.61800478,FCBK,coal,Dhaka,Bangladesh,operating,"8,886.81",0.0097,86.202057,0.0068,60.430308,0.0046,40.879326,0.0047,41.768007,APAD
BKB-559,23.00290262,89.98200024,FCBK,coal,Dhaka,Bangladesh,operating,"8,886.81",0.0097,86.202057,0.0068,60.430308,0.0046,40.879326,0.0047,41.768007,APAD
BKB-560,23.04107521,89.53673277,FCBK,coal,Khulna,Bangladesh,operating,"8,886.81",0.0097,86.202057,0.0068,60.430308,0.0046,40.879326,0.0047,41.768007,APAD
BKB-561,23.04104234,89.53610927,FCBK,coal,Khulna,Bangladesh,operating,"8,886.81",0.0097,86.202057,0.0068,60.430308,0.0046,40.879326,0.0047,41.768007,APAD
BKB-562,22.90790472,88.98217616,FCBK,coal,Khulna,Bangladesh,operating,"8,886.81",0.0097,86.202057,0.0068,60.430308,0.0046,40.879326,0.0047,41.768007,APAD
BKB-563,23.13419184,89.87444558,FCBK,coal,Dhaka,Bangladesh,operating,"8,886.81",0.0097,86.202057,0.0068,60.430308,0.0046,40.879326,0.0047,41.768007,APAD
BKB-564,22.97440824,89.62068853,FCBK,coal,Khulna,Bangladesh,operating,"8,886.81",0.0097,86.202057,0.0068,60.430308,0.0046,40.879326,0.0047,41.768007,APAD
BKB-565,23.74382676,89.13447035,FCBK,coal,Khulna,Bangladesh,operating,"8,886.81",0.0097,86.202057,0.0068,60.430308,0.0046,40.879326,0.0047,41.768007,APAD
BKB-566,23.94586423,90.15292489,FCBK,coal,Dhaka,Bangladesh,operating,"8,886.81",0.0097,86.202057,0.0068,60.430308,0.0046,40.879326,0.0047,41.768007,APAD
BKB-567,23.94736673,90.15223152,FCBK,coal,Dhaka,Bangladesh,operating,"8,886.81",0.0097,86.202057,0.0068,60.430308,0.0046,40.879326,0.0047,41.768007,APAD
BKB-568,23.94805225,90.15695077,FCBK,coal,Dhaka,Bangladesh,operating,"8,886.81",0.0097,86.202057,0.0068,60.430308,0.0046,40.879326,0.0047,41.768007,APAD
BKB-569,22.88918181,89.64428193,FCBK,coal,Khulna,Bangladesh,operating,"8,886.81",0.0097,86.202057,0.0068,60.430308,0.0046,40.879326,0.0047,41.768007,APAD
BKB-570,24.03266195,89.08773889,FCBK,coal,Rajshahi,Bangladesh,operating,"8,886.81",0.0097,86.202057,0.0068,60.430308,0.0046,40.879326,0.0047,41.768007,APAD
BKB-571,23.8536213,89.21234182,FCBK,coal,Khulna,Bangladesh,operating,"8,886.81",0.0097,86.202057,0.0068,60.430308,0.0046,40.879326,0.0047,41.768007,APAD
BKB-572,23.51336165,89.48884598,FCBK,coal,Khulna,Bangladesh,operating,"8,886.81",0.0097,86.202057,0.0068,60.430308,0.0046,40.879326,0.0047,41.768007,APAD
BKB-573,23.51490172,89.49045848,FCBK,coal,Khulna,Bangladesh,operating,"8,886.81",0.0097,86.202057,0.0068,60.430308,0.0046,40.879326,0.0047,41.768007,APAD
BKB-574,23.04233513,89.75576997,FCBK,coal,Dhaka,Bangladesh,operating,"8,886.81",0.0097,86.202057,0.0068,60.430308,0.0046,40.879326,0.0047,41.768007,APAD
BKB-575,23.04280466,89.75070134,FCBK,coal,Dhaka,Bangladesh,operating,"8,886.81",0.0097,86.202057,0.0068,60.430308,0.0046,40.879326,0.0047,41.768007,APAD
BKB-576,23.04064013,89.75521097,FCBK,coal,Dhaka,Bangladesh,operating,"8,886.81",0.0097,86.202057,0.0068,60.430308,0.0046,40.879326,0.0047,41.768007,APAD
BKB-577,22.91007167,89.45256019,FCBK,coal,Khulna,Bangladesh,operating,"8,886.81",0.0097,86.202057,0.0068,60.430308,0.0046,40.879326,0.0047,41.768007,APAD
BKB-578,23.13414497,89.88366058,FCBK,coal,Dhaka,Bangladesh,operating,"8,886.81",0.0097,86.202057,0.0068,60.430308,0.0046,40.879326,0.0047,41.768007,APAD
BKB-579,23.76288512,89.1208137,FCBK,coal,Khulna,Bangladesh,operating,"8,886.81",0.0097,86.202057,0.0068,60.430308,0.0046,40.879326,0.0047,41.768007,APAD
BKB-580,23.15076977,89.83514773,FCBK,coal,Dhaka,Bangladesh,operating,"8,886.81",0.0097,86.202057,0.0068,60.430308,0.0046,40.879326,0.0047,41.768007,APAD
BKB-581,23.17272722,89.84391136,FCBK,coal,Dhaka,Bangladesh,operating,"8,886.81",0.0097,86.202057,0.0068,60.430308,0.0046,40.879326,0.0047,41.768007,APAD
BKB-582,23.68974934,89.24119588,FCBK,coal,Khulna,Bangladesh,operating,"8,886.81",0.0097,86.202057,0.0068,60.430308,0.0046,40.879326,0.0047,41.768007,APAD
BKB-583,22.93572494,89.9023554,FCBK,coal,Dhaka,Bangladesh,operating,"8,886.81",0.0097,86.202057,0.0068,60.430308,0.0046,40.879326,0.0047,41.768007,APAD
BKB-584,25.09919539,89.00792627,FCBK,coal,Rajshahi,Bangladesh,operating,"8,886.81",0.0097,86.202057,0.0068,60.430308,0.0046,40.879326,0.0047,41.768007,APAD
BKB-585,24.27986437,89.47922462,FCBK,coal,Rajshahi,Bangladesh,operating,"8,886.81",0.0097,86.202057,0.0068,60.430308,0.0046,40.879326,0.0047,41.768007,APAD
BKB-586,23.31842361,88.97207658,FCBK,coal,Khulna,Bangladesh,operating,"8,886.81",0.0097,86.202057,0.0068,60.430308,0.0046,40.879326,0.0047,41.768007,APAD
BKB-587,23.15575469,89.51833697,FCBK,coal,Khulna,Bangladesh,operating,"8,886.81",0.0097,86.202057,0.0068,60.430308,0.0046,40.879326,0.0047,41.768007,APAD
BKB-588,24.59604062,89.31740714,FCBK,coal,Rajshahi,Bangladesh,operating,"8,886.81",0.0097,86.202057,0.0068,60.430308,0.0046,40.879326,0.0047,41.768007,APAD
BKB-589,23.64870201,90.27225834,FCBK,coal,Dhaka,Bangladesh,operating,"8,886.81",0.0097,86.202057,0.0068,60.430308,0.0046,40.879326,0.0047,41.768007,APAD
BKB-590,23.53315784,89.28124003,FCBK,coal,Khulna,Bangladesh,operating,"8,886.81",0.0097,86.202057,0.0068,60.430308,0.0046,40.879326,0.0047,41.768007,APAD
BKB-591,23.14666389,89.31445702,FCBK,coal,Khulna,Bangladesh,operating,"8,886.81",0.0097,86.202057,0.0068,60.430308,0.0046,40.879326,0.0047,41.768007,APAD
BKB-592,23.91625988,90.16518059,FCBK,coal,Dhaka,Bangladesh,operating,"8,886.81",0.0097,86.202057,0.0068,60.430308,0.0046,40.879326,0.0047,41.768007,APAD
BKB-593,23.47186984,89.43000081,FCBK,coal,Khulna,Bangladesh,operating,"8,886.81",0.0097,86.202057,0.0068,60.430308,0.0046,40.879326,0.0047,41.768007,APAD
BKB-594,23.572044,89.1333708,FCBK,coal,Khulna,Bangladesh,operating,"8,886.81",0.0097,86.202057,0.0068,60.430308,0.0046,40.879326,0.0047,41.768007,APAD
BKB-595,25.06475511,89.00282318,FCBK,coal,Rajshahi,Bangladesh,operating,"8,886.81",0.0097,86.202057,0.0068,60.430308,0.0046,40.879326,0.0047,41.768007,APAD
BKB-596,23.35617765,90.16344867,FCBK,coal,Dhaka,Bangladesh,operating,"8,886.81",0.0097,86.202057,0.0068,60.430308,0.0046,40.879326,0.0047,41.768007,APAD
BKB-597,23.04250788,89.74390331,FCBK,coal,Khulna,Bangladesh,operating,"8,886.81",0.0097,86.202057,0.0068,60.430308,0.0046,40.879326,0.0047,41.768007,APAD
BKB-598,23.20881439,89.65871091,FCBK,coal,Khulna,Bangladesh,operating,"8,886.81",0.0097,86.202057,0.0068,60.430308,0.0046,40.879326,0.0047,41.768007,APAD
BKB-599,23.00134497,89.49107878,FCBK,coal,Khulna,Bangladesh,operating,"8,886.81",0.0097,86.202057,0.0068,60.430308,0.0046,40.879326,0.0047,41.768007,APAD
BKB-600,23.53187698,89.61769062,FCBK,coal,Dhaka,Bangladesh,operating,"8,886.81",0.0097,86.202057,0.0068,60.430308,0.0046,40.879326,0.0047,41.768007,APAD
BKB-601,24.02373712,89.01414594,FCBK,coal,Khulna,Bangladesh,operating,"8,886.81",0.0097,86.202057,0.0068,60.430308,0.0046,40.879326,0.0047,41.768007,APAD
BKB-602,23.53307491,90.61582207,FCBK,coal,Dhaka,Bangladesh,operating,"8,886.81",0.0097,86.202057,0.0068,60.430308,0.0046,40.879326,0.0047,41.768007,APAD
BKB-603,23.36907516,89.19385347,FCBK,coal,Khulna,Bangladesh,operating,"8,886.81",0.0097,86.202057,0.0068,60.430308,0.0046,40.879326,0.0047,41.768007,APAD
BKB-604,23.89117474,88.71940622,FCBK,coal,Khulna,Bangladesh,operating,"8,886.81",0.0097,86.202057,0.0068,60.430308,0.0046,40.879326,0.0047,41.768007,APAD
BKB-605,25.02920166,88.70021181,FCBK,coal,Rajshahi,Bangladesh,operating,"8,886.81",0.0097,86.202057,0.0068,60.430308,0.0046,40.879326,0.0047,41.768007,APAD
BKB-606,24.79862151,89.39701605,FCBK,coal,Rajshahi,Bangladesh,operating,"8,886.81",0.0097,86.202057,0.0068,60.430308,0.0046,40.879326,0.0047,41.768007,APAD
BKB-607,24.00302202,88.88520562,FCBK,coal,Khulna,Bangladesh,operating,"8,886.81",0.0097,86.202057,0.0068,60.430308,0.0046,40.879326,0.0047,41.768007,APAD
BKB-608,22.97442159,89.26313131,FCBK,coal,Khulna,Bangladesh,operating,"8,886.81",0.0097,86.202057,0.0068,60.430308,0.0046,40.879326,0.0047,41.768007,APAD
BKB-609,23.16713626,90.23520632,FCBK,coal,Dhaka,Bangladesh,operating,"8,886.81",0.0097,86.202057,0.0068,60.430308,0.0046,40.879326,0.0047,41.768007,APAD
BKB-610,23.12848453,90.48674213,FCBK,coal,Dhaka,Bangladesh,operating,"8,886.81",0.0097,86.202057,0.0068,60.430308,0.0046,40.879326,0.0047,41.768007,APAD
BKB-611,22.90327889,89.18351263,FCBK,coal,Khulna,Bangladesh,operating,"8,886.81",0.0097,86.202057,0.0068,60.430308,0.0046,40.879326,0.0047,41.768007,APAD
BKB-612,23.07172864,89.21752641,FCBK,coal,Khulna,Bangladesh,operating,"8,886.81",0.0097,86.202057,0.0068,60.430308,0.0046,40.879326,0.0047,41.768007,APAD
BKB-613,23.90262783,89.61805883,FCBK,coal,Rajshahi,Bangladesh,operating,"8,886.81",0.0097,86.202057,0.0068,60.430308,0.0046,40.879326,0.0047,41.768007,APAD
BKB-614,23.83049206,90.48532864,FCBK,coal,Dhaka,Bangladesh,operating,"8,886.81",0.0097,86.202057,0.0068,60.430308,0.0046,40.879326,0.0047,41.768007,APAD
BKB-615,23.83008356,90.4819639,FCBK,coal,Dhaka,Bangladesh,operating,"8,886.81",0.0097,86.202057,0.0068,60.430308,0.0046,40.879326,0.0047,41.768007,APAD
BKB-616,23.61772196,90.44314636,FCBK,coal,Dhaka,Bangladesh,operating,"8,886.81",0.0097,86.202057,0.0068,60.430308,0.0046,40.879326,0.0047,41.768007,APAD
BKB-617,23.71376061,90.32430283,FCBK,coal,Dhaka,Bangladesh,operating,"8,886.81",0.0097,86.202057,0.0068,60.430308,0.0046,40.879326,0.0047,41.768007,APAD
BKB-618,23.40191843,89.46211459,FCBK,coal,Khulna,Bangladesh,operating,"8,886.81",0.0097,86.202057,0.0068,60.430308,0.0046,40.879326,0.0047,41.768007,APAD
BKB-619,23.00022095,89.2077263,FCBK,coal,Khulna,Bangladesh,operating,"8,886.81",0.0097,86.202057,0.0068,60.430308,0.0046,40.879326,0.0047,41.768007,APAD
BKB-620,23.03491999,89.04534868,FCBK,coal,Khulna,Bangladesh,operating,"8,886.81",0.0097,86.202057,0.0068,60.430308,0.0046,40.879326,0.0047,41.768007,APAD
BKB-621,23.1377513,89.58564789,FCBK,coal,Khulna,Bangladesh,operating,"8,886.81",0.0097,86.202057,0.0068,60.430308,0.0046,40.879326,0.0047,41.768007,APAD
BKB-622,23.78705855,90.41974622,FCBK,coal,Dhaka,Bangladesh,operating,"8,886.81",0.0097,86.202057,0.0068,60.430308,0.0046,40.879326,0.0047,41.768007,APAD
BKB-623,23.18722024,90.20317067,FCBK,coal,Dhaka,Bangladesh,operating,"8,886.81",0.0097,86.202057,0.0068,60.430308,0.0046,40.879326,0.0047,41.768007,APAD
BKB-624,23.32979666,90.16047841,FCBK,coal,Dhaka,Bangladesh,operating,"8,886.81",0.0097,86.202057,0.0068,60.430308,0.0046,40.879326,0.0047,41.768007,APAD
BKB-625,23.03864816,89.24956408,FCBK,coal,Khulna,Bangladesh,operating,"8,886.81",0.0097,86.202057,0.0068,60.430308,0.0046,40.879326,0.0047,41.768007,APAD
BKB-626,22.87202866,89.06534502,FCBK,coal,Khulna,Bangladesh,operating,"8,886.81",0.0097,86.202057,0.0068,60.430308,0.0046,40.879326,0.0047,41.768007,APAD
BKB-627,25.83406477,89.25081194,FCBK,coal,Rangpur,Bangladesh,operating,"8,886.81",0.0097,86.202057,0.0068,60.430308,0.0046,40.879326,0.0047,41.768007,APAD
BKB-628,24.02601225,88.97400865,FCBK,coal,Khulna,Bangladesh,operating,"8,886.81",0.0097,86.202057,0.0068,60.430308,0.0046,40.879326,0.0047,41.768007,APAD
BKB-629,23.17497565,89.65367334,FCBK,coal,Khulna,Bangladesh,operating,"8,886.81",0.0097,86.202057,0.0068,60.430308,0.0046,40.879326,0.0047,41.768007,APAD
BKB-630,23.69948833,89.59462625,FCBK,coal,Dhaka,Bangladesh,operating,"8,886.81",0.0097,86.202057,0.0068,60.430308,0.0046,40.879326,0.0047,41.768007,APAD
BKB-631,24.06985781,89.6705323,FCBK,coal,Rajshahi,Bangladesh,operating,"8,886.81",0.0097,86.202057,0.0068,60.430308,0.0046,40.879326,0.0047,41.768007,APAD
BKB-632,24.37500899,88.6679502,FCBK,coal,Rajshahi,Bangladesh,operating,"8,886.81",0.0097,86.202057,0.0068,60.430308,0.0046,40.879326,0.0047,41.768007,APAD
BKB-633,24.43349596,89.88572276,FCBK,coal,Dhaka,Bangladesh,operating,"8,886.81",0.0097,86.202057,0.0068,60.430308,0.0046,40.879326,0.0047,41.768007,APAD
BKB-634,24.47156232,90.09051274,FCBK,coal,Dhaka,Bangladesh,operating,"8,886.81",0.0097,86.202057,0.0068,60.430308,0.0046,40.879326,0.0047,41.768007,APAD
BKB-635,23.20171494,90.21352119,FCBK,coal,Dhaka,Bangladesh,operating,"8,886.81",0.0097,86.202057,0.0068,60.430308,0.0046,40.879326,0.0047,41.768007,APAD
BKB-636,23.61876313,89.45341842,FCBK,coal,Khulna,Bangladesh,operating,"8,886.81",0.0097,86.202057,0.0068,60.430308,0.0046,40.879326,0.0047,41.768007,APAD
BKB-637,23.02747167,89.25040361,FCBK,coal,Khulna,Bangladesh,operating,"8,886.81",0.0097,86.202057,0.0068,60.430308,0.0046,40.879326,0.0047,41.768007,APAD
BKB-638,23.02674859,89.24946836,FCBK,coal,Khulna,Bangladesh,operating,"8,886.81",0.0097,86.202057,0.0068,60.430308,0.0046,40.879326,0.0047,41.768007,APAD
BKB-639,23.9733478,90.04625554,FCBK,coal,Dhaka,Bangladesh,operating,"8,886.81",0.0097,86.202057,0.0068,60.430308,0.0046,40.879326,0.0047,41.768007,APAD
BKB-640,23.33216146,89.59874664,FCBK,coal,Khulna,Bangladesh,operating,"8,886.81",0.0097,86.202057,0.0068,60.430308,0.0046,40.879326,0.0047,41.768007,APAD
BKB-641,23.57901099,89.12830271,FCBK,coal,Khulna,Bangladesh,operating,"8,886.81",0.0097,86.202057,0.0068,60.430308,0.0046,40.879326,0.0047,41.768007,APAD
BKB-642,23.67863015,88.6756871,FCBK,coal,Khulna,Bangladesh,operating,"8,886.81",0.0097,86.202057,0.0068,60.430308,0.0046,40.879326,0.0047,41.768007,APAD
BKB-643,23.19315533,90.21038814,FCBK,coal,Dhaka,Bangladesh,operating,"8,886.81",0.0097,86.202057,0.0068,60.430308,0.0046,40.879326,0.0047,41.768007,APAD
BKB-644,23.89088691,90.21196464,FCBK,coal,Dhaka,Bangladesh,operating,"8,886.81",0.0097,86.202057,0.0068,60.430308,0.0046,40.879326,0.0047,41.768007,APAD
BKB-645,24.05468775,89.06656303,FCBK,coal,Rajshahi,Bangladesh,operating,"8,886.81",0.0097,86.202057,0.0068,60.430308,0.0046,40.879326,0.0047,41.768007,APAD
BKB-646,23.81358105,89.10598719,FCBK,coal,Khulna,Bangladesh,operating,"8,886.81",0.0097,86.202057,0.0068,60.430308,0.0046,40.879326,0.0047,41.768007,APAD
BKB-647,23.51895475,88.80293772,FCBK,coal,Khulna,Bangladesh,operating,"8,886.81",0.0097,86.202057,0.0068,60.430308,0.0046,40.879326,0.0047,41.768007,APAD
BKB-648,23.75066341,90.35030733,FCBK,coal,Dhaka,Bangladesh,operating,"8,886.81",0.0097,86.202057,0.0068,60.430308,0.0046,40.879326,0.0047,41.768007,APAD
BKB-649,24.76016905,88.32118211,FCBK,coal,Rajshahi,Bangladesh,operating,"8,886.81",0.0097,86.202057,0.0068,60.430308,0.0046,40.879326,0.0047,41.768007,APAD
BKB-650,23.3995181,90.20464252,FCBK,coal,Dhaka,Bangladesh,operating,"8,886.81",0.0097,86.202057,0.0068,60.430308,0.0046,40.879326,0.0047,41.768007,APAD
BKB-651,23.47449567,88.8681877,FCBK,coal,Khulna,Bangladesh,operating,"8,886.81",0.0097,86.202057,0.0068,60.430308,0.0046,40.879326,0.0047,41.768007,APAD
BKB-652,23.70209781,89.67831623,FCBK,coal,Dhaka,Bangladesh,operating,"8,886.81",0.0097,86.202057,0.0068,60.430308,0.0046,40.879326,0.0047,41.768007,APAD
BKB-653,23.46409275,89.57943349,FCBK,coal,Khulna,Bangladesh,operating,"8,886.81",0.0097,86.202057,0.0068,60.430308,0.0046,40.879326,0.0047,41.768007,APAD
BKB-654,23.24771037,89.87795734,FCBK,coal,Dhaka,Bangladesh,operating,"8,886.81",0.0097,86.202057,0.0068,60.430308,0.0046,40.879326,0.0047,41.768007,APAD
BKB-655,23.50035842,89.48773032,FCBK,coal,Khulna,Bangladesh,operating,"8,886.81",0.0097,86.202057,0.0068,60.430308,0.0046,40.879326,0.0047,41.768007,APAD
BKB-656,23.50271547,89.48505357,FCBK,coal,Khulna,Bangladesh,operating,"8,886.81",0.0097,86.202057,0.0068,60.430308,0.0046,40.879326,0.0047,41.768007,APAD
BKB-657,23.76659214,88.60585846,FCBK,coal,Khulna,Bangladesh,operating,"8,886.81",0.0097,86.202057,0.0068,60.430308,0.0046,40.879326,0.0047,41.768007,APAD
BKB-658,23.20313458,89.84498075,FCBK,coal,Dhaka,Bangladesh,operating,"8,886.81",0.0097,86.202057,0.0068,60.430308,0.0046,40.879326,0.0047,41.768007,APAD
BKB-659,23.45631232,89.55978538,FCBK,coal,Khulna,Bangladesh,operating,"8,886.81",0.0097,86.202057,0.0068,60.430308,0.0046,40.879326,0.0047,41.768007,APAD
BKB-660,23.83055147,90.48533561,FCBK,coal,Dhaka,Bangladesh,operating,"8,886.81",0.0097,86.202057,0.0068,60.430308,0.0046,40.879326,0.0047,41.768007,APAD
BKB-661,23.63700306,90.32872588,FCBK,coal,Dhaka,Bangladesh,operating,"8,886.81",0.0097,86.202057,0.0068,60.430308,0.0046,40.879326,0.0047,41.768007,APAD
BKB-662,23.7709235,90.31363134,FCBK,coal,Dhaka,Bangladesh,operating,"8,886.81",0.0097,86.202057,0.0068,60.430308,0.0046,40.879326,0.0047,41.768007,APAD
BKB-663,23.75437201,90.19550551,FCBK,coal,Dhaka,Bangladesh,operating,"8,886.81",0.0097,86.202057,0.0068,60.430308,0.0046,40.879326,0.0047,41.768007,APAD
BKB-664,23.99758081,89.22533429,FCBK,coal,Rajshahi,Bangladesh,operating,"8,886.81",0.0097,86.202057,0.0068,60.430308,0.0046,40.879326,0.0047,41.768007,APAD
BKB-665,23.71829958,88.61771401,FCBK,coal,Khulna,Bangladesh,operating,"8,886.81",0.0097,86.202057,0.0068,60.430308,0.0046,40.879326,0.0047,41.768007,APAD
BKB-666,23.7383537,90.35526683,FCBK,coal,Dhaka,Bangladesh,operating,"8,886.81",0.0097,86.202057,0.0068,60.430308,0.0046,40.879326,0.0047,41.768007,APAD
BKB-667,23.82082104,89.27442448,FCBK,coal,Khulna,Bangladesh,operating,"8,886.81",0.0097,86.202057,0.0068,60.430308,0.0046,40.879326,0.0047,41.768007,APAD
BKB-668,23.63089111,89.19442321,FCBK,coal,Khulna,Bangladesh,operating,"8,886.81",0.0097,86.202057,0.0068,60.430308,0.0046,40.879326,0.0047,41.768007,APAD
BKB-669,23.22241506,89.15784625,FCBK,coal,Khulna,Bangladesh,operating,"8,886.81",0.0097,86.202057,0.0068,60.430308,0.0046,40.879326,0.0047,41.768007,APAD
BKB-670,23.22117549,89.15924376,FCBK,coal,Khulna,Bangladesh,operating,"8,886.81",0.0097,86.202057,0.0068,60.430308,0.0046,40.879326,0.0047,41.768007,APAD
BKB-671,23.59048812,90.34607871,FCBK,coal,Dhaka,Bangladesh,operating,"8,886.81",0.0097,86.202057,0.0068,60.430308,0.0046,40.879326,0.0047,41.768007,APAD
BKB-672,23.11082906,89.59794402,FCBK,coal,Khulna,Bangladesh,operating,"8,886.81",0.0097,86.202057,0.0068,60.430308,0.0046,40.879326,0.0047,41.768007,APAD
BKB-673,24.76164352,88.29112583,FCBK,coal,Rajshahi,Bangladesh,operating,"8,886.81",0.0097,86.202057,0.0068,60.430308,0.0046,40.879326,0.0047,41.768007,APAD
BKB-674,24.6378447,88.70122971,FCBK,coal,Rajshahi,Bangladesh,operating,"8,886.81",0.0097,86.202057,0.0068,60.430308,0.0046,40.879326,0.0047,41.768007,APAD
BKB-675,23.5076188,90.29039146,FCBK,coal,Dhaka,Bangladesh,operating,"8,886.81",0.0097,86.202057,0.0068,60.430308,0.0046,40.879326,0.0047,41.768007,APAD
BKB-676,23.52260002,89.47346814,FCBK,coal,Khulna,Bangladesh,operating,"8,886.81",0.0097,86.202057,0.0068,60.430308,0.0046,40.879326,0.0047,41.768007,APAD
BKB-677,23.65086487,89.55656955,FCBK,coal,Dhaka,Bangladesh,operating,"8,886.81",0.0097,86.202057,0.0068,60.430308,0.0046,40.879326,0.0047,41.768007,APAD
BKB-678,23.65012301,89.55771443,FCBK,coal,Dhaka,Bangladesh,operating,"8,886.81",0.0097,86.202057,0.0068,60.430308,0.0046,40.879326,0.0047,41.768007,APAD
BKB-679,23.77294764,90.36800873,FCBK,coal,Dhaka,Bangladesh,operating,"8,886.81",0.0097,86.202057,0.0068,60.430308,0.0046,40.879326,0.0047,41.768007,APAD
BKB-680,23.77300399,90.36800873,FCBK,coal,Dhaka,Bangladesh,operating,"8,886.81",0.0097,86.202057,0.0068,60.430308,0.0046,40.879326,0.0047,41.768007,APAD
BKB-681,23.91267661,88.72266371,FCBK,coal,Khulna,Bangladesh,operating,"8,886.81",0.0097,86.202057,0.0068,60.430308,0.0046,40.879326,0.0047,41.768007,APAD
BKB-682,23.92893602,89.14425404,FCBK,coal,Khulna,Bangladesh,operating,"8,886.81",0.0097,86.202057,0.0068,60.430308,0.0046,40.879326,0.0047,41.768007,APAD
BKB-683,24.23142268,89.52641254,FCBK,coal,Rajshahi,Bangladesh,operating,"8,886.81",0.0097,86.202057,0.0068,60.430308,0.0046,40.879326,0.0047,41.768007,APAD
BKB-684,23.55837971,89.14829954,FCBK,coal,Khulna,Bangladesh,operating,"8,886.81",0.0097,86.202057,0.0068,60.430308,0.0046,40.879326,0.0047,41.768007,APAD
BKB-685,23.55803696,89.14369316,FCBK,coal,Khulna,Bangladesh,operating,"8,886.81",0.0097,86.202057,0.0068,60.430308,0.0046,40.879326,0.0047,41.768007,APAD
BKB-686,23.55697582,89.14408554,FCBK,coal,Khulna,Bangladesh,operating,"8,886.81",0.0097,86.202057,0.0068,60.430308,0.0046,40.879326,0.0047,41.768007,APAD
BKB-687,23.14020998,89.84805425,FCBK,coal,Dhaka,Bangladesh,operating,"8,886.81",0.0097,86.202057,0.0068,60.430308,0.0046,40.879326,0.0047,41.768007,APAD
BKB-688,23.80772646,89.27592184,FCBK,coal,Khulna,Bangladesh,operating,"8,886.81",0.0097,86.202057,0.0068,60.430308,0.0046,40.879326,0.0047,41.768007,APAD
BKB-689,23.70215382,90.44978647,FCBK,coal,Dhaka,Bangladesh,operating,"8,886.81",0.0097,86.202057,0.0068,60.430308,0.0046,40.879326,0.0047,41.768007,APAD
BKB-690,23.46546523,89.95087539,FCBK,coal,Dhaka,Bangladesh,operating,"8,886.81",0.0097,86.202057,0.0068,60.430308,0.0046,40.879326,0.0047,41.768007,APAD
BKB-691,23.80395303,89.39306425,FCBK,coal,Dhaka,Bangladesh,operating,"8,886.81",0.0097,86.202057,0.0068,60.430308,0.0046,40.879326,0.0047,41.768007,APAD
BKB-692,23.81726901,90.42539512,FCBK,coal,Dhaka,Bangladesh,operating,"8,886.81",0.0097,86.202057,0.0068,60.430308,0.0046,40.879326,0.0047,41.768007,APAD
BKB-693,23.7910563,88.77581092,FCBK,coal,Khulna,Bangladesh,operating,"8,886.81",0.0097,86.202057,0.0068,60.430308,0.0046,40.879326,0.0047,41.768007,APAD
BKB-694,23.88590986,89.16931966,FCBK,coal,Khulna,Bangladesh,operating,"8,886.81",0.0097,86.202057,0.0068,60.430308,0.0046,40.879326,0.0047,41.768007,APAD
BKB-695,24.61098325,88.69384517,FCBK,coal,Rajshahi,Bangladesh,operating,"8,886.81",0.0097,86.202057,0.0068,60.430308,0.0046,40.879326,0.0047,41.768007,APAD
BKB-696,23.55547065,88.79234676,FCBK,coal,Khulna,Bangladesh,operating,"8,886.81",0.0097,86.202057,0.0068,60.430308,0.0046,40.879326,0.0047,41.768007,APAD
BKB-697,23.89928673,90.19936494,FCBK,coal,Dhaka,Bangladesh,operating,"8,886.81",0.0097,86.202057,0.0068,60.430308,0.0046,40.879326,0.0047,41.768007,APAD
BKB-698,23.63376165,90.06120082,FCBK,coal,Dhaka,Bangladesh,operating,"8,886.81",0.0097,86.202057,0.0068,60.430308,0.0046,40.879326,0.0047,41.768007,APAD
BKB-699,23.74993051,90.2059707,FCBK,coal,Dhaka,Bangladesh,operating,"8,886.81",0.0097,86.202057,0.0068,60.430308,0.0046,40.879326,0.0047,41.768007,APAD
BKB-700,24.32887998,90.01368086,FCBK,coal,Dhaka,Bangladesh,operating,"8,886.81",0.0097,86.202057,0.0068,60.430308,0.0046,40.879326,0.0047,41.768007,APAD
BKB-701,23.45970414,88.9713794,FCBK,coal,Khulna,Bangladesh,operating,"8,886.81",0.0097,86.202057,0.0068,60.430308,0.0046,40.879326,0.0047,41.768007,APAD
BKB-702,23.35560564,89.53662434,FCBK,coal,Khulna,Bangladesh,operating,"8,886.81",0.0097,86.202057,0.0068,60.430308,0.0046,40.879326,0.0047,41.768007,APAD
BKB-703,23.17037604,89.19645319,FCBK,coal,Khulna,Bangladesh,operating,"8,886.81",0.0097,86.202057,0.0068,60.430308,0.0046,40.879326,0.0047,41.768007,APAD
BKB-704,23.25855475,89.6307363,FCBK,coal,Khulna,Bangladesh,operating,"8,886.81",0.0097,86.202057,0.0068,60.430308,0.0046,40.879326,0.0047,41.768007,APAD
BKB-705,23.77316792,90.33215868,FCBK,coal,Dhaka,Bangladesh,operating,"8,886.81",0.0097,86.202057,0.0068,60.430308,0.0046,40.879326,0.0047,41.768007,APAD
BKB-706,24.65361732,88.42945762,FCBK,coal,Rajshahi,Bangladesh,operating,"8,886.81",0.0097,86.202057,0.0068,60.430308,0.0046,40.879326,0.0047,41.768007,APAD
BKB-707,23.15309556,89.54290979,FCBK,coal,Khulna,Bangladesh,operating,"8,886.81",0.0097,86.202057,0.0068,60.430308,0.0046,40.879326,0.0047,41.768007,APAD
BKB-708,23.84768601,89.04404046,FCBK,coal,Khulna,Bangladesh,operating,"8,886.81",0.0097,86.202057,0.0068,60.430308,0.0046,40.879326,0.0047,41.768007,APAD
BKB-709,24.01404181,89.02410432,FCBK,coal,Khulna,Bangladesh,operating,"8,886.81",0.0097,86.202057,0.0068,60.430308,0.0046,40.879326,0.0047,41.768007,APAD
BKB-710,24.60739046,88.41264089,FCBK,coal,Rajshahi,Bangladesh,operating,"8,886.81",0.0097,86.202057,0.0068,60.430308,0.0046,40.879326,0.0047,41.768007,APAD
BKB-711,23.26268187,88.84122414,FCBK,coal,Khulna,Bangladesh,operating,"8,886.81",0.0097,86.202057,0.0068,60.430308,0.0046,40.879326,0.0047,41.768007,APAD
BKB-712,23.88757501,89.75045771,FCBK,coal,Dhaka,Bangladesh,operating,"8,886.81",0.0097,86.202057,0.0068,60.430308,0.0046,40.879326,0.0047,41.768007,APAD
BKB-713,23.0405421,89.21168167,FCBK,coal,Khulna,Bangladesh,operating,"8,886.81",0.0097,86.202057,0.0068,60.430308,0.0046,40.879326,0.0047,41.768007,APAD
BKB-714,23.63876619,89.62110159,FCBK,coal,Dhaka,Bangladesh,operating,"8,886.81",0.0097,86.202057,0.0068,60.430308,0.0046,40.879326,0.0047,41.768007,APAD
BKB-715,23.79989798,90.35528964,FCBK,coal,Dhaka,Bangladesh,operating,"8,886.81",0.0097,86.202057,0.0068,60.430308,0.0046,40.879326,0.0047,41.768007,APAD
BKB-716,23.79718076,89.16497284,FCBK,coal,Khulna,Bangladesh,operating,"8,886.81",0.0097,86.202057,0.0068,60.430308,0.0046,40.879326,0.0047,41.768007,APAD
BKB-717,23.09369129,89.07553757,FCBK,coal,Khulna,Bangladesh,operating,"8,886.81",0.0097,86.202057,0.0068,60.430308,0.0046,40.879326,0.0047,41.768007,APAD
BKB-718,23.76557767,88.76645013,FCBK,coal,Khulna,Bangladesh,operating,"8,886.81",0.0097,86.202057,0.0068,60.430308,0.0046,40.879326,0.0047,41.768007,APAD
BKB-719,23.40090971,89.6133333,FCBK,coal,Khulna,Bangladesh,operating,"8,886.81",0.0097,86.202057,0.0068,60.430308,0.0046,40.879326,0.0047,41.768007,APAD
BKB-720,23.40217744,89.61314518,FCBK,coal,Khulna,Bangladesh,operating,"8,886.81",0.0097,86.202057,0.0068,60.430308,0.0046,40.879326,0.0047,41.768007,APAD
BKB-721,23.63316179,90.36895055,FCBK,coal,Dhaka,Bangladesh,operating,"8,886.81",0.0097,86.202057,0.0068,60.430308,0.0046,40.879326,0.0047,41.768007,APAD
BKB-722,24.01724204,89.09069361,FCBK,coal,Rajshahi,Bangladesh,operating,"8,886.81",0.0097,86.202057,0.0068,60.430308,0.0046,40.879326,0.0047,41.768007,APAD
BKB-723,24.01915303,89.08572174,FCBK,coal,Rajshahi,Bangladesh,operating,"8,886.81",0.0097,86.202057,0.0068,60.430308,0.0046,40.879326,0.0047,41.768007,APAD
BKB-724,24.01740168,89.08797386,FCBK,coal,Rajshahi,Bangladesh,operating,"8,886.81",0.0097,86.202057,0.0068,60.430308,0.0046,40.879326,0.0047,41.768007,APAD
BKB-725,24.0183783,89.08514661,FCBK,coal,Rajshahi,Bangladesh,operating,"8,886.81",0.0097,86.202057,0.0068,60.430308,0.0046,40.879326,0.0047,41.768007,APAD
BKB-726,23.16673218,89.09427562,FCBK,coal,Khulna,Bangladesh,operating,"8,886.81",0.0097,86.202057,0.0068,60.430308,0.0046,40.879326,0.0047,41.768007,APAD
BKB-727,23.86977451,89.86620403,FCBK,coal,Dhaka,Bangladesh,operating,"8,886.81",0.0097,86.202057,0.0068,60.430308,0.0046,40.879326,0.0047,41.768007,APAD
BKB-728,23.86941766,89.86626852,FCBK,coal,Dhaka,Bangladesh,operating,"8,886.81",0.0097,86.202057,0.0068,60.430308,0.0046,40.879326,0.0047,41.768007,APAD
BKB-729,23.87035658,89.38313675,FCBK,coal,Dhaka,Bangladesh,operating,"8,886.81",0.0097,86.202057,0.0068,60.430308,0.0046,40.879326,0.0047,41.768007,APAD
BKB-730,23.73138481,90.32450644,FCBK,coal,Dhaka,Bangladesh,operating,"8,886.81",0.0097,86.202057,0.0068,60.430308,0.0046,40.879326,0.0047,41.768007,APAD
BKB-731,23.47881228,89.9829711,FCBK,coal,Dhaka,Bangladesh,operating,"8,886.81",0.0097,86.202057,0.0068,60.430308,0.0046,40.879326,0.0047,41.768007,APAD
BKB-732,23.32729946,88.94545798,FCBK,coal,Khulna,Bangladesh,operating,"8,886.81",0.0097,86.202057,0.0068,60.430308,0.0046,40.879326,0.0047,41.768007,APAD
BKB-733,24.07522099,89.24371688,FCBK,coal,Rajshahi,Bangladesh,operating,"8,886.81",0.0097,86.202057,0.0068,60.430308,0.0046,40.879326,0.0047,41.768007,APAD
BKB-734,24.76903488,88.86489747,FCBK,coal,Rajshahi,Bangladesh,operating,"8,886.81",0.0097,86.202057,0.0068,60.430308,0.0046,40.879326,0.0047,41.768007,APAD
BKB-735,23.8525848,89.93295744,FCBK,coal,Dhaka,Bangladesh,operating,"8,886.81",0.0097,86.202057,0.0068,60.430308,0.0046,40.879326,0.0047,41.768007,APAD
BKB-736,23.19477722,89.67940313,FCBK,coal,Khulna,Bangladesh,operating,"8,886.81",0.0097,86.202057,0.0068,60.430308,0.0046,40.879326,0.0047,41.768007,APAD
BKB-737,23.11740381,89.12402002,FCBK,coal,Khulna,Bangladesh,operating,"8,886.81",0.0097,86.202057,0.0068,60.430308,0.0046,40.879326,0.0047,41.768007,APAD
BKB-738,24.80033518,88.34800114,FCBK,coal,Rajshahi,Bangladesh,operating,"8,886.81",0.0097,86.202057,0.0068,60.430308,0.0046,40.879326,0.0047,41.768007,APAD
BKB-739,24.5140684,89.27086869,FCBK,coal,Rajshahi,Bangladesh,operating,"8,886.81",0.0097,86.202057,0.0068,60.430308,0.0046,40.879326,0.0047,41.768007,APAD
BKB-740,23.60787382,89.74448956,FCBK,coal,Dhaka,Bangladesh,operating,"8,886.81",0.0097,86.202057,0.0068,60.430308,0.0046,40.879326,0.0047,41.768007,APAD
BKB-741,23.64913674,89.9879467,FCBK,coal,Dhaka,Bangladesh,operating,"8,886.81",0.0097,86.202057,0.0068,60.430308,0.0046,40.879326,0.0047,41.768007,APAD
BKB-742,24.15353517,89.03531068,FCBK,coal,Rajshahi,Bangladesh,operating,"8,886.81",0.0097,86.202057,0.0068,60.430308,0.0046,40.879326,0.0047,41.768007,APAD
BKB-743,24.83817699,89.18879593,FCBK,coal,Rajshahi,Bangladesh,operating,"8,886.81",0.0097,86.202057,0.0068,60.430308,0.0046,40.879326,0.0047,41.768007,APAD
BKB-744,23.77376422,89.43645602,FCBK,coal,Dhaka,Bangladesh,operating,"8,886.81",0.0097,86.202057,0.0068,60.430308,0.0046,40.879326,0.0047,41.768007,APAD
BKB-745,24.01936645,88.87725898,FCBK,coal,Khulna,Bangladesh,operating,"8,886.81",0.0097,86.202057,0.0068,60.430308,0.0046,40.879326,0.0047,41.768007,APAD
BKB-746,23.91433239,90.1294974,FCBK,coal,Dhaka,Bangladesh,operating,"8,886.81",0.0097,86.202057,0.0068,60.430308,0.0046,40.879326,0.0047,41.768007,APAD
BKB-747,23.92164857,90.33372255,FCBK,coal,Dhaka,Bangladesh,operating,"8,886.81",0.0097,86.202057,0.0068,60.430308,0.0046,40.879326,0.0047,41.768007,APAD
BKB-748,23.91956855,90.33471693,FCBK,coal,Dhaka,Bangladesh,operating,"8,886.81",0.0097,86.202057,0.0068,60.430308,0.0046,40.879326,0.0047,41.768007,APAD
BKB-749,23.61332917,90.43738751,FCBK,coal,Dhaka,Bangladesh,operating,"8,886.81",0.0097,86.202057,0.0068,60.430308,0.0046,40.879326,0.0047,41.768007,APAD
BKB-750,23.9171435,89.93070855,FCBK,coal,Dhaka,Bangladesh,operating,"8,886.81",0.0097,86.202057,0.0068,60.430308,0.0046,40.879326,0.0047,41.768007,APAD
BKB-751,23.76652602,90.42237137,FCBK,coal,Dhaka,Bangladesh,operating,"8,886.81",0.0097,86.202057,0.0068,60.430308,0.0046,40.879326,0.0047,41.768007,APAD
BKB-752,23.76677957,90.42422575,FCBK,coal,Dhaka,Bangladesh,operating,"8,886.81",0.0097,86.202057,0.0068,60.430308,0.0046,40.879326,0.0047,41.768007,APAD
BKB-753,23.43816856,89.51630115,FCBK,coal,Khulna,Bangladesh,operating,"8,886.81",0.0097,86.202057,0.0068,60.430308,0.0046,40.879326,0.0047,41.768007,APAD
BKB-754,23.43911232,89.51279666,FCBK,coal,Khulna,Bangladesh,operating,"8,886.81",0.0097,86.202057,0.0068,60.430308,0.0046,40.879326,0.0047,41.768007,APAD
BKB-755,24.01896776,89.07394544,FCBK,coal,Rajshahi,Bangladesh,operating,"8,886.81",0.0097,86.202057,0.0068,60.430308,0.0046,40.879326,0.0047,41.768007,APAD
BKB-756,24.01603319,89.07674581,FCBK,coal,Rajshahi,Bangladesh,operating,"8,886.81",0.0097,86.202057,0.0068,60.430308,0.0046,40.879326,0.0047,41.768007,APAD
BKB-757,24.01819304,89.07776169,FCBK,coal,Rajshahi,Bangladesh,operating,"8,886.81",0.0097,86.202057,0.0068,60.430308,0.0046,40.879326,0.0047,41.768007,APAD
BKB-758,24.01904289,89.07180619,FCBK,coal,Rajshahi,Bangladesh,operating,"8,886.81",0.0097,86.202057,0.0068,60.430308,0.0046,40.879326,0.0047,41.768007,APAD
BKB-759,24.04207981,89.06273137,FCBK,coal,Rajshahi,Bangladesh,operating,"8,886.81",0.0097,86.202057,0.0068,60.430308,0.0046,40.879326,0.0047,41.768007,APAD
BKB-760,24.04538165,89.74004804,FCBK,coal,Rajshahi,Bangladesh,operating,"8,886.81",0.0097,86.202057,0.0068,60.430308,0.0046,40.879326,0.0047,41.768007,APAD
BKB-761,23.45598889,89.46209104,FCBK,coal,Khulna,Bangladesh,operating,"8,886.81",0.0097,86.202057,0.0068,60.430308,0.0046,40.879326,0.0047,41.768007,APAD
BKB-762,23.98031397,88.98328308,FCBK,coal,Khulna,Bangladesh,operating,"8,886.81",0.0097,86.202057,0.0068,60.430308,0.0046,40.879326,0.0047,41.768007,APAD
BKB-763,23.77233905,89.85318193,FCBK,coal,Dhaka,Bangladesh,operating,"8,886.81",0.0097,86.202057,0.0068,60.430308,0.0046,40.879326,0.0047,41.768007,APAD
BKB-764,23.83588344,89.38273138,FCBK,coal,Dhaka,Bangladesh,operating,"8,886.81",0.0097,86.202057,0.0068,60.430308,0.0046,40.879326,0.0047,41.768007,APAD
BKB-765,23.93715233,89.87895486,FCBK,coal,Dhaka,Bangladesh,operating,"8,886.81",0.0097,86.202057,0.0068,60.430308,0.0046,40.879326,0.0047,41.768007,APAD
BKB-766,23.84113235,89.44685577,FCBK,coal,Dhaka,Bangladesh,operating,"8,886.81",0.0097,86.202057,0.0068,60.430308,0.0046,40.879326,0.0047,41.768007,APAD
BKB-767,24.16070074,89.28785459,FCBK,coal,Rajshahi,Bangladesh,operating,"8,886.81",0.0097,86.202057,0.0068,60.430308,0.0046,40.879326,0.0047,41.768007,APAD
BKB-768,23.80504064,88.70597026,FCBK,coal,Khulna,Bangladesh,operating,"8,886.81",0.0097,86.202057,0.0068,60.430308,0.0046,40.879326,0.0047,41.768007,APAD
BKB-769,23.49697179,89.45259554,FCBK,coal,Khulna,Bangladesh,operating,"8,886.81",0.0097,86.202057,0.0068,60.430308,0.0046,40.879326,0.0047,41.768007,APAD
BKB-770,24.11937161,90.17639032,FCBK,coal,Dhaka,Bangladesh,operating,"8,886.81",0.0097,86.202057,0.0068,60.430308,0.0046,40.879326,0.0047,41.768007,APAD
BKB-771,23.57078907,89.13981503,FCBK,coal,Khulna,Bangladesh,operating,"8,886.81",0.0097,86.202057,0.0068,60.430308,0.0046,40.879326,0.0047,41.768007,APAD
BKB-772,23.90915122,89.34338408,FCBK,coal,Rajshahi,Bangladesh,operating,"8,886.81",0.0097,86.202057,0.0068,60.430308,0.0046,40.879326,0.0047,41.768007,APAD
BKB-773,23.64749947,90.46295194,FCBK,coal,Dhaka,Bangladesh,operating,"8,886.81",0.0097,86.202057,0.0068,60.430308,0.0046,40.879326,0.0047,41.768007,APAD
BKB-774,23.65869336,90.37604866,FCBK,coal,Dhaka,Bangladesh,operating,"8,886.81",0.0097,86.202057,0.0068,60.430308,0.0046,40.879326,0.0047,41.768007,APAD
BKB-775,24.4268276,88.66604865,FCBK,coal,Rajshahi,Bangladesh,operating,"8,886.81",0.0097,86.202057,0.0068,60.430308,0.0046,40.879326,0.0047,41.768007,APAD
BKB-776,23.80127689,88.74670174,FCBK,coal,Khulna,Bangladesh,operating,"8,886.81",0.0097,86.202057,0.0068,60.430308,0.0046,40.879326,0.0047,41.768007,APAD
BKB-777,23.79856103,90.36633277,FCBK,coal,Dhaka,Bangladesh,operating,"8,886.81",0.0097,86.202057,0.0068,60.430308,0.0046,40.879326,0.0047,41.768007,APAD
BKB-778,23.47216702,89.43001073,FCBK,coal,Khulna,Bangladesh,operating,"8,886.81",0.0097,86.202057,0.0068,60.430308,0.0046,40.879326,0.0047,41.768007,APAD
BKB-779,23.42707819,89.55751328,FCBK,coal,Khulna,Bangladesh,operating,"8,886.81",0.0097,86.202057,0.0068,60.430308,0.0046,40.879326,0.0047,41.768007,APAD
BKB-780,24.25090672,89.32960186,FCBK,coal,Rajshahi,Bangladesh,operating,"8,886.81",0.0097,86.202057,0.0068,60.430308,0.0046,40.879326,0.0047,41.768007,APAD
BKB-781,23.42552169,89.44409023,FCBK,coal,Khulna,Bangladesh,operating,"8,886.81",0.0097,86.202057,0.0068,60.430308,0.0046,40.879326,0.0047,41.768007,APAD
BKB-782,23.807756,90.36879977,FCBK,coal,Dhaka,Bangladesh,operating,"8,886.81",0.0097,86.202057,0.0068,60.430308,0.0046,40.879326,0.0047,41.768007,APAD
BKB-783,24.73519519,88.32212266,FCBK,coal,Rajshahi,Bangladesh,operating,"8,886.81",0.0097,86.202057,0.0068,60.430308,0.0046,40.879326,0.0047,41.768007,APAD
BKB-784,23.69940576,89.5943141,FCBK,coal,Dhaka,Bangladesh,operating,"8,886.81",0.0097,86.202057,0.0068,60.430308,0.0046,40.879326,0.0047,41.768007,APAD
BKB-785,23.69938228,89.59392173,FCBK,coal,Dhaka,Bangladesh,operating,"8,886.81",0.0097,86.202057,0.0068,60.430308,0.0046,40.879326,0.0047,41.768007,APAD
BKB-786,23.77348805,89.24113451,FCBK,coal,Khulna,Bangladesh,operating,"8,886.81",0.0097,86.202057,0.0068,60.430308,0.0046,40.879326,0.0047,41.768007,APAD
BKB-787,24.06170796,90.09857599,FCBK,coal,Dhaka,Bangladesh,operating,"8,886.81",0.0097,86.202057,0.0068,60.430308,0.0046,40.879326,0.0047,41.768007,APAD
BKB-788,23.31029624,89.57721261,FCBK,coal,Khulna,Bangladesh,operating,"8,886.81",0.0097,86.202057,0.0068,60.430308,0.0046,40.879326,0.0047,41.768007,APAD
BKB-789,23.72995794,90.3935186,FCBK,coal,Dhaka,Bangladesh,operating,"8,886.81",0.0097,86.202057,0.0068,60.430308,0.0046,40.879326,0.0047,41.768007,APAD
BKB-790,23.75616952,88.60442787,FCBK,coal,Khulna,Bangladesh,operating,"8,886.81",0.0097,86.202057,0.0068,60.430308,0.0046,40.879326,0.0047,41.768007,APAD
BKB-791,23.60118937,90.61364293,FCBK,coal,Dhaka,Bangladesh,operating,"8,886.81",0.0097,86.202057,0.0068,60.430308,0.0046,40.879326,0.0047,41.768007,APAD
BKB-792,23.76831041,89.98617227,FCBK,coal,Dhaka,Bangladesh,operating,"8,886.81",0.0097,86.202057,0.0068,60.430308,0.0046,40.879326,0.0047,41.768007,APAD
BKB-793,23.43439043,89.48740666,FCBK,coal,Khulna,Bangladesh,operating,"8,886.81",0.0097,86.202057,0.0068,60.430308,0.0046,40.879326,0.0047,41.768007,APAD
BKB-794,23.99003866,89.19564302,FCBK,coal,Rajshahi,Bangladesh,operating,"8,886.81",0.0097,86.202057,0.0068,60.430308,0.0046,40.879326,0.0047,41.768007,APAD
BKB-795,23.71350346,90.08424398,FCBK,coal,Dhaka,Bangladesh,operating,"8,886.81",0.0097,86.202057,0.0068,60.430308,0.0046,40.879326,0.0047,41.768007,APAD
BKB-796,23.687195,90.43378678,FCBK,coal,Dhaka,Bangladesh,operating,"8,886.81",0.0097,86.202057,0.0068,60.430308,0.0046,40.879326,0.0047,41.768007,APAD
BKB-797,23.73382463,90.4180382,FCBK,coal,Dhaka,Bangladesh,operating,"8,886.81",0.0097,86.202057,0.0068,60.430308,0.0046,40.879326,0.0047,41.768007,APAD
BKB-798,24.37144657,88.68224025,FCBK,coal,Rajshahi,Bangladesh,operating,"8,886.81",0.0097,86.202057,0.0068,60.430308,0.0046,40.879326,0.0047,41.768007,APAD
BKB-799,23.66647442,89.18742588,FCBK,coal,Khulna,Bangladesh,operating,"8,886.81",0.0097,86.202057,0.0068,60.430308,0.0046,40.879326,0.0047,41.768007,APAD
BKB-800,23.85697759,90.43798469,FCBK,coal,Dhaka,Bangladesh,operating,"8,886.81",0.0097,86.202057,0.0068,60.430308,0.0046,40.879326,0.0047,41.768007,APAD
BKB-801,23.7226052,90.41859317,FCBK,coal,Dhaka,Bangladesh,operating,"8,886.81",0.0097,86.202057,0.0068,60.430308,0.0046,40.879326,0.0047,41.768007,APAD
BKB-802,23.72784047,90.4173408,FCBK,coal,Dhaka,Bangladesh,operating,"8,886.81",0.0097,86.202057,0.0068,60.430308,0.0046,40.879326,0.0047,41.768007,APAD
BKB-803,23.72786395,90.41681943,FCBK,coal,Dhaka,Bangladesh,operating,"8,886.81",0.0097,86.202057,0.0068,60.430308,0.0046,40.879326,0.0047,41.768007,APAD
BKB-804,23.75594623,88.63999043,FCBK,coal,Khulna,Bangladesh,operating,"8,886.81",0.0097,86.202057,0.0068,60.430308,0.0046,40.879326,0.0047,41.768007,APAD
BKB-805,23.8522832,89.22634593,FCBK,coal,Khulna,Bangladesh,operating,"8,886.81",0.0097,86.202057,0.0068,60.430308,0.0046,40.879326,0.0047,41.768007,APAD
BKB-806,23.75504266,89.61745939,FCBK,coal,Dhaka,Bangladesh,operating,"8,886.81",0.0097,86.202057,0.0068,60.430308,0.0046,40.879326,0.0047,41.768007,APAD
BKB-807,23.70071235,90.3395067,FCBK,coal,Dhaka,Bangladesh,operating,"8,886.81",0.0097,86.202057,0.0068,60.430308,0.0046,40.879326,0.0047,41.768007,APAD
BKB-808,23.81363274,89.10602004,FCBK,coal,Khulna,Bangladesh,operating,"8,886.81",0.0097,86.202057,0.0068,60.430308,0.0046,40.879326,0.0047,41.768007,APAD
BKB-809,23.42445366,89.52015302,FCBK,coal,Khulna,Bangladesh,operating,"8,886.81",0.0097,86.202057,0.0068,60.430308,0.0046,40.879326,0.0047,41.768007,APAD
BKB-810,23.68109977,89.30801046,FCBK,coal,Khulna,Bangladesh,operating,"8,886.81",0.0097,86.202057,0.0068,60.430308,0.0046,40.879326,0.0047,41.768007,APAD
BKB-811,24.00358347,88.97660129,FCBK,coal,Khulna,Bangladesh,operating,"8,886.81",0.0097,86.202057,0.0068,60.430308,0.0046,40.879326,0.0047,41.768007,APAD
BKB-812,23.81961511,90.24607246,FCBK,coal,Dhaka,Bangladesh,operating,"8,886.81",0.0097,86.202057,0.0068,60.430308,0.0046,40.879326,0.0047,41.768007,APAD
BKB-813,24.03263768,89.08746951,FCBK,coal,Rajshahi,Bangladesh,operating,"8,886.81",0.0097,86.202057,0.0068,60.430308,0.0046,40.879326,0.0047,41.768007,APAD
BKB-814,23.4285012,89.55472644,FCBK,coal,Khulna,Bangladesh,operating,"8,886.81",0.0097,86.202057,0.0068,60.430308,0.0046,40.879326,0.0047,41.768007,APAD
BKB-815,23.5759628,89.13141459,FCBK,coal,Khulna,Bangladesh,operating,"8,886.81",0.0097,86.202057,0.0068,60.430308,0.0046,40.879326,0.0047,41.768007,APAD
BKB-816,23.7669258,88.96174107,FCBK,coal,Khulna,Bangladesh,operating,"8,886.81",0.0097,86.202057,0.0068,60.430308,0.0046,40.879326,0.0047,41.768007,APAD
BKB-817,23.78494512,89.17357999,FCBK,coal,Khulna,Bangladesh,operating,"8,886.81",0.0097,86.202057,0.0068,60.430308,0.0046,40.879326,0.0047,41.768007,APAD
BKB-818,23.78447559,89.17605249,FCBK,coal,Khulna,Bangladesh,operating,"8,886.81",0.0097,86.202057,0.0068,60.430308,0.0046,40.879326,0.0047,41.768007,APAD
BKB-819,23.75360117,88.7393302,FCBK,coal,Khulna,Bangladesh,operating,"8,886.81",0.0097,86.202057,0.0068,60.430308,0.0046,40.879326,0.0047,41.768007,APAD
BKB-820,23.52887609,89.69567559,FCBK,coal,Dhaka,Bangladesh,operating,"8,886.81",0.0097,86.202057,0.0068,60.430308,0.0046,40.879326,0.0047,41.768007,APAD
BKB-821,23.57028837,89.13979819,FCBK,coal,Khulna,Bangladesh,operating,"8,886.81",0.0097,86.202057,0.0068,60.430308,0.0046,40.879326,0.0047,41.768007,APAD
BKB-822,23.28970985,89.18337063,FCBK,coal,Khulna,Bangladesh,operating,"8,886.81",0.0097,86.202057,0.0068,60.430308,0.0046,40.879326,0.0047,41.768007,APAD
BKB-823,23.30119653,88.74154448,FCBK,coal,Khulna,Bangladesh,operating,"8,886.81",0.0097,86.202057,0.0068,60.430308,0.0046,40.879326,0.0047,41.768007,APAD
BKB-824,23.6825301,88.88897136,FCBK,coal,Khulna,Bangladesh,operating,"8,886.81",0.0097,86.202057,0.0068,60.430308,0.0046,40.879326,0.0047,41.768007,APAD
BKB-825,23.68366167,88.88980448,FCBK,coal,Khulna,Bangladesh,operating,"8,886.81",0.0097,86.202057,0.0068,60.430308,0.0046,40.879326,0.0047,41.768007,APAD
BKB-826,23.27969282,88.74867435,FCBK,coal,Khulna,Bangladesh,operating,"8,886.81",0.0097,86.202057,0.0068,60.430308,0.0046,40.879326,0.0047,41.768007,APAD
BKB-827,23.46736594,89.07491362,FCBK,coal,Khulna,Bangladesh,operating,"8,886.81",0.0097,86.202057,0.0068,60.430308,0.0046,40.879326,0.0047,41.768007,APAD
BKB-828,23.33379992,89.30085198,FCBK,coal,Khulna,Bangladesh,operating,"8,886.81",0.0097,86.202057,0.0068,60.430308,0.0046,40.879326,0.0047,41.768007,APAD
BKB-829,24.81717322,89.84065292,FCBK,coal,Mymensingh,Bangladesh,operating,"8,886.81",0.0097,86.202057,0.0068,60.430308,0.0046,40.879326,0.0047,41.768007,APAD
BKB-830,23.54586487,90.28963105,FCBK,coal,Dhaka,Bangladesh,operating,"8,886.81",0.0097,86.202057,0.0068,60.430308,0.0046,40.879326,0.0047,41.768007,APAD
BKB-831,23.86702435,89.77006185,FCBK,coal,Dhaka,Bangladesh,operating,"8,886.81",0.0097,86.202057,0.0068,60.430308,0.0046,40.879326,0.0047,41.768007,APAD
BKB-832,23.86702435,89.77021235,FCBK,coal,Dhaka,Bangladesh,operating,"8,886.81",0.0097,86.202057,0.0068,60.430308,0.0046,40.879326,0.0047,41.768007,APAD
BKB-833,23.66382496,90.22027329,FCBK,coal,Dhaka,Bangladesh,operating,"8,886.81",0.0097,86.202057,0.0068,60.430308,0.0046,40.879326,0.0047,41.768007,APAD
BKB-834,23.29191838,88.73690688,FCBK,coal,Khulna,Bangladesh,operating,"8,886.81",0.0097,86.202057,0.0068,60.430308,0.0046,40.879326,0.0047,41.768007,APAD
BKB-835,23.62515433,90.44433529,FCBK,coal,Dhaka,Bangladesh,operating,"8,886.81",0.0097,86.202057,0.0068,60.430308,0.0046,40.879326,0.0047,41.768007,APAD
BKB-836,23.44206321,89.52942704,FCBK,coal,Khulna,Bangladesh,operating,"8,886.81",0.0097,86.202057,0.0068,60.430308,0.0046,40.879326,0.0047,41.768007,APAD
BKB-837,23.44012875,89.53229192,FCBK,coal,Khulna,Bangladesh,operating,"8,886.81",0.0097,86.202057,0.0068,60.430308,0.0046,40.879326,0.0047,41.768007,APAD
BKB-838,23.9997398,88.88187716,FCBK,coal,Khulna,Bangladesh,operating,"8,886.81",0.0097,86.202057,0.0068,60.430308,0.0046,40.879326,0.0047,41.768007,APAD
BKB-839,24.00273078,89.18616517,FCBK,coal,Rajshahi,Bangladesh,operating,"8,886.81",0.0097,86.202057,0.0068,60.430308,0.0046,40.879326,0.0047,41.768007,APAD
BKB-840,23.79140746,88.77580273,FCBK,coal,Khulna,Bangladesh,operating,"8,886.81",0.0097,86.202057,0.0068,60.430308,0.0046,40.879326,0.0047,41.768007,APAD
BKB-841,23.98528088,89.1483294,FCBK,coal,Rajshahi,Bangladesh,operating,"8,886.81",0.0097,86.202057,0.0068,60.430308,0.0046,40.879326,0.0047,41.768007,APAD
BKB-842,23.98363283,89.14899053,FCBK,coal,Rajshahi,Bangladesh,operating,"8,886.81",0.0097,86.202057,0.0068,60.430308,0.0046,40.879326,0.0047,41.768007,APAD
BKB-843,24.56248061,89.14612498,FCBK,coal,Rajshahi,Bangladesh,operating,"8,886.81",0.0097,86.202057,0.0068,60.430308,0.0046,40.879326,0.0047,41.768007,APAD
BKB-844,24.75871739,88.87769343,FCBK,coal,Rajshahi,Bangladesh,operating,"8,886.81",0.0097,86.202057,0.0068,60.430308,0.0046,40.879326,0.0047,41.768007,APAD
BKB-845,23.55797454,89.49997581,FCBK,coal,Dhaka,Bangladesh,operating,"8,886.81",0.0097,86.202057,0.0068,60.430308,0.0046,40.879326,0.0047,41.768007,APAD
BKB-846,23.7530973,89.12887862,FCBK,coal,Khulna,Bangladesh,operating,"8,886.81",0.0097,86.202057,0.0068,60.430308,0.0046,40.879326,0.0047,41.768007,APAD
BKB-847,23.75248222,89.12890549,FCBK,coal,Khulna,Bangladesh,operating,"8,886.81",0.0097,86.202057,0.0068,60.430308,0.0046,40.879326,0.0047,41.768007,APAD
BKB-848,23.82054443,90.4845757,FCBK,coal,Dhaka,Bangladesh,operating,"8,886.81",0.0097,86.202057,0.0068,60.430308,0.0046,40.879326,0.0047,41.768007,APAD
BKB-849,23.2852658,89.25208102,FCBK,coal,Khulna,Bangladesh,operating,"8,886.81",0.0097,86.202057,0.0068,60.430308,0.0046,40.879326,0.0047,41.768007,APAD
BKB-850,23.28696081,89.25288727,FCBK,coal,Khulna,Bangladesh,operating,"8,886.81",0.0097,86.202057,0.0068,60.430308,0.0046,40.879326,0.0047,41.768007,APAD
BKB-851,23.98742555,90.07797177,FCBK,coal,Dhaka,Bangladesh,operating,"8,886.81",0.0097,86.202057,0.0068,60.430308,0.0046,40.879326,0.0047,41.768007,APAD
BKB-852,24.00154592,89.20126665,FCBK,coal,Rajshahi,Bangladesh,operating,"8,886.81",0.0097,86.202057,0.0068,60.430308,0.0046,40.879326,0.0047,41.768007,APAD
BKB-853,23.79666225,89.8858938,FCBK,coal,Dhaka,Bangladesh,operating,"8,886.81",0.0097,86.202057,0.0068,60.430308,0.0046,40.879326,0.0047,41.768007,APAD
BKB-854,23.95388792,89.21169545,FCBK,coal,Khulna,Bangladesh,operating,"8,886.81",0.0097,86.202057,0.0068,60.430308,0.0046,40.879326,0.0047,41.768007,APAD
BKB-855,23.86718609,88.8214952,FCBK,coal,Khulna,Bangladesh,operating,"8,886.81",0.0097,86.202057,0.0068,60.430308,0.0046,40.879326,0.0047,41.768007,APAD
BKB-856,23.87188141,88.82147907,FCBK,coal,Khulna,Bangladesh,operating,"8,886.81",0.0097,86.202057,0.0068,60.430308,0.0046,40.879326,0.0047,41.768007,APAD
BKB-857,23.87064184,88.82079645,FCBK,coal,Khulna,Bangladesh,operating,"8,886.81",0.0097,86.202057,0.0068,60.430308,0.0046,40.879326,0.0047,41.768007,APAD
BKB-858,23.93461917,90.2924772,FCBK,coal,Dhaka,Bangladesh,operating,"8,886.81",0.0097,86.202057,0.0068,60.430308,0.0046,40.879326,0.0047,41.768007,APAD
BKB-859,23.62418509,89.72434769,FCBK,coal,Dhaka,Bangladesh,operating,"8,886.81",0.0097,86.202057,0.0068,60.430308,0.0046,40.879326,0.0047,41.768007,APAD
BKB-860,24.62023361,88.247667,FCBK,coal,Rajshahi,Bangladesh,operating,"8,886.81",0.0097,86.202057,0.0068,60.430308,0.0046,40.879326,0.0047,41.768007,APAD
BKB-861,23.61114557,89.55000709,FCBK,coal,Dhaka,Bangladesh,operating,"8,886.81",0.0097,86.202057,0.0068,60.430308,0.0046,40.879326,0.0047,41.768007,APAD
BKB-862,25.04480621,88.77301108,FCBK,coal,Rajshahi,Bangladesh,operating,"8,886.81",0.0097,86.202057,0.0068,60.430308,0.0046,40.879326,0.0047,41.768007,APAD
BKB-863,23.66694084,88.61829153,FCBK,coal,Khulna,Bangladesh,operating,"8,886.81",0.0097,86.202057,0.0068,60.430308,0.0046,40.879326,0.0047,41.768007,APAD
BKB-864,23.66754653,88.61906553,FCBK,coal,Khulna,Bangladesh,operating,"8,886.81",0.0097,86.202057,0.0068,60.430308,0.0046,40.879326,0.0047,41.768007,APAD
BKB-865,23.73078277,88.66450206,FCBK,coal,Khulna,Bangladesh,operating,"8,886.81",0.0097,86.202057,0.0068,60.430308,0.0046,40.879326,0.0047,41.768007,APAD
BKB-866,23.42927825,88.90029668,FCBK,coal,Khulna,Bangladesh,operating,"8,886.81",0.0097,86.202057,0.0068,60.430308,0.0046,40.879326,0.0047,41.768007,APAD
BKB-867,23.63235332,89.47833861,FCBK,coal,Dhaka,Bangladesh,operating,"8,886.81",0.0097,86.202057,0.0068,60.430308,0.0046,40.879326,0.0047,41.768007,APAD
BKB-868,23.4231212,89.94318015,FCBK,coal,Dhaka,Bangladesh,operating,"8,886.81",0.0097,86.202057,0.0068,60.430308,0.0046,40.879326,0.0047,41.768007,APAD
BKB-869,24.02593343,89.06643079,FCBK,coal,Rajshahi,Bangladesh,operating,"8,886.81",0.0097,86.202057,0.0068,60.430308,0.0046,40.879326,0.0047,41.768007,APAD
BKB-870,24.02787728,89.06511929,FCBK,coal,Rajshahi,Bangladesh,operating,"8,886.81",0.0097,86.202057,0.0068,60.430308,0.0046,40.879326,0.0047,41.768007,APAD
BKB-871,24.81287796,88.79358984,FCBK,coal,Rajshahi,Bangladesh,operating,"8,886.81",0.0097,86.202057,0.0068,60.430308,0.0046,40.879326,0.0047,41.768007,APAD
BKB-872,23.48848471,89.49020522,FCBK,coal,Dhaka,Bangladesh,operating,"8,886.81",0.0097,86.202057,0.0068,60.430308,0.0046,40.879326,0.0047,41.768007,APAD
BKB-873,23.48935804,89.49094698,FCBK,coal,Dhaka,Bangladesh,operating,"8,886.81",0.0097,86.202057,0.0068,60.430308,0.0046,40.879326,0.0047,41.768007,APAD
BKB-874,23.49020789,89.49048473,FCBK,coal,Dhaka,Bangladesh,operating,"8,886.81",0.0097,86.202057,0.0068,60.430308,0.0046,40.879326,0.0047,41.768007,APAD
BKB-875,23.96546336,89.92140047,FCBK,coal,Dhaka,Bangladesh,operating,"8,886.81",0.0097,86.202057,0.0068,60.430308,0.0046,40.879326,0.0047,41.768007,APAD
BKB-876,23.53800287,90.2391309,FCBK,coal,Dhaka,Bangladesh,operating,"8,886.81",0.0097,86.202057,0.0068,60.430308,0.0046,40.879326,0.0047,41.768007,APAD
BKB-877,24.56312345,88.18582313,FCBK,coal,Rajshahi,Bangladesh,operating,"8,886.81",0.0097,86.202057,0.0068,60.430308,0.0046,40.879326,0.0047,41.768007,APAD
BKB-878,23.77225494,88.94123536,FCBK,coal,Khulna,Bangladesh,operating,"8,886.81",0.0097,86.202057,0.0068,60.430308,0.0046,40.879326,0.0047,41.768007,APAD
BKB-879,23.43397906,88.9845121,FCBK,coal,Khulna,Bangladesh,operating,"8,886.81",0.0097,86.202057,0.0068,60.430308,0.0046,40.879326,0.0047,41.768007,APAD
BKB-880,23.78453839,89.17609011,FCBK,coal,Khulna,Bangladesh,operating,"8,886.81",0.0097,86.202057,0.0068,60.430308,0.0046,40.879326,0.0047,41.768007,APAD
BKB-881,23.94668415,90.02403474,FCBK,coal,Dhaka,Bangladesh,operating,"8,886.81",0.0097,86.202057,0.0068,60.430308,0.0046,40.879326,0.0047,41.768007,APAD
BKB-882,23.33290334,88.75776235,FCBK,coal,Khulna,Bangladesh,operating,"8,886.81",0.0097,86.202057,0.0068,60.430308,0.0046,40.879326,0.0047,41.768007,APAD
BKB-883,23.60417119,88.73433769,FCBK,coal,Khulna,Bangladesh,operating,"8,886.81",0.0097,86.202057,0.0068,60.430308,0.0046,40.879326,0.0047,41.768007,APAD
BKB-884,23.60551405,88.73665969,FCBK,coal,Khulna,Bangladesh,operating,"8,886.81",0.0097,86.202057,0.0068,60.430308,0.0046,40.879326,0.0047,41.768007,APAD
BKB-885,23.69890834,89.00701376,FCBK,coal,Khulna,Bangladesh,operating,"8,886.81",0.0097,86.202057,0.0068,60.430308,0.0046,40.879326,0.0047,41.768007,APAD
BKB-886,24.0873742,89.17184138,FCBK,coal,Rajshahi,Bangladesh,operating,"8,886.81",0.0097,86.202057,0.0068,60.430308,0.0046,40.879326,0.0047,41.768007,APAD
BKB-887,23.75695606,90.32511685,FCBK,coal,Dhaka,Bangladesh,operating,"8,886.81",0.0097,86.202057,0.0068,60.430308,0.0046,40.879326,0.0047,41.768007,APAD
BKB-888,23.7569185,90.32291847,FCBK,coal,Dhaka,Bangladesh,operating,"8,886.81",0.0097,86.202057,0.0068,60.430308,0.0046,40.879326,0.0047,41.768007,APAD
BKB-889,23.83887799,88.92976332,FCBK,coal,Khulna,Bangladesh,operating,"8,886.81",0.0097,86.202057,0.0068,60.430308,0.0046,40.879326,0.0047,41.768007,APAD
BKB-890,23.80487736,90.31291862,FCBK,coal,Dhaka,Bangladesh,operating,"8,886.81",0.0097,86.202057,0.0068,60.430308,0.0046,40.879326,0.0047,41.768007,APAD
BKB-891,23.80322461,90.314042,FCBK,coal,Dhaka,Bangladesh,operating,"8,886.81",0.0097,86.202057,0.0068,60.430308,0.0046,40.879326,0.0047,41.768007,APAD
BKB-892,23.80224329,90.317482,FCBK,coal,Dhaka,Bangladesh,operating,"8,886.81",0.0097,86.202057,0.0068,60.430308,0.0046,40.879326,0.0047,41.768007,APAD
BKB-893,23.66662744,89.0719315,FCBK,coal,Khulna,Bangladesh,operating,"8,886.81",0.0097,86.202057,0.0068,60.430308,0.0046,40.879326,0.0047,41.768007,APAD
BKB-894,23.9169519,90.33711105,FCBK,coal,Dhaka,Bangladesh,operating,"8,886.81",0.0097,86.202057,0.0068,60.430308,0.0046,40.879326,0.0047,41.768007,APAD
BKB-895,23.9169472,90.3360683,FCBK,coal,Dhaka,Bangladesh,operating,"8,886.81",0.0097,86.202057,0.0068,60.430308,0.0046,40.879326,0.0047,41.768007,APAD
BKB-896,23.91622413,90.33235418,FCBK,coal,Dhaka,Bangladesh,operating,"8,886.81",0.0097,86.202057,0.0068,60.430308,0.0046,40.879326,0.0047,41.768007,APAD
BKB-897,23.77014029,89.06406943,FCBK,coal,Khulna,Bangladesh,operating,"8,886.81",0.0097,86.202057,0.0068,60.430308,0.0046,40.879326,0.0047,41.768007,APAD
BKB-898,23.77069903,89.06807917,FCBK,coal,Khulna,Bangladesh,operating,"8,886.81",0.0097,86.202057,0.0068,60.430308,0.0046,40.879326,0.0047,41.768007,APAD
BKB-899,23.27329047,88.96469767,FCBK,coal,Khulna,Bangladesh,operating,"8,886.81",0.0097,86.202057,0.0068,60.430308,0.0046,40.879326,0.0047,41.768007,APAD
BKB-900,23.3224444,88.93094354,FCBK,coal,Khulna,Bangladesh,operating,"8,886.81",0.0097,86.202057,0.0068,60.430308,0.0046,40.879326,0.0047,41.768007,APAD
BKB-901,23.74256374,89.09194178,FCBK,coal,Khulna,Bangladesh,operating,"8,886.81",0.0097,86.202057,0.0068,60.430308,0.0046,40.879326,0.0047,41.768007,APAD
BKB-902,23.97927429,89.17368026,FCBK,coal,Rajshahi,Bangladesh,operating,"8,886.81",0.0097,86.202057,0.0068,60.430308,0.0046,40.879326,0.0047,41.768007,APAD
BKB-903,23.97652753,89.17544863,FCBK,coal,Rajshahi,Bangladesh,operating,"8,886.81",0.0097,86.202057,0.0068,60.430308,0.0046,40.879326,0.0047,41.768007,APAD
BKB-904,24.0174132,88.88122669,FCBK,coal,Khulna,Bangladesh,operating,"8,886.81",0.0097,86.202057,0.0068,60.430308,0.0046,40.879326,0.0047,41.768007,APAD
BKB-905,24.0188218,88.87726531,FCBK,coal,Khulna,Bangladesh,operating,"8,886.81",0.0097,86.202057,0.0068,60.430308,0.0046,40.879326,0.0047,41.768007,APAD
BKB-906,24.35703946,90.00282834,FCBK,coal,Dhaka,Bangladesh,operating,"8,886.81",0.0097,86.202057,0.0068,60.430308,0.0046,40.879326,0.0047,41.768007,APAD
BKB-907,23.74189291,89.05403751,FCBK,coal,Khulna,Bangladesh,operating,"8,886.81",0.0097,86.202057,0.0068,60.430308,0.0046,40.879326,0.0047,41.768007,APAD
BKB-908,23.93914685,89.10307953,FCBK,coal,Khulna,Bangladesh,operating,"8,886.81",0.0097,86.202057,0.0068,60.430308,0.0046,40.879326,0.0047,41.768007,APAD
BKB-909,23.94334446,89.10161215,FCBK,coal,Khulna,Bangladesh,operating,"8,886.81",0.0097,86.202057,0.0068,60.430308,0.0046,40.879326,0.0047,41.768007,APAD
BKB-910,23.94202038,89.10071991,FCBK,coal,Khulna,Bangladesh,operating,"8,886.81",0.0097,86.202057,0.0068,60.430308,0.0046,40.879326,0.0047,41.768007,APAD
BKB-911,23.9409968,89.10207978,FCBK,coal,Khulna,Bangladesh,operating,"8,886.81",0.0097,86.202057,0.0068,60.430308,0.0046,40.879326,0.0047,41.768007,APAD
BKB-912,23.94036293,89.10245065,FCBK,coal,Khulna,Bangladesh,operating,"8,886.81",0.0097,86.202057,0.0068,60.430308,0.0046,40.879326,0.0047,41.768007,APAD
BKB-913,23.9409968,89.10197765,FCBK,coal,Khulna,Bangladesh,operating,"8,886.81",0.0097,86.202057,0.0068,60.430308,0.0046,40.879326,0.0047,41.768007,APAD
BKB-914,23.62826953,90.44476042,FCBK,coal,Dhaka,Bangladesh,operating,"8,886.81",0.0097,86.202057,0.0068,60.430308,0.0046,40.879326,0.0047,41.768007,APAD
BKB-915,23.40399624,88.81240953,FCBK,coal,Khulna,Bangladesh,operating,"8,886.81",0.0097,86.202057,0.0068,60.430308,0.0046,40.879326,0.0047,41.768007,APAD
BKB-916,23.75256306,89.63061436,FCBK,coal,Dhaka,Bangladesh,operating,"8,886.81",0.0097,86.202057,0.0068,60.430308,0.0046,40.879326,0.0047,41.768007,APAD
BKB-917,23.63342045,89.53026637,FCBK,coal,Dhaka,Bangladesh,operating,"8,886.81",0.0097,86.202057,0.0068,60.430308,0.0046,40.879326,0.0047,41.768007,APAD
BKB-918,23.27972212,88.74891272,FCBK,coal,Khulna,Bangladesh,operating,"8,886.81",0.0097,86.202057,0.0068,60.430308,0.0046,40.879326,0.0047,41.768007,APAD
BKB-919,24.01800825,88.94150241,FCBK,coal,Khulna,Bangladesh,operating,"8,886.81",0.0097,86.202057,0.0068,60.430308,0.0046,40.879326,0.0047,41.768007,APAD
BKB-920,24.01977369,88.94308266,FCBK,coal,Khulna,Bangladesh,operating,"8,886.81",0.0097,86.202057,0.0068,60.430308,0.0046,40.879326,0.0047,41.768007,APAD
BKB-921,24.02059537,88.94052953,FCBK,coal,Khulna,Bangladesh,operating,"8,886.81",0.0097,86.202057,0.0068,60.430308,0.0046,40.879326,0.0047,41.768007,APAD
BKB-922,24.1129121,89.24561939,FCBK,coal,Rajshahi,Bangladesh,operating,"8,886.81",0.0097,86.202057,0.0068,60.430308,0.0046,40.879326,0.0047,41.768007,APAD
BKB-923,23.78294832,89.27622612,FCBK,coal,Khulna,Bangladesh,operating,"8,886.81",0.0097,86.202057,0.0068,60.430308,0.0046,40.879326,0.0047,41.768007,APAD
BKB-924,23.44145957,89.40590702,FCBK,coal,Khulna,Bangladesh,operating,"8,886.81",0.0097,86.202057,0.0068,60.430308,0.0046,40.879326,0.0047,41.768007,APAD
BKB-925,25.98193729,89.5158185,FCBK,coal,Rangpur,Bangladesh,operating,"8,886.81",0.0097,86.202057,0.0068,60.430308,0.0046,40.879326,0.0047,41.768007,APAD
BKB-926,23.5622282,89.14373719,FCBK,coal,Khulna,Bangladesh,operating,"8,886.81",0.0097,86.202057,0.0068,60.430308,0.0046,40.879326,0.0047,41.768007,APAD
BKB-927,23.44019519,89.53232178,FCBK,coal,Khulna,Bangladesh,operating,"8,886.81",0.0097,86.202057,0.0068,60.430308,0.0046,40.879326,0.0047,41.768007,APAD
BKB-928,25.39758366,89.29377838,FCBK,coal,Rangpur,Bangladesh,operating,"8,886.81",0.0097,86.202057,0.0068,60.430308,0.0046,40.879326,0.0047,41.768007,APAD
BKB-929,23.69826387,89.48919885,FCBK,coal,Dhaka,Bangladesh,operating,"8,886.81",0.0097,86.202057,0.0068,60.430308,0.0046,40.879326,0.0047,41.768007,APAD
BKB-930,25.62778151,88.63671519,FCBK,coal,Rangpur,Bangladesh,operating,"8,886.81",0.0097,86.202057,0.0068,60.430308,0.0046,40.879326,0.0047,41.768007,APAD
BKB-931,23.66648979,89.18762432,FCBK,coal,Khulna,Bangladesh,operating,"8,886.81",0.0097,86.202057,0.0068,60.430308,0.0046,40.879326,0.0047,41.768007,APAD
BKB-932,23.82751886,89.29745302,FCBK,coal,Khulna,Bangladesh,operating,"8,886.81",0.0097,86.202057,0.0068,60.430308,0.0046,40.879326,0.0047,41.768007,APAD
BKB-933,23.92549482,89.11004601,FCBK,coal,Khulna,Bangladesh,operating,"8,886.81",0.0097,86.202057,0.0068,60.430308,0.0046,40.879326,0.0047,41.768007,APAD
BKB-934,23.87500711,90.2056045,FCBK,coal,Dhaka,Bangladesh,operating,"8,886.81",0.0097,86.202057,0.0068,60.430308,0.0046,40.879326,0.0047,41.768007,APAD
BKB-935,23.71665929,90.28636787,FCBK,coal,Dhaka,Bangladesh,operating,"8,886.81",0.0097,86.202057,0.0068,60.430308,0.0046,40.879326,0.0047,41.768007,APAD
BKB-936,23.83620302,89.08743488,FCBK,coal,Khulna,Bangladesh,operating,"8,886.81",0.0097,86.202057,0.0068,60.430308,0.0046,40.879326,0.0047,41.768007,APAD
BKB-937,24.90487587,89.45932342,FCBK,coal,Rajshahi,Bangladesh,operating,"8,886.81",0.0097,86.202057,0.0068,60.430308,0.0046,40.879326,0.0047,41.768007,APAD
BKB-938,23.75898093,90.32449902,FCBK,coal,Dhaka,Bangladesh,operating,"8,886.81",0.0097,86.202057,0.0068,60.430308,0.0046,40.879326,0.0047,41.768007,APAD
BKB-939,23.76329122,90.32363364,FCBK,coal,Dhaka,Bangladesh,operating,"8,886.81",0.0097,86.202057,0.0068,60.430308,0.0046,40.879326,0.0047,41.768007,APAD
BKB-940,24.0807861,88.89222567,FCBK,coal,Khulna,Bangladesh,operating,"8,886.81",0.0097,86.202057,0.0068,60.430308,0.0046,40.879326,0.0047,41.768007,APAD
BKB-941,23.89734548,90.1406694,FCBK,coal,Dhaka,Bangladesh,operating,"8,886.81",0.0097,86.202057,0.0068,60.430308,0.0046,40.879326,0.0047,41.768007,APAD
BKB-942,23.895519,90.14055652,FCBK,coal,Dhaka,Bangladesh,operating,"8,886.81",0.0097,86.202057,0.0068,60.430308,0.0046,40.879326,0.0047,41.768007,APAD
BKB-943,23.89783848,90.13918589,FCBK,coal,Dhaka,Bangladesh,operating,"8,886.81",0.0097,86.202057,0.0068,60.430308,0.0046,40.879326,0.0047,41.768007,APAD
BKB-944,23.64843313,90.29005582,FCBK,coal,Dhaka,Bangladesh,operating,"8,886.81",0.0097,86.202057,0.0068,60.430308,0.0046,40.879326,0.0047,41.768007,APAD
BKB-945,23.86965438,90.20593449,FCBK,coal,Dhaka,Bangladesh,operating,"8,886.81",0.0097,86.202057,0.0068,60.430308,0.0046,40.879326,0.0047,41.768007,APAD
BKB-946,23.76296267,90.32353577,FCBK,coal,Dhaka,Bangladesh,operating,"8,886.81",0.0097,86.202057,0.0068,60.430308,0.0046,40.879326,0.0047,41.768007,APAD
BKB-947,23.76295798,90.31784901,FCBK,coal,Dhaka,Bangladesh,operating,"8,886.81",0.0097,86.202057,0.0068,60.430308,0.0046,40.879326,0.0047,41.768007,APAD
BKB-948,23.75777435,90.31928414,FCBK,coal,Dhaka,Bangladesh,operating,"8,886.81",0.0097,86.202057,0.0068,60.430308,0.0046,40.879326,0.0047,41.768007,APAD
BKB-949,23.76149304,90.31739214,FCBK,coal,Dhaka,Bangladesh,operating,"8,886.81",0.0097,86.202057,0.0068,60.430308,0.0046,40.879326,0.0047,41.768007,APAD
BKB-950,23.67592806,89.69565878,FCBK,coal,Dhaka,Bangladesh,operating,"8,886.81",0.0097,86.202057,0.0068,60.430308,0.0046,40.879326,0.0047,41.768007,APAD
BKB-951,23.59673806,89.10935308,FCBK,coal,Khulna,Bangladesh,operating,"8,886.81",0.0097,86.202057,0.0068,60.430308,0.0046,40.879326,0.0047,41.768007,APAD
BKB-952,23.9620013,89.18755902,FCBK,coal,Khulna,Bangladesh,operating,"8,886.81",0.0097,86.202057,0.0068,60.430308,0.0046,40.879326,0.0047,41.768007,APAD
BKB-953,23.96161159,89.18660765,FCBK,coal,Khulna,Bangladesh,operating,"8,886.81",0.0097,86.202057,0.0068,60.430308,0.0046,40.879326,0.0047,41.768007,APAD
BKB-954,23.92813563,89.86656396,FCBK,coal,Dhaka,Bangladesh,operating,"8,886.81",0.0097,86.202057,0.0068,60.430308,0.0046,40.879326,0.0047,41.768007,APAD
BKB-955,23.7815837,89.11397173,FCBK,coal,Khulna,Bangladesh,operating,"8,886.81",0.0097,86.202057,0.0068,60.430308,0.0046,40.879326,0.0047,41.768007,APAD
BKB-956,23.91023805,88.81340162,FCBK,coal,Khulna,Bangladesh,operating,"8,886.81",0.0097,86.202057,0.0068,60.430308,0.0046,40.879326,0.0047,41.768007,APAD
BKB-957,23.93462366,90.09519144,FCBK,coal,Dhaka,Bangladesh,operating,"8,886.81",0.0097,86.202057,0.0068,60.430308,0.0046,40.879326,0.0047,41.768007,APAD
BKB-958,23.40874409,88.80851824,FCBK,coal,Khulna,Bangladesh,operating,"8,886.81",0.0097,86.202057,0.0068,60.430308,0.0046,40.879326,0.0047,41.768007,APAD
BKB-959,23.92680353,89.73330393,FCBK,coal,Dhaka,Bangladesh,operating,"8,886.81",0.0097,86.202057,0.0068,60.430308,0.0046,40.879326,0.0047,41.768007,APAD
BKB-960,23.92647486,89.73322331,FCBK,coal,Dhaka,Bangladesh,operating,"8,886.81",0.0097,86.202057,0.0068,60.430308,0.0046,40.879326,0.0047,41.768007,APAD
BKB-961,24.00562426,89.1101978,FCBK,coal,Rajshahi,Bangladesh,operating,"8,886.81",0.0097,86.202057,0.0068,60.430308,0.0046,40.879326,0.0047,41.768007,APAD
BKB-962,24.03232063,89.02128892,FCBK,coal,Khulna,Bangladesh,operating,"8,886.81",0.0097,86.202057,0.0068,60.430308,0.0046,40.879326,0.0047,41.768007,APAD
BKB-963,24.02978986,89.02174041,FCBK,coal,Khulna,Bangladesh,operating,"8,886.81",0.0097,86.202057,0.0068,60.430308,0.0046,40.879326,0.0047,41.768007,APAD
BKB-964,24.02768636,89.02347117,FCBK,coal,Khulna,Bangladesh,operating,"8,886.81",0.0097,86.202057,0.0068,60.430308,0.0046,40.879326,0.0047,41.768007,APAD
BKB-965,23.84763103,89.22489907,FCBK,coal,Khulna,Bangladesh,operating,"8,886.81",0.0097,86.202057,0.0068,60.430308,0.0046,40.879326,0.0047,41.768007,APAD
BKB-966,23.84564022,89.22478619,FCBK,coal,Khulna,Bangladesh,operating,"8,886.81",0.0097,86.202057,0.0068,60.430308,0.0046,40.879326,0.0047,41.768007,APAD
BKB-967,23.70454346,90.28859687,FCBK,coal,Dhaka,Bangladesh,operating,"8,886.81",0.0097,86.202057,0.0068,60.430308,0.0046,40.879326,0.0047,41.768007,APAD
BKB-968,24.81507703,89.73771199,FCBK,coal,Mymensingh,Bangladesh,operating,"8,886.81",0.0097,86.202057,0.0068,60.430308,0.0046,40.879326,0.0047,41.768007,APAD
BKB-969,23.9106849,90.12926718,FCBK,coal,Dhaka,Bangladesh,operating,"8,886.81",0.0097,86.202057,0.0068,60.430308,0.0046,40.879326,0.0047,41.768007,APAD
BKB-970,23.90602246,90.12895006,FCBK,coal,Dhaka,Bangladesh,operating,"8,886.81",0.0097,86.202057,0.0068,60.430308,0.0046,40.879326,0.0047,41.768007,APAD
BKB-971,23.98460761,89.15219289,FCBK,coal,Rajshahi,Bangladesh,operating,"8,886.81",0.0097,86.202057,0.0068,60.430308,0.0046,40.879326,0.0047,41.768007,APAD
BKB-972,23.98302999,89.15593389,FCBK,coal,Rajshahi,Bangladesh,operating,"8,886.81",0.0097,86.202057,0.0068,60.430308,0.0046,40.879326,0.0047,41.768007,APAD
BKB-973,23.98195476,89.14984401,FCBK,coal,Rajshahi,Bangladesh,operating,"8,886.81",0.0097,86.202057,0.0068,60.430308,0.0046,40.879326,0.0047,41.768007,APAD
BKB-974,23.98132559,89.15597689,FCBK,coal,Rajshahi,Bangladesh,operating,"8,886.81",0.0097,86.202057,0.0068,60.430308,0.0046,40.879326,0.0047,41.768007,APAD
BKB-975,23.92804678,89.11031042,FCBK,coal,Khulna,Bangladesh,operating,"8,886.81",0.0097,86.202057,0.0068,60.430308,0.0046,40.879326,0.0047,41.768007,APAD
BKB-976,23.59699775,89.61831915,FCBK,coal,Dhaka,Bangladesh,operating,"8,886.81",0.0097,86.202057,0.0068,60.430308,0.0046,40.879326,0.0047,41.768007,APAD
BKB-977,23.52069178,88.98642127,FCBK,coal,Khulna,Bangladesh,operating,"8,886.81",0.0097,86.202057,0.0068,60.430308,0.0046,40.879326,0.0047,41.768007,APAD
BKB-978,23.88147698,89.32708633,FCBK,coal,Rajshahi,Bangladesh,operating,"8,886.81",0.0097,86.202057,0.0068,60.430308,0.0046,40.879326,0.0047,41.768007,APAD
BKB-979,23.77488197,90.32602395,FCBK,coal,Dhaka,Bangladesh,operating,"8,886.81",0.0097,86.202057,0.0068,60.430308,0.0046,40.879326,0.0047,41.768007,APAD
BKB-980,24.02369095,89.01387258,FCBK,coal,Khulna,Bangladesh,operating,"8,886.81",0.0097,86.202057,0.0068,60.430308,0.0046,40.879326,0.0047,41.768007,APAD
BKB-981,23.95817873,89.27602342,FCBK,coal,Rajshahi,Bangladesh,operating,"8,886.81",0.0097,86.202057,0.0068,60.430308,0.0046,40.879326,0.0047,41.768007,APAD
BKB-982,23.95396234,89.2802428,FCBK,coal,Rajshahi,Bangladesh,operating,"8,886.81",0.0097,86.202057,0.0068,60.430308,0.0046,40.879326,0.0047,41.768007,APAD
BKB-983,23.9538966,89.28147904,FCBK,coal,Rajshahi,Bangladesh,operating,"8,886.81",0.0097,86.202057,0.0068,60.430308,0.0046,40.879326,0.0047,41.768007,APAD
BKB-984,24.63134873,88.30093442,FCBK,coal,Rajshahi,Bangladesh,operating,"8,886.81",0.0097,86.202057,0.0068,60.430308,0.0046,40.879326,0.0047,41.768007,APAD
BKB-985,23.40874783,88.94802159,FCBK,coal,Khulna,Bangladesh,operating,"8,886.81",0.0097,86.202057,0.0068,60.430308,0.0046,40.879326,0.0047,41.768007,APAD
BKB-986,23.83531484,89.00810465,FCBK,coal,Khulna,Bangladesh,operating,"8,886.81",0.0097,86.202057,0.0068,60.430308,0.0046,40.879326,0.0047,41.768007,APAD
BKB-987,23.83342732,89.00869053,FCBK,coal,Khulna,Bangladesh,operating,"8,886.81",0.0097,86.202057,0.0068,60.430308,0.0046,40.879326,0.0047,41.768007,APAD
BKB-988,23.8335447,89.00956665,FCBK,coal,Khulna,Bangladesh,operating,"8,886.81",0.0097,86.202057,0.0068,60.430308,0.0046,40.879326,0.0047,41.768007,APAD
BKB-989,23.98132676,90.07893388,FCBK,coal,Dhaka,Bangladesh,operating,"8,886.81",0.0097,86.202057,0.0068,60.430308,0.0046,40.879326,0.0047,41.768007,APAD
BKB-990,23.92430551,90.10660362,FCBK,coal,Dhaka,Bangladesh,operating,"8,886.81",0.0097,86.202057,0.0068,60.430308,0.0046,40.879326,0.0047,41.768007,APAD
BKB-991,23.46058732,88.86598687,FCBK,coal,Khulna,Bangladesh,operating,"8,886.81",0.0097,86.202057,0.0068,60.430308,0.0046,40.879326,0.0047,41.768007,APAD
BKB-992,23.9197952,89.016465,FCBK,coal,Khulna,Bangladesh,operating,"8,886.81",0.0097,86.202057,0.0068,60.430308,0.0046,40.879326,0.0047,41.768007,APAD
BKB-993,23.63098588,89.19935534,FCBK,coal,Khulna,Bangladesh,operating,"8,886.81",0.0097,86.202057,0.0068,60.430308,0.0046,40.879326,0.0047,41.768007,APAD
BKB-994,23.9219996,88.98536918,FCBK,coal,Khulna,Bangladesh,operating,"8,886.81",0.0097,86.202057,0.0068,60.430308,0.0046,40.879326,0.0047,41.768007,APAD
BKB-995,23.7016285,88.78752049,FCBK,coal,Khulna,Bangladesh,operating,"8,886.81",0.0097,86.202057,0.0068,60.430308,0.0046,40.879326,0.0047,41.768007,APAD
BKB-996,23.53865202,89.34507811,FCBK,coal,Khulna,Bangladesh,operating,"8,886.81",0.0097,86.202057,0.0068,60.430308,0.0046,40.879326,0.0047,41.768007,APAD
BKB-997,23.53874123,89.34507811,FCBK,coal,Khulna,Bangladesh,operating,"8,886.81",0.0097,86.202057,0.0068,60.430308,0.0046,40.879326,0.0047,41.768007,APAD
BKB-998,23.8703347,89.97177249,FCBK,coal,Dhaka,Bangladesh,operating,"8,886.81",0.0097,86.202057,0.0068,60.430308,0.0046,40.879326,0.0047,41.768007,APAD
BKB-999,23.89011427,88.84044001,FCBK,coal,Khulna,Bangladesh,operating,"8,886.81",0.0097,86.202057,0.0068,60.430308,0.0046,40.879326,0.0047,41.768007,APAD
BKB-1000,23.89259809,88.83952626,FCBK,coal,Khulna,Bangladesh,operating,"8,886.81",0.0097,86.202057,0.0068,60.430308,0.0046,40.879326,0.0047,41.768007,APAD
BKB-1001,23.89161677,88.83844051,FCBK,coal,Khulna,Bangladesh,operating,"8,886.81",0.0097,86.202057,0.0068,60.430308,0.0046,40.879326,0.0047,41.768007,APAD
BKB-1002,23.89114723,88.84075176,FCBK,coal,Khulna,Bangladesh,operating,"8,886.81",0.0097,86.202057,0.0068,60.430308,0.0046,40.879326,0.0047,41.768007,APAD
BKB-1003,23.89253235,88.83949938,FCBK,coal,Khulna,Bangladesh,operating,"8,886.81",0.0097,86.202057,0.0068,60.430308,0.0046,40.879326,0.0047,41.768007,APAD
BKB-1004,23.89013305,88.84025726,FCBK,coal,Khulna,Bangladesh,operating,"8,886.81",0.0097,86.202057,0.0068,60.430308,0.0046,40.879326,0.0047,41.768007,APAD
BKB-1005,23.89085613,88.84134301,FCBK,coal,Khulna,Bangladesh,operating,"8,886.81",0.0097,86.202057,0.0068,60.430308,0.0046,40.879326,0.0047,41.768007,APAD
BKB-1006,24.00601646,88.97818494,FCBK,coal,Khulna,Bangladesh,operating,"8,886.81",0.0097,86.202057,0.0068,60.430308,0.0046,40.879326,0.0047,41.768007,APAD
BKB-1007,23.57306818,88.95904334,FCBK,coal,Khulna,Bangladesh,operating,"8,886.81",0.0097,86.202057,0.0068,60.430308,0.0046,40.879326,0.0047,41.768007,APAD
BKB-1008,24.97226187,88.97587965,FCBK,coal,Rajshahi,Bangladesh,operating,"8,886.81",0.0097,86.202057,0.0068,60.430308,0.0046,40.879326,0.0047,41.768007,APAD
BKB-1009,23.80907589,90.03666461,FCBK,coal,Dhaka,Bangladesh,operating,"8,886.81",0.0097,86.202057,0.0068,60.430308,0.0046,40.879326,0.0047,41.768007,APAD
BKB-1010,23.55068773,89.12317015,FCBK,coal,Khulna,Bangladesh,operating,"8,886.81",0.0097,86.202057,0.0068,60.430308,0.0046,40.879326,0.0047,41.768007,APAD
BKB-1011,23.69333769,90.06825862,FCBK,coal,Dhaka,Bangladesh,operating,"8,886.81",0.0097,86.202057,0.0068,60.430308,0.0046,40.879326,0.0047,41.768007,APAD
BKB-1012,23.76316844,90.38084511,FCBK,coal,Dhaka,Bangladesh,operating,"8,886.81",0.0097,86.202057,0.0068,60.430308,0.0046,40.879326,0.0047,41.768007,APAD
BKB-1013,23.76211669,90.37982924,FCBK,coal,Dhaka,Bangladesh,operating,"8,886.81",0.0097,86.202057,0.0068,60.430308,0.0046,40.879326,0.0047,41.768007,APAD
BKB-1014,23.83087359,90.41898625,FCBK,coal,Dhaka,Bangladesh,operating,"8,886.81",0.0097,86.202057,0.0068,60.430308,0.0046,40.879326,0.0047,41.768007,APAD
BKB-1015,23.67632679,88.67819246,FCBK,coal,Khulna,Bangladesh,operating,"8,886.81",0.0097,86.202057,0.0068,60.430308,0.0046,40.879326,0.0047,41.768007,APAD
BKB-1016,23.67812979,88.67565546,FCBK,coal,Khulna,Bangladesh,operating,"8,886.81",0.0097,86.202057,0.0068,60.430308,0.0046,40.879326,0.0047,41.768007,APAD
BKB-1017,23.77148724,90.31432626,FCBK,coal,Dhaka,Bangladesh,operating,"8,886.81",0.0097,86.202057,0.0068,60.430308,0.0046,40.879326,0.0047,41.768007,APAD
BKB-1018,24.11052669,89.70421035,FCBK,coal,Rajshahi,Bangladesh,operating,"8,886.81",0.0097,86.202057,0.0068,60.430308,0.0046,40.879326,0.0047,41.768007,APAD
BKB-1019,24.49463731,88.60717595,FCBK,coal,Rajshahi,Bangladesh,operating,"8,886.81",0.0097,86.202057,0.0068,60.430308,0.0046,40.879326,0.0047,41.768007,APAD
BKB-1020,23.96209682,89.24639275,FCBK,coal,Rajshahi,Bangladesh,operating,"8,886.81",0.0097,86.202057,0.0068,60.430308,0.0046,40.879326,0.0047,41.768007,APAD
BKB-1021,23.98838264,89.20909072,FCBK,coal,Khulna,Bangladesh,operating,"8,886.81",0.0097,86.202057,0.0068,60.430308,0.0046,40.879326,0.0047,41.768007,APAD
BKB-1022,23.79896746,89.3160322,FCBK,coal,Khulna,Bangladesh,operating,"8,886.81",0.0097,86.202057,0.0068,60.430308,0.0046,40.879326,0.0047,41.768007,APAD
BKB-1023,23.96395789,89.18667535,FCBK,coal,Khulna,Bangladesh,operating,"8,886.81",0.0097,86.202057,0.0068,60.430308,0.0046,40.879326,0.0047,41.768007,APAD
BKB-1024,23.96472792,89.18442323,FCBK,coal,Khulna,Bangladesh,operating,"8,886.81",0.0097,86.202057,0.0068,60.430308,0.0046,40.879326,0.0047,41.768007,APAD
BKB-1025,23.96514111,89.18237535,FCBK,coal,Khulna,Bangladesh,operating,"8,886.81",0.0097,86.202057,0.0068,60.430308,0.0046,40.879326,0.0047,41.768007,APAD
BKB-1026,23.96573272,89.18532622,FCBK,coal,Khulna,Bangladesh,operating,"8,886.81",0.0097,86.202057,0.0068,60.430308,0.0046,40.879326,0.0047,41.768007,APAD
BKB-1027,23.96503311,89.18306335,FCBK,coal,Khulna,Bangladesh,operating,"8,886.81",0.0097,86.202057,0.0068,60.430308,0.0046,40.879326,0.0047,41.768007,APAD
BKB-1028,24.00625332,89.19237379,FCBK,coal,Rajshahi,Bangladesh,operating,"8,886.81",0.0097,86.202057,0.0068,60.430308,0.0046,40.879326,0.0047,41.768007,APAD
BKB-1029,24.26907578,89.09168891,FCBK,coal,Rajshahi,Bangladesh,operating,"8,886.81",0.0097,86.202057,0.0068,60.430308,0.0046,40.879326,0.0047,41.768007,APAD
BKB-1030,24.03307949,88.92854417,FCBK,coal,Khulna,Bangladesh,operating,"8,886.81",0.0097,86.202057,0.0068,60.430308,0.0046,40.879326,0.0047,41.768007,APAD
BKB-1031,24.73836344,89.8497544,FCBK,coal,Mymensingh,Bangladesh,operating,"8,886.81",0.0097,86.202057,0.0068,60.430308,0.0046,40.879326,0.0047,41.768007,APAD
BKB-1032,23.55844629,88.98482354,FCBK,coal,Khulna,Bangladesh,operating,"8,886.81",0.0097,86.202057,0.0068,60.430308,0.0046,40.879326,0.0047,41.768007,APAD
BKB-1033,23.69473324,89.46535842,FCBK,coal,Dhaka,Bangladesh,operating,"8,886.81",0.0097,86.202057,0.0068,60.430308,0.0046,40.879326,0.0047,41.768007,APAD
BKB-1034,24.18410944,88.98244399,FCBK,coal,Rajshahi,Bangladesh,operating,"8,886.81",0.0097,86.202057,0.0068,60.430308,0.0046,40.879326,0.0047,41.768007,APAD
BKB-1035,24.0227031,89.02463195,FCBK,coal,Khulna,Bangladesh,operating,"8,886.81",0.0097,86.202057,0.0068,60.430308,0.0046,40.879326,0.0047,41.768007,APAD
BKB-1036,24.02654386,89.02374507,FCBK,coal,Khulna,Bangladesh,operating,"8,886.81",0.0097,86.202057,0.0068,60.430308,0.0046,40.879326,0.0047,41.768007,APAD
BKB-1037,23.60398631,88.734282,FCBK,coal,Khulna,Bangladesh,operating,"8,886.81",0.0097,86.202057,0.0068,60.430308,0.0046,40.879326,0.0047,41.768007,APAD
BKB-1038,23.88052872,90.14537262,FCBK,coal,Dhaka,Bangladesh,operating,"8,886.81",0.0097,86.202057,0.0068,60.430308,0.0046,40.879326,0.0047,41.768007,APAD
BKB-1039,23.88204061,90.14511463,FCBK,coal,Dhaka,Bangladesh,operating,"8,886.81",0.0097,86.202057,0.0068,60.430308,0.0046,40.879326,0.0047,41.768007,APAD
BKB-1040,23.87975868,90.142798,FCBK,coal,Dhaka,Bangladesh,operating,"8,886.81",0.0097,86.202057,0.0068,60.430308,0.0046,40.879326,0.0047,41.768007,APAD
BKB-1041,23.68118044,89.30808205,FCBK,coal,Khulna,Bangladesh,operating,"8,886.81",0.0097,86.202057,0.0068,60.430308,0.0046,40.879326,0.0047,41.768007,APAD
BKB-1042,23.79629681,88.73636919,FCBK,coal,Khulna,Bangladesh,operating,"8,886.81",0.0097,86.202057,0.0068,60.430308,0.0046,40.879326,0.0047,41.768007,APAD
BKB-1043,25.44736718,89.17731874,FCBK,coal,Rangpur,Bangladesh,operating,"8,886.81",0.0097,86.202057,0.0068,60.430308,0.0046,40.879326,0.0047,41.768007,APAD
BKB-1044,24.57423633,89.9266392,FCBK,coal,Dhaka,Bangladesh,operating,"8,886.81",0.0097,86.202057,0.0068,60.430308,0.0046,40.879326,0.0047,41.768007,APAD
BKB-1045,24.57791745,89.92810119,FCBK,coal,Dhaka,Bangladesh,operating,"8,886.81",0.0097,86.202057,0.0068,60.430308,0.0046,40.879326,0.0047,41.768007,APAD
BKB-1046,24.17182583,89.01600299,FCBK,coal,Rajshahi,Bangladesh,operating,"8,886.81",0.0097,86.202057,0.0068,60.430308,0.0046,40.879326,0.0047,41.768007,APAD
BKB-1047,23.75224007,88.7630057,FCBK,coal,Khulna,Bangladesh,operating,"8,886.81",0.0097,86.202057,0.0068,60.430308,0.0046,40.879326,0.0047,41.768007,APAD
BKB-1048,23.6111058,88.76499522,FCBK,coal,Khulna,Bangladesh,operating,"8,886.81",0.0097,86.202057,0.0068,60.430308,0.0046,40.879326,0.0047,41.768007,APAD
BKB-1049,23.6477366,88.6734027,FCBK,coal,Khulna,Bangladesh,operating,"8,886.81",0.0097,86.202057,0.0068,60.430308,0.0046,40.879326,0.0047,41.768007,APAD
BKB-1050,23.71046893,89.71968974,FCBK,coal,Dhaka,Bangladesh,operating,"8,886.81",0.0097,86.202057,0.0068,60.430308,0.0046,40.879326,0.0047,41.768007,APAD
BKB-1051,23.87053343,88.97730864,FCBK,coal,Khulna,Bangladesh,operating,"8,886.81",0.0097,86.202057,0.0068,60.430308,0.0046,40.879326,0.0047,41.768007,APAD
BKB-1052,24.54154742,90.00495319,FCBK,coal,Dhaka,Bangladesh,operating,"8,886.81",0.0097,86.202057,0.0068,60.430308,0.0046,40.879326,0.0047,41.768007,APAD
BKB-1053,25.02069484,89.8434368,FCBK,coal,Mymensingh,Bangladesh,operating,"8,886.81",0.0097,86.202057,0.0068,60.430308,0.0046,40.879326,0.0047,41.768007,APAD
BKB-1054,24.02888183,88.98013518,FCBK,coal,Khulna,Bangladesh,operating,"8,886.81",0.0097,86.202057,0.0068,60.430308,0.0046,40.879326,0.0047,41.768007,APAD
BKB-1055,23.5537974,89.26098978,FCBK,coal,Khulna,Bangladesh,operating,"8,886.81",0.0097,86.202057,0.0068,60.430308,0.0046,40.879326,0.0047,41.768007,APAD
BKB-1056,23.78070364,89.18130404,FCBK,coal,Khulna,Bangladesh,operating,"8,886.81",0.0097,86.202057,0.0068,60.430308,0.0046,40.879326,0.0047,41.768007,APAD
BKB-1057,24.5207919,88.82064626,FCBK,coal,Rajshahi,Bangladesh,operating,"8,886.81",0.0097,86.202057,0.0068,60.430308,0.0046,40.879326,0.0047,41.768007,APAD
BKB-1058,23.99108642,89.18156427,FCBK,coal,Rajshahi,Bangladesh,operating,"8,886.81",0.0097,86.202057,0.0068,60.430308,0.0046,40.879326,0.0047,41.768007,APAD
BKB-1059,23.98811429,89.17914014,FCBK,coal,Rajshahi,Bangladesh,operating,"8,886.81",0.0097,86.202057,0.0068,60.430308,0.0046,40.879326,0.0047,41.768007,APAD
BKB-1060,23.98978113,89.18009152,FCBK,coal,Rajshahi,Bangladesh,operating,"8,886.81",0.0097,86.202057,0.0068,60.430308,0.0046,40.879326,0.0047,41.768007,APAD
BKB-1061,25.05887851,88.75755814,FCBK,coal,Rajshahi,Bangladesh,operating,"8,886.81",0.0097,86.202057,0.0068,60.430308,0.0046,40.879326,0.0047,41.768007,APAD
BKB-1062,23.9524329,89.34816449,FCBK,coal,Rajshahi,Bangladesh,operating,"8,886.81",0.0097,86.202057,0.0068,60.430308,0.0046,40.879326,0.0047,41.768007,APAD
BKB-1063,23.77580665,89.98338225,FCBK,coal,Dhaka,Bangladesh,operating,"8,886.81",0.0097,86.202057,0.0068,60.430308,0.0046,40.879326,0.0047,41.768007,APAD
BKB-1064,23.70629976,89.71841173,FCBK,coal,Dhaka,Bangladesh,operating,"8,886.81",0.0097,86.202057,0.0068,60.430308,0.0046,40.879326,0.0047,41.768007,APAD
BKB-1065,23.62168656,89.20322504,FCBK,coal,Khulna,Bangladesh,operating,"8,886.81",0.0097,86.202057,0.0068,60.430308,0.0046,40.879326,0.0047,41.768007,APAD
BKB-1066,23.84905558,89.71643255,FCBK,coal,Rajshahi,Bangladesh,operating,"8,886.81",0.0097,86.202057,0.0068,60.430308,0.0046,40.879326,0.0047,41.768007,APAD
BKB-1067,23.84905558,89.7163143,FCBK,coal,Rajshahi,Bangladesh,operating,"8,886.81",0.0097,86.202057,0.0068,60.430308,0.0046,40.879326,0.0047,41.768007,APAD
BKB-1068,23.92583732,88.98662604,FCBK,coal,Khulna,Bangladesh,operating,"8,886.81",0.0097,86.202057,0.0068,60.430308,0.0046,40.879326,0.0047,41.768007,APAD
BKB-1069,23.91082741,90.14118039,FCBK,coal,Dhaka,Bangladesh,operating,"8,886.81",0.0097,86.202057,0.0068,60.430308,0.0046,40.879326,0.0047,41.768007,APAD
BKB-1070,23.88039968,90.34400141,FCBK,coal,Dhaka,Bangladesh,operating,"8,886.81",0.0097,86.202057,0.0068,60.430308,0.0046,40.879326,0.0047,41.768007,APAD
BKB-1071,24.62410546,88.74995698,FCBK,coal,Rajshahi,Bangladesh,operating,"8,886.81",0.0097,86.202057,0.0068,60.430308,0.0046,40.879326,0.0047,41.768007,APAD
BKB-1072,23.73217943,89.76379789,FCBK,coal,Dhaka,Bangladesh,operating,"8,886.81",0.0097,86.202057,0.0068,60.430308,0.0046,40.879326,0.0047,41.768007,APAD
BKB-1073,23.9152062,90.1626472,FCBK,coal,Dhaka,Bangladesh,operating,"8,886.81",0.0097,86.202057,0.0068,60.430308,0.0046,40.879326,0.0047,41.768007,APAD
BKB-1074,23.91624386,90.16493694,FCBK,coal,Dhaka,Bangladesh,operating,"8,886.81",0.0097,86.202057,0.0068,60.430308,0.0046,40.879326,0.0047,41.768007,APAD
BKB-1075,23.88598555,90.27124689,FCBK,coal,Dhaka,Bangladesh,operating,"8,886.81",0.0097,86.202057,0.0068,60.430308,0.0046,40.879326,0.0047,41.768007,APAD
BKB-1076,23.83841844,89.42522028,FCBK,coal,Dhaka,Bangladesh,operating,"8,886.81",0.0097,86.202057,0.0068,60.430308,0.0046,40.879326,0.0047,41.768007,APAD
BKB-1077,24.09406948,89.71417473,FCBK,coal,Rajshahi,Bangladesh,operating,"8,886.81",0.0097,86.202057,0.0068,60.430308,0.0046,40.879326,0.0047,41.768007,APAD
BKB-1078,23.83672916,88.74535368,FCBK,coal,Khulna,Bangladesh,operating,"8,886.81",0.0097,86.202057,0.0068,60.430308,0.0046,40.879326,0.0047,41.768007,APAD
BKB-1079,23.79514412,89.11395368,FCBK,coal,Khulna,Bangladesh,operating,"8,886.81",0.0097,86.202057,0.0068,60.430308,0.0046,40.879326,0.0047,41.768007,APAD
BKB-1080,23.76048956,89.62081604,FCBK,coal,Dhaka,Bangladesh,operating,"8,886.81",0.0097,86.202057,0.0068,60.430308,0.0046,40.879326,0.0047,41.768007,APAD
BKB-1081,24.6968684,89.07987286,FCBK,coal,Rajshahi,Bangladesh,operating,"8,886.81",0.0097,86.202057,0.0068,60.430308,0.0046,40.879326,0.0047,41.768007,APAD
BKB-1082,23.72624436,89.76548505,FCBK,coal,Dhaka,Bangladesh,operating,"8,886.81",0.0097,86.202057,0.0068,60.430308,0.0046,40.879326,0.0047,41.768007,APAD
BKB-1083,23.90474205,89.04012868,FCBK,coal,Khulna,Bangladesh,operating,"8,886.81",0.0097,86.202057,0.0068,60.430308,0.0046,40.879326,0.0047,41.768007,APAD
BKB-1084,24.01602899,89.09258741,FCBK,coal,Rajshahi,Bangladesh,operating,"8,886.81",0.0097,86.202057,0.0068,60.430308,0.0046,40.879326,0.0047,41.768007,APAD
BKB-1085,24.01563928,89.09344741,FCBK,coal,Rajshahi,Bangladesh,operating,"8,886.81",0.0097,86.202057,0.0068,60.430308,0.0046,40.879326,0.0047,41.768007,APAD
BKB-1086,24.01263897,89.09365166,FCBK,coal,Rajshahi,Bangladesh,operating,"8,886.81",0.0097,86.202057,0.0068,60.430308,0.0046,40.879326,0.0047,41.768007,APAD
BKB-1087,24.0176254,89.09331303,FCBK,coal,Rajshahi,Bangladesh,operating,"8,886.81",0.0097,86.202057,0.0068,60.430308,0.0046,40.879326,0.0047,41.768007,APAD
BKB-1088,24.01720282,89.09514053,FCBK,coal,Rajshahi,Bangladesh,operating,"8,886.81",0.0097,86.202057,0.0068,60.430308,0.0046,40.879326,0.0047,41.768007,APAD
BKB-1089,24.01313198,89.09552215,FCBK,coal,Rajshahi,Bangladesh,operating,"8,886.81",0.0097,86.202057,0.0068,60.430308,0.0046,40.879326,0.0047,41.768007,APAD
BKB-1090,23.68843545,89.23162704,FCBK,coal,Khulna,Bangladesh,operating,"8,886.81",0.0097,86.202057,0.0068,60.430308,0.0046,40.879326,0.0047,41.768007,APAD
BKB-1091,23.68932287,89.23444355,FCBK,coal,Khulna,Bangladesh,operating,"8,886.81",0.0097,86.202057,0.0068,60.430308,0.0046,40.879326,0.0047,41.768007,APAD
BKB-1092,24.50897934,89.97175906,FCBK,coal,Dhaka,Bangladesh,operating,"8,886.81",0.0097,86.202057,0.0068,60.430308,0.0046,40.879326,0.0047,41.768007,APAD
BKB-1093,25.19894465,89.03178059,FCBK,coal,Rajshahi,Bangladesh,operating,"8,886.81",0.0097,86.202057,0.0068,60.430308,0.0046,40.879326,0.0047,41.768007,APAD
BKB-1094,23.78513791,90.08279278,FCBK,coal,Dhaka,Bangladesh,operating,"8,886.81",0.0097,86.202057,0.0068,60.430308,0.0046,40.879326,0.0047,41.768007,APAD
BKB-1095,23.84744277,89.23109483,FCBK,coal,Khulna,Bangladesh,operating,"8,886.81",0.0097,86.202057,0.0068,60.430308,0.0046,40.879326,0.0047,41.768007,APAD
BKB-1096,23.69991517,89.68089917,FCBK,coal,Dhaka,Bangladesh,operating,"8,886.81",0.0097,86.202057,0.0068,60.430308,0.0046,40.879326,0.0047,41.768007,APAD
BKB-1097,23.72706335,89.01595989,FCBK,coal,Khulna,Bangladesh,operating,"8,886.81",0.0097,86.202057,0.0068,60.430308,0.0046,40.879326,0.0047,41.768007,APAD
BKB-1098,24.00182596,89.01070325,FCBK,coal,Khulna,Bangladesh,operating,"8,886.81",0.0097,86.202057,0.0068,60.430308,0.0046,40.879326,0.0047,41.768007,APAD
BKB-1099,24.00456803,89.01184813,FCBK,coal,Khulna,Bangladesh,operating,"8,886.81",0.0097,86.202057,0.0068,60.430308,0.0046,40.879326,0.0047,41.768007,APAD
BKB-1100,24.00465724,89.01184275,FCBK,coal,Khulna,Bangladesh,operating,"8,886.81",0.0097,86.202057,0.0068,60.430308,0.0046,40.879326,0.0047,41.768007,APAD
BKB-1101,23.96713745,89.25356835,FCBK,coal,Rajshahi,Bangladesh,operating,"8,886.81",0.0097,86.202057,0.0068,60.430308,0.0046,40.879326,0.0047,41.768007,APAD
BKB-1102,23.96922686,89.25115497,FCBK,coal,Rajshahi,Bangladesh,operating,"8,886.81",0.0097,86.202057,0.0068,60.430308,0.0046,40.879326,0.0047,41.768007,APAD
BKB-1103,23.70949033,88.64972343,FCBK,coal,Khulna,Bangladesh,operating,"8,886.81",0.0097,86.202057,0.0068,60.430308,0.0046,40.879326,0.0047,41.768007,APAD
BKB-1104,24.01555726,89.01321703,FCBK,coal,Khulna,Bangladesh,operating,"8,886.81",0.0097,86.202057,0.0068,60.430308,0.0046,40.879326,0.0047,41.768007,APAD
BKB-1105,23.67469311,89.37434888,FCBK,coal,Dhaka,Bangladesh,operating,"8,886.81",0.0097,86.202057,0.0068,60.430308,0.0046,40.879326,0.0047,41.768007,APAD
BKB-1106,23.81313358,88.66250347,FCBK,coal,Khulna,Bangladesh,operating,"8,886.81",0.0097,86.202057,0.0068,60.430308,0.0046,40.879326,0.0047,41.768007,APAD
BKB-1107,23.7808265,88.67505069,FCBK,coal,Khulna,Bangladesh,operating,"8,886.81",0.0097,86.202057,0.0068,60.430308,0.0046,40.879326,0.0047,41.768007,APAD
BKB-1108,23.9755458,89.19083206,FCBK,coal,Khulna,Bangladesh,operating,"8,886.81",0.0097,86.202057,0.0068,60.430308,0.0046,40.879326,0.0047,41.768007,APAD
BKB-1109,23.59406604,88.72456751,FCBK,coal,Khulna,Bangladesh,operating,"8,886.81",0.0097,86.202057,0.0068,60.430308,0.0046,40.879326,0.0047,41.768007,APAD
BKB-1110,23.72878825,89.52904925,FCBK,coal,Dhaka,Bangladesh,operating,"8,886.81",0.0097,86.202057,0.0068,60.430308,0.0046,40.879326,0.0047,41.768007,APAD
BKB-1111,23.83986615,89.25927363,FCBK,coal,Khulna,Bangladesh,operating,"8,886.81",0.0097,86.202057,0.0068,60.430308,0.0046,40.879326,0.0047,41.768007,APAD
BKB-1112,23.98164091,89.17875055,FCBK,coal,Khulna,Bangladesh,operating,"8,886.81",0.0097,86.202057,0.0068,60.430308,0.0046,40.879326,0.0047,41.768007,APAD
BKB-1113,23.98214331,89.1830398,FCBK,coal,Khulna,Bangladesh,operating,"8,886.81",0.0097,86.202057,0.0068,60.430308,0.0046,40.879326,0.0047,41.768007,APAD
BKB-1114,24.11385277,89.88109548,FCBK,coal,Dhaka,Bangladesh,operating,"8,886.81",0.0097,86.202057,0.0068,60.430308,0.0046,40.879326,0.0047,41.768007,APAD
BKB-1115,23.6969526,89.25691191,FCBK,coal,Khulna,Bangladesh,operating,"8,886.81",0.0097,86.202057,0.0068,60.430308,0.0046,40.879326,0.0047,41.768007,APAD
BKB-1116,23.69677888,89.25943279,FCBK,coal,Khulna,Bangladesh,operating,"8,886.81",0.0097,86.202057,0.0068,60.430308,0.0046,40.879326,0.0047,41.768007,APAD
BKB-1117,23.95647038,89.22447894,FCBK,coal,Khulna,Bangladesh,operating,"8,886.81",0.0097,86.202057,0.0068,60.430308,0.0046,40.879326,0.0047,41.768007,APAD
BKB-1118,23.9572451,89.22279656,FCBK,coal,Khulna,Bangladesh,operating,"8,886.81",0.0097,86.202057,0.0068,60.430308,0.0046,40.879326,0.0047,41.768007,APAD
BKB-1119,23.95446548,89.22014669,FCBK,coal,Khulna,Bangladesh,operating,"8,886.81",0.0097,86.202057,0.0068,60.430308,0.0046,40.879326,0.0047,41.768007,APAD
BKB-1120,23.76812947,88.6232618,FCBK,coal,Khulna,Bangladesh,operating,"8,886.81",0.0097,86.202057,0.0068,60.430308,0.0046,40.879326,0.0047,41.768007,APAD
BKB-1121,24.22390244,89.51910403,FCBK,coal,Rajshahi,Bangladesh,operating,"8,886.81",0.0097,86.202057,0.0068,60.430308,0.0046,40.879326,0.0047,41.768007,APAD
BKB-1122,23.57480441,88.71646582,FCBK,coal,Khulna,Bangladesh,operating,"8,886.81",0.0097,86.202057,0.0068,60.430308,0.0046,40.879326,0.0047,41.768007,APAD
BKB-1123,24.4826681,89.51346146,FCBK,coal,Rajshahi,Bangladesh,operating,"8,886.81",0.0097,86.202057,0.0068,60.430308,0.0046,40.879326,0.0047,41.768007,APAD
BKB-1124,24.02059911,89.07140571,FCBK,coal,Rajshahi,Bangladesh,operating,"8,886.81",0.0097,86.202057,0.0068,60.430308,0.0046,40.879326,0.0047,41.768007,APAD
BKB-1125,23.77414909,89.24294073,FCBK,coal,Khulna,Bangladesh,operating,"8,886.81",0.0097,86.202057,0.0068,60.430308,0.0046,40.879326,0.0047,41.768007,APAD
BKB-1126,23.7735387,89.24138198,FCBK,coal,Khulna,Bangladesh,operating,"8,886.81",0.0097,86.202057,0.0068,60.430308,0.0046,40.879326,0.0047,41.768007,APAD
BKB-1127,23.94970447,90.15061879,FCBK,coal,Dhaka,Bangladesh,operating,"8,886.81",0.0097,86.202057,0.0068,60.430308,0.0046,40.879326,0.0047,41.768007,APAD
BKB-1128,23.99538461,89.72162891,FCBK,coal,Dhaka,Bangladesh,operating,"8,886.81",0.0097,86.202057,0.0068,60.430308,0.0046,40.879326,0.0047,41.768007,APAD
BKB-1129,24.77218935,89.64182049,FCBK,coal,Rajshahi,Bangladesh,operating,"8,886.81",0.0097,86.202057,0.0068,60.430308,0.0046,40.879326,0.0047,41.768007,APAD
BKB-1130,24.03971984,89.06971424,FCBK,coal,Rajshahi,Bangladesh,operating,"8,886.81",0.0097,86.202057,0.0068,60.430308,0.0046,40.879326,0.0047,41.768007,APAD
BKB-1131,24.55512969,88.8063867,FCBK,coal,Rajshahi,Bangladesh,operating,"8,886.81",0.0097,86.202057,0.0068,60.430308,0.0046,40.879326,0.0047,41.768007,APAD
BKB-1132,23.68858417,89.28211581,FCBK,coal,Khulna,Bangladesh,operating,"8,886.81",0.0097,86.202057,0.0068,60.430308,0.0046,40.879326,0.0047,41.768007,APAD
BKB-1133,25.05133973,90.00935711,FCBK,coal,Mymensingh,Bangladesh,operating,"8,886.81",0.0097,86.202057,0.0068,60.430308,0.0046,40.879326,0.0047,41.768007,APAD
BKB-1134,25.05348549,90.00838423,FCBK,coal,Mymensingh,Bangladesh,operating,"8,886.81",0.0097,86.202057,0.0068,60.430308,0.0046,40.879326,0.0047,41.768007,APAD
BKB-1135,25.05303944,90.00726086,FCBK,coal,Mymensingh,Bangladesh,operating,"8,886.81",0.0097,86.202057,0.0068,60.430308,0.0046,40.879326,0.0047,41.768007,APAD
BKB-1136,24.10344101,90.19662259,FCBK,coal,Dhaka,Bangladesh,operating,"8,886.81",0.0097,86.202057,0.0068,60.430308,0.0046,40.879326,0.0047,41.768007,APAD
BKB-1137,23.92671956,88.98299311,FCBK,coal,Khulna,Bangladesh,operating,"8,886.81",0.0097,86.202057,0.0068,60.430308,0.0046,40.879326,0.0047,41.768007,APAD
BKB-1138,23.82931577,88.84650903,FCBK,coal,Khulna,Bangladesh,operating,"8,886.81",0.0097,86.202057,0.0068,60.430308,0.0046,40.879326,0.0047,41.768007,APAD
BKB-1139,23.77492418,89.63823213,FCBK,coal,Dhaka,Bangladesh,operating,"8,886.81",0.0097,86.202057,0.0068,60.430308,0.0046,40.879326,0.0047,41.768007,APAD
BKB-1140,24.97502711,89.84425047,FCBK,coal,Mymensingh,Bangladesh,operating,"8,886.81",0.0097,86.202057,0.0068,60.430308,0.0046,40.879326,0.0047,41.768007,APAD
BKB-1141,23.80399227,89.40560767,FCBK,coal,Dhaka,Bangladesh,operating,"8,886.81",0.0097,86.202057,0.0068,60.430308,0.0046,40.879326,0.0047,41.768007,APAD
BKB-1142,24.1057855,90.17714199,FCBK,coal,Dhaka,Bangladesh,operating,"8,886.81",0.0097,86.202057,0.0068,60.430308,0.0046,40.879326,0.0047,41.768007,APAD
BKB-1143,23.81697693,88.66761829,FCBK,coal,Khulna,Bangladesh,operating,"8,886.81",0.0097,86.202057,0.0068,60.430308,0.0046,40.879326,0.0047,41.768007,APAD
BKB-1144,24.37309031,88.61935784,FCBK,coal,Rajshahi,Bangladesh,operating,"8,886.81",0.0097,86.202057,0.0068,60.430308,0.0046,40.879326,0.0047,41.768007,APAD
BKB-1145,23.91199969,89.73916067,FCBK,coal,Dhaka,Bangladesh,operating,"8,886.81",0.0097,86.202057,0.0068,60.430308,0.0046,40.879326,0.0047,41.768007,APAD
BKB-1146,23.86189782,89.47795359,FCBK,coal,Rajshahi,Bangladesh,operating,"8,886.81",0.0097,86.202057,0.0068,60.430308,0.0046,40.879326,0.0047,41.768007,APAD
BKB-1147,24.19976995,89.69388353,FCBK,coal,Rajshahi,Bangladesh,operating,"8,886.81",0.0097,86.202057,0.0068,60.430308,0.0046,40.879326,0.0047,41.768007,APAD
BKB-1148,23.9053905,90.30017714,FCBK,coal,Dhaka,Bangladesh,operating,"8,886.81",0.0097,86.202057,0.0068,60.430308,0.0046,40.879326,0.0047,41.768007,APAD
BKB-1149,23.96607313,89.04609666,FCBK,coal,Khulna,Bangladesh,operating,"8,886.81",0.0097,86.202057,0.0068,60.430308,0.0046,40.879326,0.0047,41.768007,APAD
BKB-1150,23.91700204,90.33708091,FCBK,coal,Dhaka,Bangladesh,operating,"8,886.81",0.0097,86.202057,0.0068,60.430308,0.0046,40.879326,0.0047,41.768007,APAD
BKB-1151,23.71919812,88.71946275,FCBK,coal,Khulna,Bangladesh,operating,"8,886.81",0.0097,86.202057,0.0068,60.430308,0.0046,40.879326,0.0047,41.768007,APAD
BKB-1152,23.83765052,89.22542338,FCBK,coal,Khulna,Bangladesh,operating,"8,886.81",0.0097,86.202057,0.0068,60.430308,0.0046,40.879326,0.0047,41.768007,APAD
BKB-1153,23.83804962,89.22963739,FCBK,coal,Khulna,Bangladesh,operating,"8,886.81",0.0097,86.202057,0.0068,60.430308,0.0046,40.879326,0.0047,41.768007,APAD
BKB-1154,24.10696736,89.37223043,FCBK,coal,Rajshahi,Bangladesh,operating,"8,886.81",0.0097,86.202057,0.0068,60.430308,0.0046,40.879326,0.0047,41.768007,APAD
BKB-1155,24.03417675,89.49404666,FCBK,coal,Rajshahi,Bangladesh,operating,"8,886.81",0.0097,86.202057,0.0068,60.430308,0.0046,40.879326,0.0047,41.768007,APAD
BKB-1156,23.75084915,89.13157677,FCBK,coal,Khulna,Bangladesh,operating,"8,886.81",0.0097,86.202057,0.0068,60.430308,0.0046,40.879326,0.0047,41.768007,APAD
BKB-1157,23.74973166,89.13073827,FCBK,coal,Khulna,Bangladesh,operating,"8,886.81",0.0097,86.202057,0.0068,60.430308,0.0046,40.879326,0.0047,41.768007,APAD
BKB-1158,24.63300465,88.71086768,FCBK,coal,Rajshahi,Bangladesh,operating,"8,886.81",0.0097,86.202057,0.0068,60.430308,0.0046,40.879326,0.0047,41.768007,APAD
BKB-1159,24.91877797,89.01839293,FCBK,coal,Rajshahi,Bangladesh,operating,"8,886.81",0.0097,86.202057,0.0068,60.430308,0.0046,40.879326,0.0047,41.768007,APAD
BKB-1160,24.89376407,89.11483859,FCBK,coal,Rajshahi,Bangladesh,operating,"8,886.81",0.0097,86.202057,0.0068,60.430308,0.0046,40.879326,0.0047,41.768007,APAD
BKB-1161,23.85319665,89.11407784,FCBK,coal,Khulna,Bangladesh,operating,"8,886.81",0.0097,86.202057,0.0068,60.430308,0.0046,40.879326,0.0047,41.768007,APAD
BKB-1162,23.78333429,89.45215799,FCBK,coal,Dhaka,Bangladesh,operating,"8,886.81",0.0097,86.202057,0.0068,60.430308,0.0046,40.879326,0.0047,41.768007,APAD
BKB-1163,23.89184688,90.18451596,FCBK,coal,Dhaka,Bangladesh,operating,"8,886.81",0.0097,86.202057,0.0068,60.430308,0.0046,40.879326,0.0047,41.768007,APAD
BKB-1164,23.77097954,88.92048194,FCBK,coal,Khulna,Bangladesh,operating,"8,886.81",0.0097,86.202057,0.0068,60.430308,0.0046,40.879326,0.0047,41.768007,APAD
BKB-1165,23.5930001,88.78565255,FCBK,coal,Khulna,Bangladesh,operating,"8,886.81",0.0097,86.202057,0.0068,60.430308,0.0046,40.879326,0.0047,41.768007,APAD
BKB-1166,23.88598703,89.16930849,FCBK,coal,Khulna,Bangladesh,operating,"8,886.81",0.0097,86.202057,0.0068,60.430308,0.0046,40.879326,0.0047,41.768007,APAD
BKB-1167,23.85490758,89.09439828,FCBK,coal,Khulna,Bangladesh,operating,"8,886.81",0.0097,86.202057,0.0068,60.430308,0.0046,40.879326,0.0047,41.768007,APAD
BKB-1168,24.31610857,88.70419255,FCBK,coal,Rajshahi,Bangladesh,operating,"8,886.81",0.0097,86.202057,0.0068,60.430308,0.0046,40.879326,0.0047,41.768007,APAD
BKB-1169,23.98613458,89.2289147,FCBK,coal,Rajshahi,Bangladesh,operating,"8,886.81",0.0097,86.202057,0.0068,60.430308,0.0046,40.879326,0.0047,41.768007,APAD
BKB-1170,24.00740005,89.01250221,FCBK,coal,Khulna,Bangladesh,operating,"8,886.81",0.0097,86.202057,0.0068,60.430308,0.0046,40.879326,0.0047,41.768007,APAD
BKB-1171,23.80282678,89.40371655,FCBK,coal,Dhaka,Bangladesh,operating,"8,886.81",0.0097,86.202057,0.0068,60.430308,0.0046,40.879326,0.0047,41.768007,APAD
BKB-1172,24.06057006,89.36090769,FCBK,coal,Rajshahi,Bangladesh,operating,"8,886.81",0.0097,86.202057,0.0068,60.430308,0.0046,40.879326,0.0047,41.768007,APAD
BKB-1173,23.81072261,88.92038365,FCBK,coal,Khulna,Bangladesh,operating,"8,886.81",0.0097,86.202057,0.0068,60.430308,0.0046,40.879326,0.0047,41.768007,APAD
BKB-1174,23.99590427,89.00741597,FCBK,coal,Khulna,Bangladesh,operating,"8,886.81",0.0097,86.202057,0.0068,60.430308,0.0046,40.879326,0.0047,41.768007,APAD
BKB-1175,23.99454262,89.0075826,FCBK,coal,Khulna,Bangladesh,operating,"8,886.81",0.0097,86.202057,0.0068,60.430308,0.0046,40.879326,0.0047,41.768007,APAD
BKB-1176,23.99462194,89.00782227,FCBK,coal,Khulna,Bangladesh,operating,"8,886.81",0.0097,86.202057,0.0068,60.430308,0.0046,40.879326,0.0047,41.768007,APAD
BKB-1177,25.35128019,89.47324512,FCBK,coal,Rangpur,Bangladesh,operating,"8,886.81",0.0097,86.202057,0.0068,60.430308,0.0046,40.879326,0.0047,41.768007,APAD
BKB-1178,23.96355555,89.25543251,FCBK,coal,Rajshahi,Bangladesh,operating,"8,886.81",0.0097,86.202057,0.0068,60.430308,0.0046,40.879326,0.0047,41.768007,APAD
BKB-1179,23.84856011,89.81172727,FCBK,coal,Dhaka,Bangladesh,operating,"8,886.81",0.0097,86.202057,0.0068,60.430308,0.0046,40.879326,0.0047,41.768007,APAD
BKB-1180,23.84870567,89.81089415,FCBK,coal,Dhaka,Bangladesh,operating,"8,886.81",0.0097,86.202057,0.0068,60.430308,0.0046,40.879326,0.0047,41.768007,APAD
BKB-1181,23.8485695,89.81184015,FCBK,coal,Dhaka,Bangladesh,operating,"8,886.81",0.0097,86.202057,0.0068,60.430308,0.0046,40.879326,0.0047,41.768007,APAD
BKB-1182,24.96396437,89.08620013,FCBK,coal,Rajshahi,Bangladesh,operating,"8,886.81",0.0097,86.202057,0.0068,60.430308,0.0046,40.879326,0.0047,41.768007,APAD
BKB-1183,24.00450218,89.10540378,FCBK,coal,Rajshahi,Bangladesh,operating,"8,886.81",0.0097,86.202057,0.0068,60.430308,0.0046,40.879326,0.0047,41.768007,APAD
BKB-1184,24.00605633,89.10418903,FCBK,coal,Rajshahi,Bangladesh,operating,"8,886.81",0.0097,86.202057,0.0068,60.430308,0.0046,40.879326,0.0047,41.768007,APAD
BKB-1185,24.0054835,89.10800528,FCBK,coal,Rajshahi,Bangladesh,operating,"8,886.81",0.0097,86.202057,0.0068,60.430308,0.0046,40.879326,0.0047,41.768007,APAD
BKB-1186,24.21764357,89.12813537,FCBK,coal,Rajshahi,Bangladesh,operating,"8,886.81",0.0097,86.202057,0.0068,60.430308,0.0046,40.879326,0.0047,41.768007,APAD
BKB-1187,23.88250022,88.79798815,FCBK,coal,Khulna,Bangladesh,operating,"8,886.81",0.0097,86.202057,0.0068,60.430308,0.0046,40.879326,0.0047,41.768007,APAD
BKB-1188,23.88550522,88.80116478,FCBK,coal,Khulna,Bangladesh,operating,"8,886.81",0.0097,86.202057,0.0068,60.430308,0.0046,40.879326,0.0047,41.768007,APAD
BKB-1189,23.85151423,89.25671531,FCBK,coal,Khulna,Bangladesh,operating,"8,886.81",0.0097,86.202057,0.0068,60.430308,0.0046,40.879326,0.0047,41.768007,APAD
BKB-1190,23.92544354,90.16386988,FCBK,coal,Dhaka,Bangladesh,operating,"8,886.81",0.0097,86.202057,0.0068,60.430308,0.0046,40.879326,0.0047,41.768007,APAD
BKB-1191,23.92454204,90.16358501,FCBK,coal,Dhaka,Bangladesh,operating,"8,886.81",0.0097,86.202057,0.0068,60.430308,0.0046,40.879326,0.0047,41.768007,APAD
BKB-1192,24.22675427,89.57988002,FCBK,coal,Rajshahi,Bangladesh,operating,"8,886.81",0.0097,86.202057,0.0068,60.430308,0.0046,40.879326,0.0047,41.768007,APAD
BKB-1193,24.48727418,89.30860929,FCBK,coal,Rajshahi,Bangladesh,operating,"8,886.81",0.0097,86.202057,0.0068,60.430308,0.0046,40.879326,0.0047,41.768007,APAD
BKB-1194,24.01471687,89.10986906,FCBK,coal,Rajshahi,Bangladesh,operating,"8,886.81",0.0097,86.202057,0.0068,60.430308,0.0046,40.879326,0.0047,41.768007,APAD
BKB-1195,24.01451967,89.11126656,FCBK,coal,Rajshahi,Bangladesh,operating,"8,886.81",0.0097,86.202057,0.0068,60.430308,0.0046,40.879326,0.0047,41.768007,APAD
BKB-1196,24.09233892,90.10408718,FCBK,coal,Dhaka,Bangladesh,operating,"8,886.81",0.0097,86.202057,0.0068,60.430308,0.0046,40.879326,0.0047,41.768007,APAD
BKB-1197,23.89041392,89.45589007,FCBK,coal,Rajshahi,Bangladesh,operating,"8,886.81",0.0097,86.202057,0.0068,60.430308,0.0046,40.879326,0.0047,41.768007,APAD
BKB-1198,23.75728781,89.06301815,FCBK,coal,Khulna,Bangladesh,operating,"8,886.81",0.0097,86.202057,0.0068,60.430308,0.0046,40.879326,0.0047,41.768007,APAD
BKB-1199,25.1144359,90.20227685,FCBK,coal,Mymensingh,Bangladesh,operating,"8,886.81",0.0097,86.202057,0.0068,60.430308,0.0046,40.879326,0.0047,41.768007,APAD
BKB-1200,23.74173757,88.9136158,FCBK,coal,Khulna,Bangladesh,operating,"8,886.81",0.0097,86.202057,0.0068,60.430308,0.0046,40.879326,0.0047,41.768007,APAD
BKB-1201,23.89690331,88.83693422,FCBK,coal,Khulna,Bangladesh,operating,"8,886.81",0.0097,86.202057,0.0068,60.430308,0.0046,40.879326,0.0047,41.768007,APAD
BKB-1202,24.36122339,89.24991474,FCBK,coal,Rajshahi,Bangladesh,operating,"8,886.81",0.0097,86.202057,0.0068,60.430308,0.0046,40.879326,0.0047,41.768007,APAD
BKB-1203,24.01737908,88.78090665,FCBK,coal,Khulna,Bangladesh,operating,"8,886.81",0.0097,86.202057,0.0068,60.430308,0.0046,40.879326,0.0047,41.768007,APAD
BKB-1204,24.19506273,88.93182269,FCBK,coal,Rajshahi,Bangladesh,operating,"8,886.81",0.0097,86.202057,0.0068,60.430308,0.0046,40.879326,0.0047,41.768007,APAD
BKB-1205,24.77542031,88.38919491,FCBK,coal,Rajshahi,Bangladesh,operating,"8,886.81",0.0097,86.202057,0.0068,60.430308,0.0046,40.879326,0.0047,41.768007,APAD
BKB-1206,24.79963084,89.00180848,FCBK,coal,Rajshahi,Bangladesh,operating,"8,886.81",0.0097,86.202057,0.0068,60.430308,0.0046,40.879326,0.0047,41.768007,APAD
BKB-1207,24.49873036,89.50837879,FCBK,coal,Rajshahi,Bangladesh,operating,"8,886.81",0.0097,86.202057,0.0068,60.430308,0.0046,40.879326,0.0047,41.768007,APAD
BKB-1208,23.95352653,89.21387044,FCBK,coal,Khulna,Bangladesh,operating,"8,886.81",0.0097,86.202057,0.0068,60.430308,0.0046,40.879326,0.0047,41.768007,APAD
BKB-1209,23.95184561,89.21415531,FCBK,coal,Khulna,Bangladesh,operating,"8,886.81",0.0097,86.202057,0.0068,60.430308,0.0046,40.879326,0.0047,41.768007,APAD
BKB-1210,23.91863673,89.0030448,FCBK,coal,Khulna,Bangladesh,operating,"8,886.81",0.0097,86.202057,0.0068,60.430308,0.0046,40.879326,0.0047,41.768007,APAD
BKB-1211,23.89315705,88.86151512,FCBK,coal,Khulna,Bangladesh,operating,"8,886.81",0.0097,86.202057,0.0068,60.430308,0.0046,40.879326,0.0047,41.768007,APAD
BKB-1212,23.85528971,89.48077894,FCBK,coal,Rajshahi,Bangladesh,operating,"8,886.81",0.0097,86.202057,0.0068,60.430308,0.0046,40.879326,0.0047,41.768007,APAD
BKB-1213,25.40983017,89.11016971,FCBK,coal,Rangpur,Bangladesh,operating,"8,886.81",0.0097,86.202057,0.0068,60.430308,0.0046,40.879326,0.0047,41.768007,APAD
BKB-1214,23.99694097,88.87225423,FCBK,coal,Khulna,Bangladesh,operating,"8,886.81",0.0097,86.202057,0.0068,60.430308,0.0046,40.879326,0.0047,41.768007,APAD
BKB-1215,23.99391719,88.87414085,FCBK,coal,Khulna,Bangladesh,operating,"8,886.81",0.0097,86.202057,0.0068,60.430308,0.0046,40.879326,0.0047,41.768007,APAD
BKB-1216,23.97994867,89.18917437,FCBK,coal,Khulna,Bangladesh,operating,"8,886.81",0.0097,86.202057,0.0068,60.430308,0.0046,40.879326,0.0047,41.768007,APAD
BKB-1217,23.97917864,89.18788974,FCBK,coal,Khulna,Bangladesh,operating,"8,886.81",0.0097,86.202057,0.0068,60.430308,0.0046,40.879326,0.0047,41.768007,APAD
BKB-1218,23.97929132,89.18568599,FCBK,coal,Khulna,Bangladesh,operating,"8,886.81",0.0097,86.202057,0.0068,60.430308,0.0046,40.879326,0.0047,41.768007,APAD
BKB-1219,23.9815216,89.18566986,FCBK,coal,Khulna,Bangladesh,operating,"8,886.81",0.0097,86.202057,0.0068,60.430308,0.0046,40.879326,0.0047,41.768007,APAD
BKB-1220,23.97799542,89.18670187,FCBK,coal,Khulna,Bangladesh,operating,"8,886.81",0.0097,86.202057,0.0068,60.430308,0.0046,40.879326,0.0047,41.768007,APAD
BKB-1221,24.62936165,88.24937485,FCBK,coal,Rajshahi,Bangladesh,operating,"8,886.81",0.0097,86.202057,0.0068,60.430308,0.0046,40.879326,0.0047,41.768007,APAD
BKB-1222,24.62718302,88.2517506,FCBK,coal,Rajshahi,Bangladesh,operating,"8,886.81",0.0097,86.202057,0.0068,60.430308,0.0046,40.879326,0.0047,41.768007,APAD
BKB-1223,24.62981709,88.2498586,FCBK,coal,Rajshahi,Bangladesh,operating,"8,886.81",0.0097,86.202057,0.0068,60.430308,0.0046,40.879326,0.0047,41.768007,APAD
BKB-1224,23.62262132,88.9170301,FCBK,coal,Khulna,Bangladesh,operating,"8,886.81",0.0097,86.202057,0.0068,60.430308,0.0046,40.879326,0.0047,41.768007,APAD
BKB-1225,25.13725757,90.26248828,FCBK,coal,Mymensingh,Bangladesh,operating,"8,886.81",0.0097,86.202057,0.0068,60.430308,0.0046,40.879326,0.0047,41.768007,APAD
BKB-1226,24.26917024,89.09195954,FCBK,coal,Rajshahi,Bangladesh,operating,"8,886.81",0.0097,86.202057,0.0068,60.430308,0.0046,40.879326,0.0047,41.768007,APAD
BKB-1227,24.39280072,88.66639874,FCBK,coal,Rajshahi,Bangladesh,operating,"8,886.81",0.0097,86.202057,0.0068,60.430308,0.0046,40.879326,0.0047,41.768007,APAD
BKB-1228,24.39270212,88.66640949,FCBK,coal,Rajshahi,Bangladesh,operating,"8,886.81",0.0097,86.202057,0.0068,60.430308,0.0046,40.879326,0.0047,41.768007,APAD
BKB-1229,24.36831166,88.57722972,FCBK,coal,Rajshahi,Bangladesh,operating,"8,886.81",0.0097,86.202057,0.0068,60.430308,0.0046,40.879326,0.0047,41.768007,APAD
BKB-1230,24.016133,89.08173896,FCBK,coal,Rajshahi,Bangladesh,operating,"8,886.81",0.0097,86.202057,0.0068,60.430308,0.0046,40.879326,0.0047,41.768007,APAD
BKB-1231,24.01825528,89.07801408,FCBK,coal,Rajshahi,Bangladesh,operating,"8,886.81",0.0097,86.202057,0.0068,60.430308,0.0046,40.879326,0.0047,41.768007,APAD
BKB-1232,24.0163349,89.07952445,FCBK,coal,Rajshahi,Bangladesh,operating,"8,886.81",0.0097,86.202057,0.0068,60.430308,0.0046,40.879326,0.0047,41.768007,APAD
BKB-1233,24.01648515,89.07824521,FCBK,coal,Rajshahi,Bangladesh,operating,"8,886.81",0.0097,86.202057,0.0068,60.430308,0.0046,40.879326,0.0047,41.768007,APAD
BKB-1234,24.01634429,89.08066933,FCBK,coal,Rajshahi,Bangladesh,operating,"8,886.81",0.0097,86.202057,0.0068,60.430308,0.0046,40.879326,0.0047,41.768007,APAD
BKB-1235,23.70089275,88.74669081,FCBK,coal,Khulna,Bangladesh,operating,"8,886.81",0.0097,86.202057,0.0068,60.430308,0.0046,40.879326,0.0047,41.768007,APAD
BKB-1236,24.88452626,89.75492922,FCBK,coal,Mymensingh,Bangladesh,operating,"8,886.81",0.0097,86.202057,0.0068,60.430308,0.0046,40.879326,0.0047,41.768007,APAD
BKB-1237,24.03279155,89.07671366,FCBK,coal,Rajshahi,Bangladesh,operating,"8,886.81",0.0097,86.202057,0.0068,60.430308,0.0046,40.879326,0.0047,41.768007,APAD
BKB-1238,24.46249712,90.08436077,FCBK,coal,Dhaka,Bangladesh,operating,"8,886.81",0.0097,86.202057,0.0068,60.430308,0.0046,40.879326,0.0047,41.768007,APAD
BKB-1239,23.96600181,89.17410131,FCBK,coal,Rajshahi,Bangladesh,operating,"8,886.81",0.0097,86.202057,0.0068,60.430308,0.0046,40.879326,0.0047,41.768007,APAD
BKB-1240,23.81303064,88.76429442,FCBK,coal,Khulna,Bangladesh,operating,"8,886.81",0.0097,86.202057,0.0068,60.430308,0.0046,40.879326,0.0047,41.768007,APAD
BKB-1241,23.80957489,88.76585317,FCBK,coal,Khulna,Bangladesh,operating,"8,886.81",0.0097,86.202057,0.0068,60.430308,0.0046,40.879326,0.0047,41.768007,APAD
BKB-1242,24.04091445,89.6896046,FCBK,coal,Rajshahi,Bangladesh,operating,"8,886.81",0.0097,86.202057,0.0068,60.430308,0.0046,40.879326,0.0047,41.768007,APAD
BKB-1243,24.04097079,89.69028185,FCBK,coal,Rajshahi,Bangladesh,operating,"8,886.81",0.0097,86.202057,0.0068,60.430308,0.0046,40.879326,0.0047,41.768007,APAD
BKB-1244,23.92258183,89.03067054,FCBK,coal,Khulna,Bangladesh,operating,"8,886.81",0.0097,86.202057,0.0068,60.430308,0.0046,40.879326,0.0047,41.768007,APAD
BKB-1245,23.9235115,89.03122954,FCBK,coal,Khulna,Bangladesh,operating,"8,886.81",0.0097,86.202057,0.0068,60.430308,0.0046,40.879326,0.0047,41.768007,APAD
BKB-1246,23.97331735,90.04596743,FCBK,coal,Dhaka,Bangladesh,operating,"8,886.81",0.0097,86.202057,0.0068,60.430308,0.0046,40.879326,0.0047,41.768007,APAD
BKB-1247,24.29468882,89.69641034,FCBK,coal,Rajshahi,Bangladesh,operating,"8,886.81",0.0097,86.202057,0.0068,60.430308,0.0046,40.879326,0.0047,41.768007,APAD
BKB-1248,26.0768211,88.45063599,FCBK,coal,Rangpur,Bangladesh,operating,"8,886.81",0.0097,86.202057,0.0068,60.430308,0.0046,40.879326,0.0047,41.768007,APAD
BKB-1249,24.22580041,89.12386752,FCBK,coal,Rajshahi,Bangladesh,operating,"8,886.81",0.0097,86.202057,0.0068,60.430308,0.0046,40.879326,0.0047,41.768007,APAD
BKB-1250,24.8336922,89.28272207,FCBK,coal,Rajshahi,Bangladesh,operating,"8,886.81",0.0097,86.202057,0.0068,60.430308,0.0046,40.879326,0.0047,41.768007,APAD
BKB-1251,23.81268841,88.95400782,FCBK,coal,Khulna,Bangladesh,operating,"8,886.81",0.0097,86.202057,0.0068,60.430308,0.0046,40.879326,0.0047,41.768007,APAD
BKB-1252,24.12613531,89.53870584,FCBK,coal,Rajshahi,Bangladesh,operating,"8,886.81",0.0097,86.202057,0.0068,60.430308,0.0046,40.879326,0.0047,41.768007,APAD
BKB-1253,23.70857297,89.02327442,FCBK,coal,Khulna,Bangladesh,operating,"8,886.81",0.0097,86.202057,0.0068,60.430308,0.0046,40.879326,0.0047,41.768007,APAD
BKB-1254,23.98218233,88.82842441,FCBK,coal,Khulna,Bangladesh,operating,"8,886.81",0.0097,86.202057,0.0068,60.430308,0.0046,40.879326,0.0047,41.768007,APAD
BKB-1255,23.83148724,88.90855522,FCBK,coal,Khulna,Bangladesh,operating,"8,886.81",0.0097,86.202057,0.0068,60.430308,0.0046,40.879326,0.0047,41.768007,APAD
BKB-1256,23.72358288,88.88565012,FCBK,coal,Khulna,Bangladesh,operating,"8,886.81",0.0097,86.202057,0.0068,60.430308,0.0046,40.879326,0.0047,41.768007,APAD
BKB-1257,24.52180043,89.57986944,FCBK,coal,Rajshahi,Bangladesh,operating,"8,886.81",0.0097,86.202057,0.0068,60.430308,0.0046,40.879326,0.0047,41.768007,APAD
BKB-1258,24.82728473,89.12368817,FCBK,coal,Rajshahi,Bangladesh,operating,"8,886.81",0.0097,86.202057,0.0068,60.430308,0.0046,40.879326,0.0047,41.768007,APAD
BKB-1259,24.42479596,89.36063656,FCBK,coal,Rajshahi,Bangladesh,operating,"8,886.81",0.0097,86.202057,0.0068,60.430308,0.0046,40.879326,0.0047,41.768007,APAD
BKB-1260,24.54144964,90.00466895,FCBK,coal,Dhaka,Bangladesh,operating,"8,886.81",0.0097,86.202057,0.0068,60.430308,0.0046,40.879326,0.0047,41.768007,APAD
BKB-1261,23.78142157,88.80231092,FCBK,coal,Khulna,Bangladesh,operating,"8,886.81",0.0097,86.202057,0.0068,60.430308,0.0046,40.879326,0.0047,41.768007,APAD
BKB-1262,24.57424322,89.92637567,FCBK,coal,Dhaka,Bangladesh,operating,"8,886.81",0.0097,86.202057,0.0068,60.430308,0.0046,40.879326,0.0047,41.768007,APAD
BKB-1263,24.02604863,89.41386277,FCBK,coal,Rajshahi,Bangladesh,operating,"8,886.81",0.0097,86.202057,0.0068,60.430308,0.0046,40.879326,0.0047,41.768007,APAD
BKB-1264,24.14892883,89.30228745,FCBK,coal,Rajshahi,Bangladesh,operating,"8,886.81",0.0097,86.202057,0.0068,60.430308,0.0046,40.879326,0.0047,41.768007,APAD
BKB-1265,24.02402303,89.11178628,FCBK,coal,Rajshahi,Bangladesh,operating,"8,886.81",0.0097,86.202057,0.0068,60.430308,0.0046,40.879326,0.0047,41.768007,APAD
BKB-1266,23.88646697,88.79883442,FCBK,coal,Khulna,Bangladesh,operating,"8,886.81",0.0097,86.202057,0.0068,60.430308,0.0046,40.879326,0.0047,41.768007,APAD
BKB-1267,23.88933111,88.80067268,FCBK,coal,Khulna,Bangladesh,operating,"8,886.81",0.0097,86.202057,0.0068,60.430308,0.0046,40.879326,0.0047,41.768007,APAD
BKB-1268,24.02209383,88.94343392,FCBK,coal,Khulna,Bangladesh,operating,"8,886.81",0.0097,86.202057,0.0068,60.430308,0.0046,40.879326,0.0047,41.768007,APAD
BKB-1269,24.02610832,88.9430953,FCBK,coal,Khulna,Bangladesh,operating,"8,886.81",0.0097,86.202057,0.0068,60.430308,0.0046,40.879326,0.0047,41.768007,APAD
BKB-1270,24.02477486,88.94371342,FCBK,coal,Khulna,Bangladesh,operating,"8,886.81",0.0097,86.202057,0.0068,60.430308,0.0046,40.879326,0.0047,41.768007,APAD
BKB-1271,25.83004655,88.72482636,FCBK,coal,Rangpur,Bangladesh,operating,"8,886.81",0.0097,86.202057,0.0068,60.430308,0.0046,40.879326,0.0047,41.768007,APAD
BKB-1272,23.89369687,88.8613052,FCBK,coal,Khulna,Bangladesh,operating,"8,886.81",0.0097,86.202057,0.0068,60.430308,0.0046,40.879326,0.0047,41.768007,APAD
BKB-1273,23.66983519,88.67716092,FCBK,coal,Khulna,Bangladesh,operating,"8,886.81",0.0097,86.202057,0.0068,60.430308,0.0046,40.879326,0.0047,41.768007,APAD
BKB-1274,22.19499289,90.21936722,FCBK,coal,Barisal,Bangladesh,operating,"8,886.81",0.0097,86.202057,0.0068,60.430308,0.0046,40.879326,0.0047,41.768007,APAD
BKB-1275,24.64951911,88.54367767,FCBK,coal,Rajshahi,Bangladesh,operating,"8,886.81",0.0097,86.202057,0.0068,60.430308,0.0046,40.879326,0.0047,41.768007,APAD
BKB-1276,23.89393441,88.97588109,FCBK,coal,Khulna,Bangladesh,operating,"8,886.81",0.0097,86.202057,0.0068,60.430308,0.0046,40.879326,0.0047,41.768007,APAD
BKB-1277,23.7838403,88.69481983,FCBK,coal,Khulna,Bangladesh,operating,"8,886.81",0.0097,86.202057,0.0068,60.430308,0.0046,40.879326,0.0047,41.768007,APAD
BKB-1278,25.46881931,89.08191711,FCBK,coal,Rangpur,Bangladesh,operating,"8,886.81",0.0097,86.202057,0.0068,60.430308,0.0046,40.879326,0.0047,41.768007,APAD
BKB-1279,24.16990992,89.46066593,FCBK,coal,Rajshahi,Bangladesh,operating,"8,886.81",0.0097,86.202057,0.0068,60.430308,0.0046,40.879326,0.0047,41.768007,APAD
BKB-1280,25.26296459,89.31859033,FCBK,coal,Rangpur,Bangladesh,operating,"8,886.81",0.0097,86.202057,0.0068,60.430308,0.0046,40.879326,0.0047,41.768007,APAD
BKB-1281,23.83881143,89.02119948,FCBK,coal,Khulna,Bangladesh,operating,"8,886.81",0.0097,86.202057,0.0068,60.430308,0.0046,40.879326,0.0047,41.768007,APAD
BKB-1282,24.28883769,89.70061694,FCBK,coal,Rajshahi,Bangladesh,operating,"8,886.81",0.0097,86.202057,0.0068,60.430308,0.0046,40.879326,0.0047,41.768007,APAD
BKB-1283,23.8430018,89.23269516,FCBK,coal,Khulna,Bangladesh,operating,"8,886.81",0.0097,86.202057,0.0068,60.430308,0.0046,40.879326,0.0047,41.768007,APAD
BKB-1284,23.84302058,89.23259303,FCBK,coal,Khulna,Bangladesh,operating,"8,886.81",0.0097,86.202057,0.0068,60.430308,0.0046,40.879326,0.0047,41.768007,APAD
BKB-1285,23.84583777,89.23299078,FCBK,coal,Khulna,Bangladesh,operating,"8,886.81",0.0097,86.202057,0.0068,60.430308,0.0046,40.879326,0.0047,41.768007,APAD
BKB-1286,24.63127248,88.30074077,FCBK,coal,Rajshahi,Bangladesh,operating,"8,886.81",0.0097,86.202057,0.0068,60.430308,0.0046,40.879326,0.0047,41.768007,APAD
BKB-1287,23.7530693,89.06357703,FCBK,coal,Khulna,Bangladesh,operating,"8,886.81",0.0097,86.202057,0.0068,60.430308,0.0046,40.879326,0.0047,41.768007,APAD
BKB-1288,23.98100804,89.15683543,FCBK,coal,Rajshahi,Bangladesh,operating,"8,886.81",0.0097,86.202057,0.0068,60.430308,0.0046,40.879326,0.0047,41.768007,APAD
BKB-1289,23.98101273,89.15607218,FCBK,coal,Rajshahi,Bangladesh,operating,"8,886.81",0.0097,86.202057,0.0068,60.430308,0.0046,40.879326,0.0047,41.768007,APAD
BKB-1290,24.01676087,89.08634188,FCBK,coal,Rajshahi,Bangladesh,operating,"8,886.81",0.0097,86.202057,0.0068,60.430308,0.0046,40.879326,0.0047,41.768007,APAD
BKB-1291,24.01595797,89.09234038,FCBK,coal,Rajshahi,Bangladesh,operating,"8,886.81",0.0097,86.202057,0.0068,60.430308,0.0046,40.879326,0.0047,41.768007,APAD
BKB-1292,24.01301401,89.08985713,FCBK,coal,Rajshahi,Bangladesh,operating,"8,886.81",0.0097,86.202057,0.0068,60.430308,0.0046,40.879326,0.0047,41.768007,APAD
BKB-1293,24.01575607,89.08882513,FCBK,coal,Rajshahi,Bangladesh,operating,"8,886.81",0.0097,86.202057,0.0068,60.430308,0.0046,40.879326,0.0047,41.768007,APAD
BKB-1294,24.01367135,89.088035,FCBK,coal,Rajshahi,Bangladesh,operating,"8,886.81",0.0097,86.202057,0.0068,60.430308,0.0046,40.879326,0.0047,41.768007,APAD
BKB-1295,24.01349293,89.09046988,FCBK,coal,Rajshahi,Bangladesh,operating,"8,886.81",0.0097,86.202057,0.0068,60.430308,0.0046,40.879326,0.0047,41.768007,APAD
BKB-1296,24.0148264,89.08683638,FCBK,coal,Rajshahi,Bangladesh,operating,"8,886.81",0.0097,86.202057,0.0068,60.430308,0.0046,40.879326,0.0047,41.768007,APAD
BKB-1297,24.01345537,89.09216301,FCBK,coal,Rajshahi,Bangladesh,operating,"8,886.81",0.0097,86.202057,0.0068,60.430308,0.0046,40.879326,0.0047,41.768007,APAD
BKB-1298,24.0121172,89.09221138,FCBK,coal,Rajshahi,Bangladesh,operating,"8,886.81",0.0097,86.202057,0.0068,60.430308,0.0046,40.879326,0.0047,41.768007,APAD
BKB-1299,24.01684069,89.08798663,FCBK,coal,Rajshahi,Bangladesh,operating,"8,886.81",0.0097,86.202057,0.0068,60.430308,0.0046,40.879326,0.0047,41.768007,APAD
BKB-1300,23.78457161,88.98032118,FCBK,coal,Khulna,Bangladesh,operating,"8,886.81",0.0097,86.202057,0.0068,60.430308,0.0046,40.879326,0.0047,41.768007,APAD
BKB-1301,24.02924219,89.51019175,FCBK,coal,Rajshahi,Bangladesh,operating,"8,886.81",0.0097,86.202057,0.0068,60.430308,0.0046,40.879326,0.0047,41.768007,APAD
BKB-1302,24.58509743,89.44744162,FCBK,coal,Rajshahi,Bangladesh,operating,"8,886.81",0.0097,86.202057,0.0068,60.430308,0.0046,40.879326,0.0047,41.768007,APAD
BKB-1303,23.83852794,89.21964323,FCBK,coal,Khulna,Bangladesh,operating,"8,886.81",0.0097,86.202057,0.0068,60.430308,0.0046,40.879326,0.0047,41.768007,APAD
BKB-1304,23.95753023,89.26245542,FCBK,coal,Rajshahi,Bangladesh,operating,"8,886.81",0.0097,86.202057,0.0068,60.430308,0.0046,40.879326,0.0047,41.768007,APAD
BKB-1305,24.47604117,89.90600552,FCBK,coal,Dhaka,Bangladesh,operating,"8,886.81",0.0097,86.202057,0.0068,60.430308,0.0046,40.879326,0.0047,41.768007,APAD
BKB-1306,24.20272836,89.76410388,FCBK,coal,Rajshahi,Bangladesh,operating,"8,886.81",0.0097,86.202057,0.0068,60.430308,0.0046,40.879326,0.0047,41.768007,APAD
BKB-1307,24.01378419,89.36487215,FCBK,coal,Rajshahi,Bangladesh,operating,"8,886.81",0.0097,86.202057,0.0068,60.430308,0.0046,40.879326,0.0047,41.768007,APAD
BKB-1308,23.90456581,89.12986159,FCBK,coal,Khulna,Bangladesh,operating,"8,886.81",0.0097,86.202057,0.0068,60.430308,0.0046,40.879326,0.0047,41.768007,APAD
BKB-1309,24.15420937,90.04926776,FCBK,coal,Dhaka,Bangladesh,operating,"8,886.81",0.0097,86.202057,0.0068,60.430308,0.0046,40.879326,0.0047,41.768007,APAD
BKB-1310,23.91575337,88.84713229,FCBK,coal,Khulna,Bangladesh,operating,"8,886.81",0.0097,86.202057,0.0068,60.430308,0.0046,40.879326,0.0047,41.768007,APAD
BKB-1311,24.62817808,89.17275872,FCBK,coal,Rajshahi,Bangladesh,operating,"8,886.81",0.0097,86.202057,0.0068,60.430308,0.0046,40.879326,0.0047,41.768007,APAD
BKB-1312,23.97813494,89.18273605,FCBK,coal,Khulna,Bangladesh,operating,"8,886.81",0.0097,86.202057,0.0068,60.430308,0.0046,40.879326,0.0047,41.768007,APAD
BKB-1313,23.97919139,89.18546655,FCBK,coal,Khulna,Bangladesh,operating,"8,886.81",0.0097,86.202057,0.0068,60.430308,0.0046,40.879326,0.0047,41.768007,APAD
BKB-1314,23.98086292,89.18318755,FCBK,coal,Khulna,Bangladesh,operating,"8,886.81",0.0097,86.202057,0.0068,60.430308,0.0046,40.879326,0.0047,41.768007,APAD
BKB-1315,23.76956084,89.0620397,FCBK,coal,Khulna,Bangladesh,operating,"8,886.81",0.0097,86.202057,0.0068,60.430308,0.0046,40.879326,0.0047,41.768007,APAD
BKB-1316,24.61042548,88.76259266,FCBK,coal,Rajshahi,Bangladesh,operating,"8,886.81",0.0097,86.202057,0.0068,60.430308,0.0046,40.879326,0.0047,41.768007,APAD
BKB-1317,24.64458389,89.52973563,FCBK,coal,Rajshahi,Bangladesh,operating,"8,886.81",0.0097,86.202057,0.0068,60.430308,0.0046,40.879326,0.0047,41.768007,APAD
BKB-1318,23.93304862,89.04708335,FCBK,coal,Khulna,Bangladesh,operating,"8,886.81",0.0097,86.202057,0.0068,60.430308,0.0046,40.879326,0.0047,41.768007,APAD
BKB-1319,24.47719929,89.49513039,FCBK,coal,Rajshahi,Bangladesh,operating,"8,886.81",0.0097,86.202057,0.0068,60.430308,0.0046,40.879326,0.0047,41.768007,APAD
BKB-1320,24.64010671,89.97329369,FCBK,coal,Dhaka,Bangladesh,operating,"8,886.81",0.0097,86.202057,0.0068,60.430308,0.0046,40.879326,0.0047,41.768007,APAD
BKB-1321,24.00255411,88.96917516,FCBK,coal,Khulna,Bangladesh,operating,"8,886.81",0.0097,86.202057,0.0068,60.430308,0.0046,40.879326,0.0047,41.768007,APAD
BKB-1322,24.11003205,90.17509636,FCBK,coal,Dhaka,Bangladesh,operating,"8,886.81",0.0097,86.202057,0.0068,60.430308,0.0046,40.879326,0.0047,41.768007,APAD
BKB-1323,23.75210805,88.76273806,FCBK,coal,Khulna,Bangladesh,operating,"8,886.81",0.0097,86.202057,0.0068,60.430308,0.0046,40.879326,0.0047,41.768007,APAD
BKB-1324,25.28888566,89.38979244,FCBK,coal,Rangpur,Bangladesh,operating,"8,886.81",0.0097,86.202057,0.0068,60.430308,0.0046,40.879326,0.0047,41.768007,APAD
BKB-1325,24.63685301,89.01743697,FCBK,coal,Rajshahi,Bangladesh,operating,"8,886.81",0.0097,86.202057,0.0068,60.430308,0.0046,40.879326,0.0047,41.768007,APAD
BKB-1326,23.9019723,88.87603889,FCBK,coal,Khulna,Bangladesh,operating,"8,886.81",0.0097,86.202057,0.0068,60.430308,0.0046,40.879326,0.0047,41.768007,APAD
BKB-1327,23.96015279,89.27245197,FCBK,coal,Rajshahi,Bangladesh,operating,"8,886.81",0.0097,86.202057,0.0068,60.430308,0.0046,40.879326,0.0047,41.768007,APAD
BKB-1328,23.95845308,89.27118346,FCBK,coal,Rajshahi,Bangladesh,operating,"8,886.81",0.0097,86.202057,0.0068,60.430308,0.0046,40.879326,0.0047,41.768007,APAD
BKB-1329,23.85651595,89.19515601,FCBK,coal,Khulna,Bangladesh,operating,"8,886.81",0.0097,86.202057,0.0068,60.430308,0.0046,40.879326,0.0047,41.768007,APAD
BKB-1330,24.18140922,89.06099957,FCBK,coal,Rajshahi,Bangladesh,operating,"8,886.81",0.0097,86.202057,0.0068,60.430308,0.0046,40.879326,0.0047,41.768007,APAD
BKB-1331,23.98157636,89.23117806,FCBK,coal,Rajshahi,Bangladesh,operating,"8,886.81",0.0097,86.202057,0.0068,60.430308,0.0046,40.879326,0.0047,41.768007,APAD
BKB-1332,23.98525749,89.22742632,FCBK,coal,Rajshahi,Bangladesh,operating,"8,886.81",0.0097,86.202057,0.0068,60.430308,0.0046,40.879326,0.0047,41.768007,APAD
BKB-1333,23.98503681,89.22624382,FCBK,coal,Rajshahi,Bangladesh,operating,"8,886.81",0.0097,86.202057,0.0068,60.430308,0.0046,40.879326,0.0047,41.768007,APAD
BKB-1334,24.92476117,89.60695305,FCBK,coal,Rajshahi,Bangladesh,operating,"8,886.81",0.0097,86.202057,0.0068,60.430308,0.0046,40.879326,0.0047,41.768007,APAD
BKB-1335,24.29242898,89.89977603,FCBK,coal,Dhaka,Bangladesh,operating,"8,886.81",0.0097,86.202057,0.0068,60.430308,0.0046,40.879326,0.0047,41.768007,APAD
BKB-1336,23.78512605,88.77339679,FCBK,coal,Khulna,Bangladesh,operating,"8,886.81",0.0097,86.202057,0.0068,60.430308,0.0046,40.879326,0.0047,41.768007,APAD
BKB-1337,24.01902246,89.17502926,FCBK,coal,Rajshahi,Bangladesh,operating,"8,886.81",0.0097,86.202057,0.0068,60.430308,0.0046,40.879326,0.0047,41.768007,APAD
BKB-1338,24.43645019,88.3781091,FCBK,coal,Rajshahi,Bangladesh,operating,"8,886.81",0.0097,86.202057,0.0068,60.430308,0.0046,40.879326,0.0047,41.768007,APAD
BKB-1339,24.05105468,89.02055225,FCBK,coal,Khulna,Bangladesh,operating,"8,886.81",0.0097,86.202057,0.0068,60.430308,0.0046,40.879326,0.0047,41.768007,APAD
BKB-1340,23.92280853,89.0232855,FCBK,coal,Khulna,Bangladesh,operating,"8,886.81",0.0097,86.202057,0.0068,60.430308,0.0046,40.879326,0.0047,41.768007,APAD
BKB-1341,24.50903157,89.97200363,FCBK,coal,Dhaka,Bangladesh,operating,"8,886.81",0.0097,86.202057,0.0068,60.430308,0.0046,40.879326,0.0047,41.768007,APAD
BKB-1342,23.87436472,89.00221378,FCBK,coal,Khulna,Bangladesh,operating,"8,886.81",0.0097,86.202057,0.0068,60.430308,0.0046,40.879326,0.0047,41.768007,APAD
BKB-1343,23.98307953,89.15618016,FCBK,coal,Rajshahi,Bangladesh,operating,"8,886.81",0.0097,86.202057,0.0068,60.430308,0.0046,40.879326,0.0047,41.768007,APAD
BKB-1344,23.9838073,89.15708317,FCBK,coal,Rajshahi,Bangladesh,operating,"8,886.81",0.0097,86.202057,0.0068,60.430308,0.0046,40.879326,0.0047,41.768007,APAD
BKB-1345,23.72415648,88.59951382,FCBK,coal,Khulna,Bangladesh,operating,"8,886.81",0.0097,86.202057,0.0068,60.430308,0.0046,40.879326,0.0047,41.768007,APAD
BKB-1346,23.97520475,89.20649283,FCBK,coal,Khulna,Bangladesh,operating,"8,886.81",0.0097,86.202057,0.0068,60.430308,0.0046,40.879326,0.0047,41.768007,APAD
BKB-1347,23.9754536,89.20198321,FCBK,coal,Khulna,Bangladesh,operating,"8,886.81",0.0097,86.202057,0.0068,60.430308,0.0046,40.879326,0.0047,41.768007,APAD
BKB-1348,24.60426532,88.20060184,FCBK,coal,Rajshahi,Bangladesh,operating,"8,886.81",0.0097,86.202057,0.0068,60.430308,0.0046,40.879326,0.0047,41.768007,APAD
BKB-1349,25.26278133,89.4450811,FCBK,coal,Rangpur,Bangladesh,operating,"8,886.81",0.0097,86.202057,0.0068,60.430308,0.0046,40.879326,0.0047,41.768007,APAD
BKB-1350,24.42629787,88.45049106,FCBK,coal,Rajshahi,Bangladesh,operating,"8,886.81",0.0097,86.202057,0.0068,60.430308,0.0046,40.879326,0.0047,41.768007,APAD
BKB-1351,23.90358631,88.90340634,FCBK,coal,Khulna,Bangladesh,operating,"8,886.81",0.0097,86.202057,0.0068,60.430308,0.0046,40.879326,0.0047,41.768007,APAD
BKB-1352,24.18993978,88.93319414,FCBK,coal,Rajshahi,Bangladesh,operating,"8,886.81",0.0097,86.202057,0.0068,60.430308,0.0046,40.879326,0.0047,41.768007,APAD
BKB-1353,23.99120206,89.17412042,FCBK,coal,Rajshahi,Bangladesh,operating,"8,886.81",0.0097,86.202057,0.0068,60.430308,0.0046,40.879326,0.0047,41.768007,APAD
BKB-1354,23.98699976,89.17382479,FCBK,coal,Rajshahi,Bangladesh,operating,"8,886.81",0.0097,86.202057,0.0068,60.430308,0.0046,40.879326,0.0047,41.768007,APAD
BKB-1355,23.99119737,89.17396992,FCBK,coal,Rajshahi,Bangladesh,operating,"8,886.81",0.0097,86.202057,0.0068,60.430308,0.0046,40.879326,0.0047,41.768007,APAD
BKB-1356,23.7586604,88.60971943,FCBK,coal,Khulna,Bangladesh,operating,"8,886.81",0.0097,86.202057,0.0068,60.430308,0.0046,40.879326,0.0047,41.768007,APAD
BKB-1357,25.78119238,88.92696654,FCBK,coal,Rangpur,Bangladesh,operating,"8,886.81",0.0097,86.202057,0.0068,60.430308,0.0046,40.879326,0.0047,41.768007,APAD
BKB-1358,23.98584558,88.98380137,FCBK,coal,Khulna,Bangladesh,operating,"8,886.81",0.0097,86.202057,0.0068,60.430308,0.0046,40.879326,0.0047,41.768007,APAD
BKB-1359,24.51592841,88.64776763,FCBK,coal,Rajshahi,Bangladesh,operating,"8,886.81",0.0097,86.202057,0.0068,60.430308,0.0046,40.879326,0.0047,41.768007,APAD
BKB-1360,24.12508995,89.13508224,FCBK,coal,Rajshahi,Bangladesh,operating,"8,886.81",0.0097,86.202057,0.0068,60.430308,0.0046,40.879326,0.0047,41.768007,APAD
BKB-1361,26.02519167,88.34349389,FCBK,coal,Rangpur,Bangladesh,operating,"8,886.81",0.0097,86.202057,0.0068,60.430308,0.0046,40.879326,0.0047,41.768007,APAD
BKB-1362,24.41231531,88.42407472,FCBK,coal,Rajshahi,Bangladesh,operating,"8,886.81",0.0097,86.202057,0.0068,60.430308,0.0046,40.879326,0.0047,41.768007,APAD
BKB-1363,23.72633525,88.61676944,FCBK,coal,Khulna,Bangladesh,operating,"8,886.81",0.0097,86.202057,0.0068,60.430308,0.0046,40.879326,0.0047,41.768007,APAD
BKB-1364,23.72299218,88.61537732,FCBK,coal,Khulna,Bangladesh,operating,"8,886.81",0.0097,86.202057,0.0068,60.430308,0.0046,40.879326,0.0047,41.768007,APAD
BKB-1365,23.93025057,89.05749247,FCBK,coal,Khulna,Bangladesh,operating,"8,886.81",0.0097,86.202057,0.0068,60.430308,0.0046,40.879326,0.0047,41.768007,APAD
BKB-1366,23.9291237,89.05448247,FCBK,coal,Khulna,Bangladesh,operating,"8,886.81",0.0097,86.202057,0.0068,60.430308,0.0046,40.879326,0.0047,41.768007,APAD
BKB-1367,24.40005471,89.54081672,FCBK,coal,Rajshahi,Bangladesh,operating,"8,886.81",0.0097,86.202057,0.0068,60.430308,0.0046,40.879326,0.0047,41.768007,APAD
BKB-1368,23.93491005,89.04295482,FCBK,coal,Khulna,Bangladesh,operating,"8,886.81",0.0097,86.202057,0.0068,60.430308,0.0046,40.879326,0.0047,41.768007,APAD
BKB-1369,23.93214451,89.03925682,FCBK,coal,Khulna,Bangladesh,operating,"8,886.81",0.0097,86.202057,0.0068,60.430308,0.0046,40.879326,0.0047,41.768007,APAD
BKB-1370,23.79640177,88.73655814,FCBK,coal,Khulna,Bangladesh,operating,"8,886.81",0.0097,86.202057,0.0068,60.430308,0.0046,40.879326,0.0047,41.768007,APAD
BKB-1371,24.02315794,88.78278239,FCBK,coal,Khulna,Bangladesh,operating,"8,886.81",0.0097,86.202057,0.0068,60.430308,0.0046,40.879326,0.0047,41.768007,APAD
BKB-1372,24.37450265,89.51322962,FCBK,coal,Rajshahi,Bangladesh,operating,"8,886.81",0.0097,86.202057,0.0068,60.430308,0.0046,40.879326,0.0047,41.768007,APAD
BKB-1373,24.03328528,89.35969039,FCBK,coal,Rajshahi,Bangladesh,operating,"8,886.81",0.0097,86.202057,0.0068,60.430308,0.0046,40.879326,0.0047,41.768007,APAD
BKB-1374,23.887172,89.17633335,FCBK,coal,Khulna,Bangladesh,operating,"8,886.81",0.0097,86.202057,0.0068,60.430308,0.0046,40.879326,0.0047,41.768007,APAD
BKB-1375,23.92397812,89.09984902,FCBK,coal,Khulna,Bangladesh,operating,"8,886.81",0.0097,86.202057,0.0068,60.430308,0.0046,40.879326,0.0047,41.768007,APAD
BKB-1376,24.41072214,89.81031715,FCBK,coal,Dhaka,Bangladesh,operating,"8,886.81",0.0097,86.202057,0.0068,60.430308,0.0046,40.879326,0.0047,41.768007,APAD
BKB-1377,24.408795,89.97321832,FCBK,coal,Dhaka,Bangladesh,operating,"8,886.81",0.0097,86.202057,0.0068,60.430308,0.0046,40.879326,0.0047,41.768007,APAD
BKB-1378,24.0134705,88.85184582,FCBK,coal,Khulna,Bangladesh,operating,"8,886.81",0.0097,86.202057,0.0068,60.430308,0.0046,40.879326,0.0047,41.768007,APAD
BKB-1379,24.75474121,88.43266074,FCBK,coal,Rajshahi,Bangladesh,operating,"8,886.81",0.0097,86.202057,0.0068,60.430308,0.0046,40.879326,0.0047,41.768007,APAD
BKB-1380,24.29157325,89.90430718,FCBK,coal,Dhaka,Bangladesh,operating,"8,886.81",0.0097,86.202057,0.0068,60.430308,0.0046,40.879326,0.0047,41.768007,APAD
BKB-1381,25.04996052,90.00298383,FCBK,coal,Mymensingh,Bangladesh,operating,"8,886.81",0.0097,86.202057,0.0068,60.430308,0.0046,40.879326,0.0047,41.768007,APAD
BKB-1382,24.07616647,89.18157679,FCBK,coal,Rajshahi,Bangladesh,operating,"8,886.81",0.0097,86.202057,0.0068,60.430308,0.0046,40.879326,0.0047,41.768007,APAD
BKB-1383,24.89973014,89.96999539,FCBK,coal,Mymensingh,Bangladesh,operating,"8,886.81",0.0097,86.202057,0.0068,60.430308,0.0046,40.879326,0.0047,41.768007,APAD
BKB-1384,24.04550462,89.05863738,FCBK,coal,Rajshahi,Bangladesh,operating,"8,886.81",0.0097,86.202057,0.0068,60.430308,0.0046,40.879326,0.0047,41.768007,APAD
BKB-1385,24.04370162,89.06214188,FCBK,coal,Rajshahi,Bangladesh,operating,"8,886.81",0.0097,86.202057,0.0068,60.430308,0.0046,40.879326,0.0047,41.768007,APAD
BKB-1386,25.25676355,89.34729587,FCBK,coal,Rangpur,Bangladesh,operating,"8,886.81",0.0097,86.202057,0.0068,60.430308,0.0046,40.879326,0.0047,41.768007,APAD
BKB-1387,25.25895626,89.345893,FCBK,coal,Rangpur,Bangladesh,operating,"8,886.81",0.0097,86.202057,0.0068,60.430308,0.0046,40.879326,0.0047,41.768007,APAD
BKB-1388,24.01158019,89.10038273,FCBK,coal,Rajshahi,Bangladesh,operating,"8,886.81",0.0097,86.202057,0.0068,60.430308,0.0046,40.879326,0.0047,41.768007,APAD
BKB-1389,23.96464346,89.05620391,FCBK,coal,Khulna,Bangladesh,operating,"8,886.81",0.0097,86.202057,0.0068,60.430308,0.0046,40.879326,0.0047,41.768007,APAD
BKB-1390,24.96024181,89.50064353,FCBK,coal,Rajshahi,Bangladesh,operating,"8,886.81",0.0097,86.202057,0.0068,60.430308,0.0046,40.879326,0.0047,41.768007,APAD
BKB-1391,25.04062198,89.03546905,FCBK,coal,Rajshahi,Bangladesh,operating,"8,886.81",0.0097,86.202057,0.0068,60.430308,0.0046,40.879326,0.0047,41.768007,APAD
BKB-1392,24.15114075,89.0872829,FCBK,coal,Rajshahi,Bangladesh,operating,"8,886.81",0.0097,86.202057,0.0068,60.430308,0.0046,40.879326,0.0047,41.768007,APAD
BKB-1393,24.44893052,88.56582391,FCBK,coal,Rajshahi,Bangladesh,operating,"8,886.81",0.0097,86.202057,0.0068,60.430308,0.0046,40.879326,0.0047,41.768007,APAD
BKB-1394,24.03331998,88.97934865,FCBK,coal,Khulna,Bangladesh,operating,"8,886.81",0.0097,86.202057,0.0068,60.430308,0.0046,40.879326,0.0047,41.768007,APAD
BKB-1395,24.03344206,88.9812514,FCBK,coal,Khulna,Bangladesh,operating,"8,886.81",0.0097,86.202057,0.0068,60.430308,0.0046,40.879326,0.0047,41.768007,APAD
BKB-1396,24.03508072,88.97831127,FCBK,coal,Khulna,Bangladesh,operating,"8,886.81",0.0097,86.202057,0.0068,60.430308,0.0046,40.879326,0.0047,41.768007,APAD
BKB-1397,23.97346451,89.18464128,FCBK,coal,Khulna,Bangladesh,operating,"8,886.81",0.0097,86.202057,0.0068,60.430308,0.0046,40.879326,0.0047,41.768007,APAD
BKB-1398,23.96985381,89.1821634,FCBK,coal,Khulna,Bangladesh,operating,"8,886.81",0.0097,86.202057,0.0068,60.430308,0.0046,40.879326,0.0047,41.768007,APAD
BKB-1399,23.97338938,89.1847219,FCBK,coal,Khulna,Bangladesh,operating,"8,886.81",0.0097,86.202057,0.0068,60.430308,0.0046,40.879326,0.0047,41.768007,APAD
BKB-1400,24.03287939,88.92519136,FCBK,coal,Khulna,Bangladesh,operating,"8,886.81",0.0097,86.202057,0.0068,60.430308,0.0046,40.879326,0.0047,41.768007,APAD
BKB-1401,24.5081796,88.24098746,FCBK,coal,Rajshahi,Bangladesh,operating,"8,886.81",0.0097,86.202057,0.0068,60.430308,0.0046,40.879326,0.0047,41.768007,APAD
BKB-1402,24.3228537,90.102568,FCBK,coal,Dhaka,Bangladesh,operating,"8,886.81",0.0097,86.202057,0.0068,60.430308,0.0046,40.879326,0.0047,41.768007,APAD
BKB-1403,24.09356308,89.36904293,FCBK,coal,Rajshahi,Bangladesh,operating,"8,886.81",0.0097,86.202057,0.0068,60.430308,0.0046,40.879326,0.0047,41.768007,APAD
BKB-1404,24.17272956,90.16014263,FCBK,coal,Dhaka,Bangladesh,operating,"8,886.81",0.0097,86.202057,0.0068,60.430308,0.0046,40.879326,0.0047,41.768007,APAD
BKB-1405,23.96508329,89.18229638,FCBK,coal,Khulna,Bangladesh,operating,"8,886.81",0.0097,86.202057,0.0068,60.430308,0.0046,40.879326,0.0047,41.768007,APAD
BKB-1406,24.04890844,89.05347783,FCBK,coal,Rajshahi,Bangladesh,operating,"8,886.81",0.0097,86.202057,0.0068,60.430308,0.0046,40.879326,0.0047,41.768007,APAD
BKB-1407,23.98144873,89.24364232,FCBK,coal,Rajshahi,Bangladesh,operating,"8,886.81",0.0097,86.202057,0.0068,60.430308,0.0046,40.879326,0.0047,41.768007,APAD
BKB-1408,24.0707882,89.74316735,FCBK,coal,Rajshahi,Bangladesh,operating,"8,886.81",0.0097,86.202057,0.0068,60.430308,0.0046,40.879326,0.0047,41.768007,APAD
BKB-1409,24.43814891,89.43690394,FCBK,coal,Rajshahi,Bangladesh,operating,"8,886.81",0.0097,86.202057,0.0068,60.430308,0.0046,40.879326,0.0047,41.768007,APAD
BKB-1410,24.05396211,89.65139821,FCBK,coal,Rajshahi,Bangladesh,operating,"8,886.81",0.0097,86.202057,0.0068,60.430308,0.0046,40.879326,0.0047,41.768007,APAD
BKB-1411,23.85280971,88.59520817,FCBK,coal,Khulna,Bangladesh,operating,"8,886.81",0.0097,86.202057,0.0068,60.430308,0.0046,40.879326,0.0047,41.768007,APAD
BKB-1412,25.35317451,89.3465156,FCBK,coal,Rangpur,Bangladesh,operating,"8,886.81",0.0097,86.202057,0.0068,60.430308,0.0046,40.879326,0.0047,41.768007,APAD
BKB-1413,24.04699046,89.65109238,FCBK,coal,Rajshahi,Bangladesh,operating,"8,886.81",0.0097,86.202057,0.0068,60.430308,0.0046,40.879326,0.0047,41.768007,APAD
BKB-1414,24.79364527,88.92277486,FCBK,coal,Rajshahi,Bangladesh,operating,"8,886.81",0.0097,86.202057,0.0068,60.430308,0.0046,40.879326,0.0047,41.768007,APAD
BKB-1415,25.06380855,90.03219846,FCBK,coal,Mymensingh,Bangladesh,operating,"8,886.81",0.0097,86.202057,0.0068,60.430308,0.0046,40.879326,0.0047,41.768007,APAD
BKB-1416,24.89829264,89.95953452,FCBK,coal,Mymensingh,Bangladesh,operating,"8,886.81",0.0097,86.202057,0.0068,60.430308,0.0046,40.879326,0.0047,41.768007,APAD
BKB-1417,24.22672138,89.33875609,FCBK,coal,Rajshahi,Bangladesh,operating,"8,886.81",0.0097,86.202057,0.0068,60.430308,0.0046,40.879326,0.0047,41.768007,APAD
BKB-1418,24.2269045,89.33741233,FCBK,coal,Rajshahi,Bangladesh,operating,"8,886.81",0.0097,86.202057,0.0068,60.430308,0.0046,40.879326,0.0047,41.768007,APAD
BKB-1419,24.97008347,88.60120811,FCBK,coal,Rajshahi,Bangladesh,operating,"8,886.81",0.0097,86.202057,0.0068,60.430308,0.0046,40.879326,0.0047,41.768007,APAD
BKB-1420,24.39349531,88.51658006,FCBK,coal,Rajshahi,Bangladesh,operating,"8,886.81",0.0097,86.202057,0.0068,60.430308,0.0046,40.879326,0.0047,41.768007,APAD
BKB-1421,24.35119994,88.74473797,FCBK,coal,Rajshahi,Bangladesh,operating,"8,886.81",0.0097,86.202057,0.0068,60.430308,0.0046,40.879326,0.0047,41.768007,APAD
BKB-1422,24.00908663,89.29555541,FCBK,coal,Rajshahi,Bangladesh,operating,"8,886.81",0.0097,86.202057,0.0068,60.430308,0.0046,40.879326,0.0047,41.768007,APAD
BKB-1423,24.69998118,89.73935305,FCBK,coal,Rajshahi,Bangladesh,operating,"8,886.81",0.0097,86.202057,0.0068,60.430308,0.0046,40.879326,0.0047,41.768007,APAD
BKB-1424,24.69986849,89.73590768,FCBK,coal,Rajshahi,Bangladesh,operating,"8,886.81",0.0097,86.202057,0.0068,60.430308,0.0046,40.879326,0.0047,41.768007,APAD
BKB-1425,24.71416982,88.84182454,FCBK,coal,Rajshahi,Bangladesh,operating,"8,886.81",0.0097,86.202057,0.0068,60.430308,0.0046,40.879326,0.0047,41.768007,APAD
BKB-1426,23.95409688,89.09647794,FCBK,coal,Khulna,Bangladesh,operating,"8,886.81",0.0097,86.202057,0.0068,60.430308,0.0046,40.879326,0.0047,41.768007,APAD
BKB-1427,24.38085664,88.67039125,FCBK,coal,Rajshahi,Bangladesh,operating,"8,886.81",0.0097,86.202057,0.0068,60.430308,0.0046,40.879326,0.0047,41.768007,APAD
BKB-1428,24.54258382,88.6723237,FCBK,coal,Rajshahi,Bangladesh,operating,"8,886.81",0.0097,86.202057,0.0068,60.430308,0.0046,40.879326,0.0047,41.768007,APAD
BKB-1429,24.48139418,88.60883282,FCBK,coal,Rajshahi,Bangladesh,operating,"8,886.81",0.0097,86.202057,0.0068,60.430308,0.0046,40.879326,0.0047,41.768007,APAD
BKB-1430,24.18577203,88.9540748,FCBK,coal,Rajshahi,Bangladesh,operating,"8,886.81",0.0097,86.202057,0.0068,60.430308,0.0046,40.879326,0.0047,41.768007,APAD
BKB-1431,24.11288518,89.24543008,FCBK,coal,Rajshahi,Bangladesh,operating,"8,886.81",0.0097,86.202057,0.0068,60.430308,0.0046,40.879326,0.0047,41.768007,APAD
BKB-1432,24.79307389,88.96057328,FCBK,coal,Rajshahi,Bangladesh,operating,"8,886.81",0.0097,86.202057,0.0068,60.430308,0.0046,40.879326,0.0047,41.768007,APAD
BKB-1433,24.81848104,89.44404074,FCBK,coal,Rajshahi,Bangladesh,operating,"8,886.81",0.0097,86.202057,0.0068,60.430308,0.0046,40.879326,0.0047,41.768007,APAD
BKB-1434,24.0153739,89.11678665,FCBK,coal,Rajshahi,Bangladesh,operating,"8,886.81",0.0097,86.202057,0.0068,60.430308,0.0046,40.879326,0.0047,41.768007,APAD
BKB-1435,24.01176321,89.11784015,FCBK,coal,Rajshahi,Bangladesh,operating,"8,886.81",0.0097,86.202057,0.0068,60.430308,0.0046,40.879326,0.0047,41.768007,APAD
BKB-1436,24.09653142,89.60588739,FCBK,coal,Rajshahi,Bangladesh,operating,"8,886.81",0.0097,86.202057,0.0068,60.430308,0.0046,40.879326,0.0047,41.768007,APAD
BKB-1437,23.94669935,89.10015506,FCBK,coal,Khulna,Bangladesh,operating,"8,886.81",0.0097,86.202057,0.0068,60.430308,0.0046,40.879326,0.0047,41.768007,APAD
BKB-1438,23.94469914,89.10120319,FCBK,coal,Khulna,Bangladesh,operating,"8,886.81",0.0097,86.202057,0.0068,60.430308,0.0046,40.879326,0.0047,41.768007,APAD
BKB-1439,25.45616487,89.05830152,FCBK,coal,Rangpur,Bangladesh,operating,"8,886.81",0.0097,86.202057,0.0068,60.430308,0.0046,40.879326,0.0047,41.768007,APAD
BKB-1440,24.88361521,89.79063625,FCBK,coal,Mymensingh,Bangladesh,operating,"8,886.81",0.0097,86.202057,0.0068,60.430308,0.0046,40.879326,0.0047,41.768007,APAD
BKB-1441,23.93802258,88.97105966,FCBK,coal,Khulna,Bangladesh,operating,"8,886.81",0.0097,86.202057,0.0068,60.430308,0.0046,40.879326,0.0047,41.768007,APAD
BKB-1442,24.24803473,89.09345612,FCBK,coal,Rajshahi,Bangladesh,operating,"8,886.81",0.0097,86.202057,0.0068,60.430308,0.0046,40.879326,0.0047,41.768007,APAD
BKB-1443,23.98442317,88.89645232,FCBK,coal,Khulna,Bangladesh,operating,"8,886.81",0.0097,86.202057,0.0068,60.430308,0.0046,40.879326,0.0047,41.768007,APAD
BKB-1444,24.56891723,89.8797938,FCBK,coal,Dhaka,Bangladesh,operating,"8,886.81",0.0097,86.202057,0.0068,60.430308,0.0046,40.879326,0.0047,41.768007,APAD
BKB-1445,24.88468406,89.97433009,FCBK,coal,Mymensingh,Bangladesh,operating,"8,886.81",0.0097,86.202057,0.0068,60.430308,0.0046,40.879326,0.0047,41.768007,APAD
BKB-1446,24.88393281,89.97454509,FCBK,coal,Mymensingh,Bangladesh,operating,"8,886.81",0.0097,86.202057,0.0068,60.430308,0.0046,40.879326,0.0047,41.768007,APAD
BKB-1447,25.0153887,89.92443228,FCBK,coal,Mymensingh,Bangladesh,operating,"8,886.81",0.0097,86.202057,0.0068,60.430308,0.0046,40.879326,0.0047,41.768007,APAD
BKB-1448,25.93235649,88.53721638,FCBK,coal,Rangpur,Bangladesh,operating,"8,886.81",0.0097,86.202057,0.0068,60.430308,0.0046,40.879326,0.0047,41.768007,APAD
BKB-1449,24.61195387,88.26270915,FCBK,coal,Rajshahi,Bangladesh,operating,"8,886.81",0.0097,86.202057,0.0068,60.430308,0.0046,40.879326,0.0047,41.768007,APAD
BKB-1450,24.9056626,89.12017192,FCBK,coal,Rajshahi,Bangladesh,operating,"8,886.81",0.0097,86.202057,0.0068,60.430308,0.0046,40.879326,0.0047,41.768007,APAD
BKB-1451,24.02793006,88.92874321,FCBK,coal,Khulna,Bangladesh,operating,"8,886.81",0.0097,86.202057,0.0068,60.430308,0.0046,40.879326,0.0047,41.768007,APAD
BKB-1452,25.13427288,89.01195835,FCBK,coal,Rajshahi,Bangladesh,operating,"8,886.81",0.0097,86.202057,0.0068,60.430308,0.0046,40.879326,0.0047,41.768007,APAD
BKB-1453,24.48540254,89.99745926,FCBK,coal,Dhaka,Bangladesh,operating,"8,886.81",0.0097,86.202057,0.0068,60.430308,0.0046,40.879326,0.0047,41.768007,APAD
BKB-1454,24.48861414,89.99729801,FCBK,coal,Dhaka,Bangladesh,operating,"8,886.81",0.0097,86.202057,0.0068,60.430308,0.0046,40.879326,0.0047,41.768007,APAD
BKB-1455,24.20715269,90.0509681,FCBK,coal,Dhaka,Bangladesh,operating,"8,886.81",0.0097,86.202057,0.0068,60.430308,0.0046,40.879326,0.0047,41.768007,APAD
BKB-1456,24.28143688,90.27795814,FCBK,coal,Dhaka,Bangladesh,operating,"8,886.81",0.0097,86.202057,0.0068,60.430308,0.0046,40.879326,0.0047,41.768007,APAD
BKB-1457,24.44718323,89.44473743,FCBK,coal,Rajshahi,Bangladesh,operating,"8,886.81",0.0097,86.202057,0.0068,60.430308,0.0046,40.879326,0.0047,41.768007,APAD
BKB-1458,24.62271855,88.77080423,FCBK,coal,Rajshahi,Bangladesh,operating,"8,886.81",0.0097,86.202057,0.0068,60.430308,0.0046,40.879326,0.0047,41.768007,APAD
BKB-1459,24.42743792,89.68788025,FCBK,coal,Rajshahi,Bangladesh,operating,"8,886.81",0.0097,86.202057,0.0068,60.430308,0.0046,40.879326,0.0047,41.768007,APAD
BKB-1460,24.32656726,88.61493085,FCBK,coal,Rajshahi,Bangladesh,operating,"8,886.81",0.0097,86.202057,0.0068,60.430308,0.0046,40.879326,0.0047,41.768007,APAD
BKB-1461,24.31875225,89.96295509,FCBK,coal,Dhaka,Bangladesh,operating,"8,886.81",0.0097,86.202057,0.0068,60.430308,0.0046,40.879326,0.0047,41.768007,APAD
BKB-1462,23.9122353,88.72262763,FCBK,coal,Khulna,Bangladesh,operating,"8,886.81",0.0097,86.202057,0.0068,60.430308,0.0046,40.879326,0.0047,41.768007,APAD
BKB-1463,24.0680052,89.27068143,FCBK,coal,Rajshahi,Bangladesh,operating,"8,886.81",0.0097,86.202057,0.0068,60.430308,0.0046,40.879326,0.0047,41.768007,APAD
BKB-1464,23.99535833,89.01786072,FCBK,coal,Khulna,Bangladesh,operating,"8,886.81",0.0097,86.202057,0.0068,60.430308,0.0046,40.879326,0.0047,41.768007,APAD
BKB-1465,23.99834146,88.96619406,FCBK,coal,Khulna,Bangladesh,operating,"8,886.81",0.0097,86.202057,0.0068,60.430308,0.0046,40.879326,0.0047,41.768007,APAD
BKB-1466,24.78536442,88.55949967,FCBK,coal,Rajshahi,Bangladesh,operating,"8,886.81",0.0097,86.202057,0.0068,60.430308,0.0046,40.879326,0.0047,41.768007,APAD
BKB-1467,24.02592661,89.0937018,FCBK,coal,Rajshahi,Bangladesh,operating,"8,886.81",0.0097,86.202057,0.0068,60.430308,0.0046,40.879326,0.0047,41.768007,APAD
BKB-1468,25.44294273,89.09953434,FCBK,coal,Rangpur,Bangladesh,operating,"8,886.81",0.0097,86.202057,0.0068,60.430308,0.0046,40.879326,0.0047,41.768007,APAD
BKB-1469,24.26871204,89.03343675,FCBK,coal,Rajshahi,Bangladesh,operating,"8,886.81",0.0097,86.202057,0.0068,60.430308,0.0046,40.879326,0.0047,41.768007,APAD
BKB-1470,24.49272218,88.20117615,FCBK,coal,Rajshahi,Bangladesh,operating,"8,886.81",0.0097,86.202057,0.0068,60.430308,0.0046,40.879326,0.0047,41.768007,APAD
BKB-1471,25.89744205,88.18972116,FCBK,coal,Rangpur,Bangladesh,operating,"8,886.81",0.0097,86.202057,0.0068,60.430308,0.0046,40.879326,0.0047,41.768007,APAD
BKB-1472,24.02843318,89.08587545,FCBK,coal,Rajshahi,Bangladesh,operating,"8,886.81",0.0097,86.202057,0.0068,60.430308,0.0046,40.879326,0.0047,41.768007,APAD
BKB-1473,25.05868495,89.12333526,FCBK,coal,Rajshahi,Bangladesh,operating,"8,886.81",0.0097,86.202057,0.0068,60.430308,0.0046,40.879326,0.0047,41.768007,APAD
BKB-1474,25.40560891,89.40827998,FCBK,coal,Rangpur,Bangladesh,operating,"8,886.81",0.0097,86.202057,0.0068,60.430308,0.0046,40.879326,0.0047,41.768007,APAD
BKB-1475,24.5796721,88.62788648,FCBK,coal,Rajshahi,Bangladesh,operating,"8,886.81",0.0097,86.202057,0.0068,60.430308,0.0046,40.879326,0.0047,41.768007,APAD
BKB-1476,25.13980427,88.47831621,FCBK,coal,Rajshahi,Bangladesh,operating,"8,886.81",0.0097,86.202057,0.0068,60.430308,0.0046,40.879326,0.0047,41.768007,APAD
BKB-1477,25.14018459,88.47590821,FCBK,coal,Rajshahi,Bangladesh,operating,"8,886.81",0.0097,86.202057,0.0068,60.430308,0.0046,40.879326,0.0047,41.768007,APAD
BKB-1478,24.66824854,89.54663399,FCBK,coal,Rajshahi,Bangladesh,operating,"8,886.81",0.0097,86.202057,0.0068,60.430308,0.0046,40.879326,0.0047,41.768007,APAD
BKB-1479,24.20647524,89.72743039,FCBK,coal,Rajshahi,Bangladesh,operating,"8,886.81",0.0097,86.202057,0.0068,60.430308,0.0046,40.879326,0.0047,41.768007,APAD
BKB-1480,24.5011203,88.90091743,FCBK,coal,Rajshahi,Bangladesh,operating,"8,886.81",0.0097,86.202057,0.0068,60.430308,0.0046,40.879326,0.0047,41.768007,APAD
BKB-1481,24.52714705,88.74341051,FCBK,coal,Rajshahi,Bangladesh,operating,"8,886.81",0.0097,86.202057,0.0068,60.430308,0.0046,40.879326,0.0047,41.768007,APAD
BKB-1482,25.52211573,88.68717724,FCBK,coal,Rangpur,Bangladesh,operating,"8,886.81",0.0097,86.202057,0.0068,60.430308,0.0046,40.879326,0.0047,41.768007,APAD
BKB-1483,24.50540642,88.21382905,FCBK,coal,Rajshahi,Bangladesh,operating,"8,886.81",0.0097,86.202057,0.0068,60.430308,0.0046,40.879326,0.0047,41.768007,APAD
BKB-1484,24.50541581,88.21369467,FCBK,coal,Rajshahi,Bangladesh,operating,"8,886.81",0.0097,86.202057,0.0068,60.430308,0.0046,40.879326,0.0047,41.768007,APAD
BKB-1485,24.53220777,89.72947954,FCBK,coal,Rajshahi,Bangladesh,operating,"8,886.81",0.0097,86.202057,0.0068,60.430308,0.0046,40.879326,0.0047,41.768007,APAD
BKB-1486,24.80093343,88.63255763,FCBK,coal,Rajshahi,Bangladesh,operating,"8,886.81",0.0097,86.202057,0.0068,60.430308,0.0046,40.879326,0.0047,41.768007,APAD
BKB-1487,24.60935915,88.90083947,FCBK,coal,Rajshahi,Bangladesh,operating,"8,886.81",0.0097,86.202057,0.0068,60.430308,0.0046,40.879326,0.0047,41.768007,APAD
BKB-1488,24.33134043,89.73724468,FCBK,coal,Rajshahi,Bangladesh,operating,"8,886.81",0.0097,86.202057,0.0068,60.430308,0.0046,40.879326,0.0047,41.768007,APAD
BKB-1489,24.55880208,89.55246664,FCBK,coal,Rajshahi,Bangladesh,operating,"8,886.81",0.0097,86.202057,0.0068,60.430308,0.0046,40.879326,0.0047,41.768007,APAD
BKB-1490,24.02251659,88.87076303,FCBK,coal,Khulna,Bangladesh,operating,"8,886.81",0.0097,86.202057,0.0068,60.430308,0.0046,40.879326,0.0047,41.768007,APAD
BKB-1491,24.01822507,88.87039753,FCBK,coal,Khulna,Bangladesh,operating,"8,886.81",0.0097,86.202057,0.0068,60.430308,0.0046,40.879326,0.0047,41.768007,APAD
BKB-1492,25.3458389,89.00533628,FCBK,coal,Rangpur,Bangladesh,operating,"8,886.81",0.0097,86.202057,0.0068,60.430308,0.0046,40.879326,0.0047,41.768007,APAD
BKB-1493,24.40332914,89.85357611,FCBK,coal,Dhaka,Bangladesh,operating,"8,886.81",0.0097,86.202057,0.0068,60.430308,0.0046,40.879326,0.0047,41.768007,APAD
BKB-1494,24.91791857,89.73802802,FCBK,coal,Mymensingh,Bangladesh,operating,"8,886.81",0.0097,86.202057,0.0068,60.430308,0.0046,40.879326,0.0047,41.768007,APAD
BKB-1495,24.96635004,89.96564464,FCBK,coal,Mymensingh,Bangladesh,operating,"8,886.81",0.0097,86.202057,0.0068,60.430308,0.0046,40.879326,0.0047,41.768007,APAD
BKB-1496,25.71240831,89.68365061,FCBK,coal,Rangpur,Bangladesh,operating,"8,886.81",0.0097,86.202057,0.0068,60.430308,0.0046,40.879326,0.0047,41.768007,APAD
BKB-1497,25.54341137,88.83722419,FCBK,coal,Rangpur,Bangladesh,operating,"8,886.81",0.0097,86.202057,0.0068,60.430308,0.0046,40.879326,0.0047,41.768007,APAD
BKB-1498,25.1454905,89.5307168,FCBK,coal,Rangpur,Bangladesh,operating,"8,886.81",0.0097,86.202057,0.0068,60.430308,0.0046,40.879326,0.0047,41.768007,APAD
BKB-1499,24.74142816,89.5870447,FCBK,coal,Rajshahi,Bangladesh,operating,"8,886.81",0.0097,86.202057,0.0068,60.430308,0.0046,40.879326,0.0047,41.768007,APAD
BKB-1500,24.04782694,88.99190621,FCBK,coal,Khulna,Bangladesh,operating,"8,886.81",0.0097,86.202057,0.0068,60.430308,0.0046,40.879326,0.0047,41.768007,APAD
BKB-1501,25.44485968,89.06230611,FCBK,coal,Rangpur,Bangladesh,operating,"8,886.81",0.0097,86.202057,0.0068,60.430308,0.0046,40.879326,0.0047,41.768007,APAD
BKB-1502,24.68300891,89.73281189,FCBK,coal,Rajshahi,Bangladesh,operating,"8,886.81",0.0097,86.202057,0.0068,60.430308,0.0046,40.879326,0.0047,41.768007,APAD
BKB-1503,24.62799443,88.23687336,FCBK,coal,Rajshahi,Bangladesh,operating,"8,886.81",0.0097,86.202057,0.0068,60.430308,0.0046,40.879326,0.0047,41.768007,APAD
BKB-1504,24.63226247,88.23427186,FCBK,coal,Rajshahi,Bangladesh,operating,"8,886.81",0.0097,86.202057,0.0068,60.430308,0.0046,40.879326,0.0047,41.768007,APAD
BKB-1505,24.16840582,89.42713381,FCBK,coal,Rajshahi,Bangladesh,operating,"8,886.81",0.0097,86.202057,0.0068,60.430308,0.0046,40.879326,0.0047,41.768007,APAD
BKB-1506,24.59510607,88.89479694,FCBK,coal,Rajshahi,Bangladesh,operating,"8,886.81",0.0097,86.202057,0.0068,60.430308,0.0046,40.879326,0.0047,41.768007,APAD
BKB-1507,24.45969976,89.53973683,FCBK,coal,Rajshahi,Bangladesh,operating,"8,886.81",0.0097,86.202057,0.0068,60.430308,0.0046,40.879326,0.0047,41.768007,APAD
BKB-1508,24.24295764,89.32893439,FCBK,coal,Rajshahi,Bangladesh,operating,"8,886.81",0.0097,86.202057,0.0068,60.430308,0.0046,40.879326,0.0047,41.768007,APAD
BKB-1509,24.67039804,88.15147061,FCBK,coal,Rajshahi,Bangladesh,operating,"8,886.81",0.0097,86.202057,0.0068,60.430308,0.0046,40.879326,0.0047,41.768007,APAD
BKB-1510,24.65775467,88.70694637,FCBK,coal,Rajshahi,Bangladesh,operating,"8,886.81",0.0097,86.202057,0.0068,60.430308,0.0046,40.879326,0.0047,41.768007,APAD
BKB-1511,24.55768711,89.98806935,FCBK,coal,Dhaka,Bangladesh,operating,"8,886.81",0.0097,86.202057,0.0068,60.430308,0.0046,40.879326,0.0047,41.768007,APAD
BKB-1512,25.56040818,89.73311068,FCBK,coal,Rangpur,Bangladesh,operating,"8,886.81",0.0097,86.202057,0.0068,60.430308,0.0046,40.879326,0.0047,41.768007,APAD
BKB-1513,25.95025852,88.20028589,FCBK,coal,Rangpur,Bangladesh,operating,"8,886.81",0.0097,86.202057,0.0068,60.430308,0.0046,40.879326,0.0047,41.768007,APAD
BKB-1514,24.73728468,89.14612196,FCBK,coal,Rajshahi,Bangladesh,operating,"8,886.81",0.0097,86.202057,0.0068,60.430308,0.0046,40.879326,0.0047,41.768007,APAD
BKB-1515,24.24429898,89.30575599,FCBK,coal,Rajshahi,Bangladesh,operating,"8,886.81",0.0097,86.202057,0.0068,60.430308,0.0046,40.879326,0.0047,41.768007,APAD
BKB-1516,24.17405998,89.21691092,FCBK,coal,Rajshahi,Bangladesh,operating,"8,886.81",0.0097,86.202057,0.0068,60.430308,0.0046,40.879326,0.0047,41.768007,APAD
BKB-1517,24.25512645,89.15799109,FCBK,coal,Rajshahi,Bangladesh,operating,"8,886.81",0.0097,86.202057,0.0068,60.430308,0.0046,40.879326,0.0047,41.768007,APAD
BKB-1518,24.79745079,89.6273304,FCBK,coal,Rajshahi,Bangladesh,operating,"8,886.81",0.0097,86.202057,0.0068,60.430308,0.0046,40.879326,0.0047,41.768007,APAD
BKB-1519,24.45586162,88.43310932,FCBK,coal,Rajshahi,Bangladesh,operating,"8,886.81",0.0097,86.202057,0.0068,60.430308,0.0046,40.879326,0.0047,41.768007,APAD
BKB-1520,24.7380135,88.39841205,FCBK,coal,Rajshahi,Bangladesh,operating,"8,886.81",0.0097,86.202057,0.0068,60.430308,0.0046,40.879326,0.0047,41.768007,APAD
BKB-1521,24.33029296,89.55253717,FCBK,coal,Rajshahi,Bangladesh,operating,"8,886.81",0.0097,86.202057,0.0068,60.430308,0.0046,40.879326,0.0047,41.768007,APAD
BKB-1522,24.46049165,89.98918803,FCBK,coal,Dhaka,Bangladesh,operating,"8,886.81",0.0097,86.202057,0.0068,60.430308,0.0046,40.879326,0.0047,41.768007,APAD
BKB-1523,24.43941062,88.72794781,FCBK,coal,Rajshahi,Bangladesh,operating,"8,886.81",0.0097,86.202057,0.0068,60.430308,0.0046,40.879326,0.0047,41.768007,APAD
BKB-1524,25.9413363,88.26260267,FCBK,coal,Rangpur,Bangladesh,operating,"8,886.81",0.0097,86.202057,0.0068,60.430308,0.0046,40.879326,0.0047,41.768007,APAD
BKB-1525,24.18134629,89.0608521,FCBK,coal,Rajshahi,Bangladesh,operating,"8,886.81",0.0097,86.202057,0.0068,60.430308,0.0046,40.879326,0.0047,41.768007,APAD
BKB-1526,24.68663422,89.83166143,FCBK,coal,Mymensingh,Bangladesh,operating,"8,886.81",0.0097,86.202057,0.0068,60.430308,0.0046,40.879326,0.0047,41.768007,APAD
BKB-1527,24.31761302,88.70255868,FCBK,coal,Rajshahi,Bangladesh,operating,"8,886.81",0.0097,86.202057,0.0068,60.430308,0.0046,40.879326,0.0047,41.768007,APAD
BKB-1528,24.202346,88.93867332,FCBK,coal,Rajshahi,Bangladesh,operating,"8,886.81",0.0097,86.202057,0.0068,60.430308,0.0046,40.879326,0.0047,41.768007,APAD
BKB-1529,24.40581278,89.44321101,FCBK,coal,Rajshahi,Bangladesh,operating,"8,886.81",0.0097,86.202057,0.0068,60.430308,0.0046,40.879326,0.0047,41.768007,APAD
BKB-1530,25.42690063,89.20386919,FCBK,coal,Rangpur,Bangladesh,operating,"8,886.81",0.0097,86.202057,0.0068,60.430308,0.0046,40.879326,0.0047,41.768007,APAD
BKB-1531,24.40616777,88.71964633,FCBK,coal,Rajshahi,Bangladesh,operating,"8,886.81",0.0097,86.202057,0.0068,60.430308,0.0046,40.879326,0.0047,41.768007,APAD
BKB-1532,24.15938418,89.26397818,FCBK,coal,Rajshahi,Bangladesh,operating,"8,886.81",0.0097,86.202057,0.0068,60.430308,0.0046,40.879326,0.0047,41.768007,APAD
BKB-1533,24.46970769,89.2099355,FCBK,coal,Rajshahi,Bangladesh,operating,"8,886.81",0.0097,86.202057,0.0068,60.430308,0.0046,40.879326,0.0047,41.768007,APAD
BKB-1534,24.92219941,89.52246981,FCBK,coal,Rajshahi,Bangladesh,operating,"8,886.81",0.0097,86.202057,0.0068,60.430308,0.0046,40.879326,0.0047,41.768007,APAD
BKB-1535,24.52458221,88.74105087,FCBK,coal,Rajshahi,Bangladesh,operating,"8,886.81",0.0097,86.202057,0.0068,60.430308,0.0046,40.879326,0.0047,41.768007,APAD
BKB-1536,24.63454428,90.01886104,FCBK,coal,Dhaka,Bangladesh,operating,"8,886.81",0.0097,86.202057,0.0068,60.430308,0.0046,40.879326,0.0047,41.768007,APAD
BKB-1537,25.31133359,89.42442764,FCBK,coal,Rangpur,Bangladesh,operating,"8,886.81",0.0097,86.202057,0.0068,60.430308,0.0046,40.879326,0.0047,41.768007,APAD
BKB-1538,25.27055442,89.31549226,FCBK,coal,Rangpur,Bangladesh,operating,"8,886.81",0.0097,86.202057,0.0068,60.430308,0.0046,40.879326,0.0047,41.768007,APAD
BKB-1539,25.16684746,89.88182145,FCBK,coal,Mymensingh,Bangladesh,operating,"8,886.81",0.0097,86.202057,0.0068,60.430308,0.0046,40.879326,0.0047,41.768007,APAD
BKB-1540,25.78513229,88.44075803,FCBK,coal,Rangpur,Bangladesh,operating,"8,886.81",0.0097,86.202057,0.0068,60.430308,0.0046,40.879326,0.0047,41.768007,APAD
BKB-1541,24.65879442,88.14448884,FCBK,coal,Rajshahi,Bangladesh,operating,"8,886.81",0.0097,86.202057,0.0068,60.430308,0.0046,40.879326,0.0047,41.768007,APAD
BKB-1542,24.84505149,89.60547829,FCBK,coal,Rajshahi,Bangladesh,operating,"8,886.81",0.0097,86.202057,0.0068,60.430308,0.0046,40.879326,0.0047,41.768007,APAD
BKB-1543,24.8483476,89.60457528,FCBK,coal,Rajshahi,Bangladesh,operating,"8,886.81",0.0097,86.202057,0.0068,60.430308,0.0046,40.879326,0.0047,41.768007,APAD
BKB-1544,24.48272107,89.51348972,FCBK,coal,Rajshahi,Bangladesh,operating,"8,886.81",0.0097,86.202057,0.0068,60.430308,0.0046,40.879326,0.0047,41.768007,APAD
BKB-1545,24.85488515,88.99171433,FCBK,coal,Rajshahi,Bangladesh,operating,"8,886.81",0.0097,86.202057,0.0068,60.430308,0.0046,40.879326,0.0047,41.768007,APAD
BKB-1546,25.02076199,89.37147889,FCBK,coal,Rajshahi,Bangladesh,operating,"8,886.81",0.0097,86.202057,0.0068,60.430308,0.0046,40.879326,0.0047,41.768007,APAD
BKB-1547,24.62174974,89.45636278,FCBK,coal,Rajshahi,Bangladesh,operating,"8,886.81",0.0097,86.202057,0.0068,60.430308,0.0046,40.879326,0.0047,41.768007,APAD
BKB-1548,24.16605773,88.93867844,FCBK,coal,Rajshahi,Bangladesh,operating,"8,886.81",0.0097,86.202057,0.0068,60.430308,0.0046,40.879326,0.0047,41.768007,APAD
BKB-1549,24.46354194,89.31711872,FCBK,coal,Rajshahi,Bangladesh,operating,"8,886.81",0.0097,86.202057,0.0068,60.430308,0.0046,40.879326,0.0047,41.768007,APAD
BKB-1550,24.38803551,88.60197706,FCBK,coal,Rajshahi,Bangladesh,operating,"8,886.81",0.0097,86.202057,0.0068,60.430308,0.0046,40.879326,0.0047,41.768007,APAD
BKB-1551,24.8488581,88.25062289,FCBK,coal,Rajshahi,Bangladesh,operating,"8,886.81",0.0097,86.202057,0.0068,60.430308,0.0046,40.879326,0.0047,41.768007,APAD
BKB-1552,24.56781592,88.26846812,FCBK,coal,Rajshahi,Bangladesh,operating,"8,886.81",0.0097,86.202057,0.0068,60.430308,0.0046,40.879326,0.0047,41.768007,APAD
BKB-1553,24.33274985,89.63763621,FCBK,coal,Rajshahi,Bangladesh,operating,"8,886.81",0.0097,86.202057,0.0068,60.430308,0.0046,40.879326,0.0047,41.768007,APAD
BKB-1554,24.5878155,89.57779609,FCBK,coal,Rajshahi,Bangladesh,operating,"8,886.81",0.0097,86.202057,0.0068,60.430308,0.0046,40.879326,0.0047,41.768007,APAD
BKB-1555,24.16778137,88.9360821,FCBK,coal,Rajshahi,Bangladesh,operating,"8,886.81",0.0097,86.202057,0.0068,60.430308,0.0046,40.879326,0.0047,41.768007,APAD
BKB-1556,24.40298265,88.64254545,FCBK,coal,Rajshahi,Bangladesh,operating,"8,886.81",0.0097,86.202057,0.0068,60.430308,0.0046,40.879326,0.0047,41.768007,APAD
BKB-1557,25.49206523,89.11743408,FCBK,coal,Rangpur,Bangladesh,operating,"8,886.81",0.0097,86.202057,0.0068,60.430308,0.0046,40.879326,0.0047,41.768007,APAD
BKB-1558,24.70323253,88.07507553,FCBK,coal,Rajshahi,Bangladesh,operating,"8,886.81",0.0097,86.202057,0.0068,60.430308,0.0046,40.879326,0.0047,41.768007,APAD
BKB-1559,25.46682544,89.26449546,FCBK,coal,Rangpur,Bangladesh,operating,"8,886.81",0.0097,86.202057,0.0068,60.430308,0.0046,40.879326,0.0047,41.768007,APAD
BKB-1560,25.46861905,89.26645734,FCBK,coal,Rangpur,Bangladesh,operating,"8,886.81",0.0097,86.202057,0.0068,60.430308,0.0046,40.879326,0.0047,41.768007,APAD
BKB-1561,25.46890077,89.26566721,FCBK,coal,Rangpur,Bangladesh,operating,"8,886.81",0.0097,86.202057,0.0068,60.430308,0.0046,40.879326,0.0047,41.768007,APAD
BKB-1562,24.4052791,88.44630331,FCBK,coal,Rajshahi,Bangladesh,operating,"8,886.81",0.0097,86.202057,0.0068,60.430308,0.0046,40.879326,0.0047,41.768007,APAD
BKB-1563,24.16792792,88.95830886,FCBK,coal,Rajshahi,Bangladesh,operating,"8,886.81",0.0097,86.202057,0.0068,60.430308,0.0046,40.879326,0.0047,41.768007,APAD
BKB-1564,25.08696258,88.76997907,FCBK,coal,Rajshahi,Bangladesh,operating,"8,886.81",0.0097,86.202057,0.0068,60.430308,0.0046,40.879326,0.0047,41.768007,APAD
BKB-1565,24.68840501,90.08347704,FCBK,coal,Dhaka,Bangladesh,operating,"8,886.81",0.0097,86.202057,0.0068,60.430308,0.0046,40.879326,0.0047,41.768007,APAD
BKB-1566,24.25539425,89.25766864,FCBK,coal,Rajshahi,Bangladesh,operating,"8,886.81",0.0097,86.202057,0.0068,60.430308,0.0046,40.879326,0.0047,41.768007,APAD
BKB-1567,24.61106109,88.61846981,FCBK,coal,Rajshahi,Bangladesh,operating,"8,886.81",0.0097,86.202057,0.0068,60.430308,0.0046,40.879326,0.0047,41.768007,APAD
BKB-1568,24.61129116,88.61780332,FCBK,coal,Rajshahi,Bangladesh,operating,"8,886.81",0.0097,86.202057,0.0068,60.430308,0.0046,40.879326,0.0047,41.768007,APAD
BKB-1569,24.5093089,89.97880047,FCBK,coal,Dhaka,Bangladesh,operating,"8,886.81",0.0097,86.202057,0.0068,60.430308,0.0046,40.879326,0.0047,41.768007,APAD
BKB-1570,24.37153433,88.61314836,FCBK,coal,Rajshahi,Bangladesh,operating,"8,886.81",0.0097,86.202057,0.0068,60.430308,0.0046,40.879326,0.0047,41.768007,APAD
BKB-1571,24.4425266,89.88284173,FCBK,coal,Dhaka,Bangladesh,operating,"8,886.81",0.0097,86.202057,0.0068,60.430308,0.0046,40.879326,0.0047,41.768007,APAD
BKB-1572,24.38832851,88.67248564,FCBK,coal,Rajshahi,Bangladesh,operating,"8,886.81",0.0097,86.202057,0.0068,60.430308,0.0046,40.879326,0.0047,41.768007,APAD
BKB-1573,24.3874364,88.67349615,FCBK,coal,Rajshahi,Bangladesh,operating,"8,886.81",0.0097,86.202057,0.0068,60.430308,0.0046,40.879326,0.0047,41.768007,APAD
BKB-1574,24.95956335,90.23114124,FCBK,coal,Mymensingh,Bangladesh,operating,"8,886.81",0.0097,86.202057,0.0068,60.430308,0.0046,40.879326,0.0047,41.768007,APAD
BKB-1575,24.39382432,88.51648767,FCBK,coal,Rajshahi,Bangladesh,operating,"8,886.81",0.0097,86.202057,0.0068,60.430308,0.0046,40.879326,0.0047,41.768007,APAD
BKB-1576,24.85077222,88.9911028,FCBK,coal,Rajshahi,Bangladesh,operating,"8,886.81",0.0097,86.202057,0.0068,60.430308,0.0046,40.879326,0.0047,41.768007,APAD
BKB-1577,24.54707282,88.26721057,FCBK,coal,Rajshahi,Bangladesh,operating,"8,886.81",0.0097,86.202057,0.0068,60.430308,0.0046,40.879326,0.0047,41.768007,APAD
BKB-1578,24.34183906,88.84321892,FCBK,coal,Rajshahi,Bangladesh,operating,"8,886.81",0.0097,86.202057,0.0068,60.430308,0.0046,40.879326,0.0047,41.768007,APAD
BKB-1579,22.46733707,90.76450313,FCBK,coal,Barisal,Bangladesh,operating,"8,886.81",0.0097,86.202057,0.0068,60.430308,0.0046,40.879326,0.0047,41.768007,APAD
BKB-1580,24.50461194,88.67662983,FCBK,coal,Rajshahi,Bangladesh,operating,"8,886.81",0.0097,86.202057,0.0068,60.430308,0.0046,40.879326,0.0047,41.768007,APAD
BKB-1581,24.48075331,88.84092141,FCBK,coal,Rajshahi,Bangladesh,operating,"8,886.81",0.0097,86.202057,0.0068,60.430308,0.0046,40.879326,0.0047,41.768007,APAD
BKB-1582,24.96522589,88.7298102,FCBK,coal,Rajshahi,Bangladesh,operating,"8,886.81",0.0097,86.202057,0.0068,60.430308,0.0046,40.879326,0.0047,41.768007,APAD
BKB-1583,24.79956846,89.41760842,FCBK,coal,Rajshahi,Bangladesh,operating,"8,886.81",0.0097,86.202057,0.0068,60.430308,0.0046,40.879326,0.0047,41.768007,APAD
BKB-1584,24.80288335,89.41657104,FCBK,coal,Rajshahi,Bangladesh,operating,"8,886.81",0.0097,86.202057,0.0068,60.430308,0.0046,40.879326,0.0047,41.768007,APAD
BKB-1585,24.78412947,89.92776337,FCBK,coal,Mymensingh,Bangladesh,operating,"8,886.81",0.0097,86.202057,0.0068,60.430308,0.0046,40.879326,0.0047,41.768007,APAD
BKB-1586,24.79312672,88.96072385,FCBK,coal,Rajshahi,Bangladesh,operating,"8,886.81",0.0097,86.202057,0.0068,60.430308,0.0046,40.879326,0.0047,41.768007,APAD
BKB-1587,24.56485701,89.45716078,FCBK,coal,Rajshahi,Bangladesh,operating,"8,886.81",0.0097,86.202057,0.0068,60.430308,0.0046,40.879326,0.0047,41.768007,APAD
BKB-1588,24.90518053,89.74422287,FCBK,coal,Mymensingh,Bangladesh,operating,"8,886.81",0.0097,86.202057,0.0068,60.430308,0.0046,40.879326,0.0047,41.768007,APAD
BKB-1589,24.62804297,88.36269184,FCBK,coal,Rajshahi,Bangladesh,operating,"8,886.81",0.0097,86.202057,0.0068,60.430308,0.0046,40.879326,0.0047,41.768007,APAD
BKB-1590,24.85339854,89.59027903,FCBK,coal,Rajshahi,Bangladesh,operating,"8,886.81",0.0097,86.202057,0.0068,60.430308,0.0046,40.879326,0.0047,41.768007,APAD
BKB-1591,25.28483627,89.08640106,FCBK,coal,Rangpur,Bangladesh,operating,"8,886.81",0.0097,86.202057,0.0068,60.430308,0.0046,40.879326,0.0047,41.768007,APAD
BKB-1592,24.58579424,90.06533238,FCBK,coal,Dhaka,Bangladesh,operating,"8,886.81",0.0097,86.202057,0.0068,60.430308,0.0046,40.879326,0.0047,41.768007,APAD
BKB-1593,26.11282781,88.31700054,FCBK,coal,Rangpur,Bangladesh,operating,"8,886.81",0.0097,86.202057,0.0068,60.430308,0.0046,40.879326,0.0047,41.768007,APAD
BKB-1594,24.57491636,88.72856623,FCBK,coal,Rajshahi,Bangladesh,operating,"8,886.81",0.0097,86.202057,0.0068,60.430308,0.0046,40.879326,0.0047,41.768007,APAD
BKB-1595,24.48955996,89.49319579,FCBK,coal,Rajshahi,Bangladesh,operating,"8,886.81",0.0097,86.202057,0.0068,60.430308,0.0046,40.879326,0.0047,41.768007,APAD
BKB-1596,24.72186129,89.94343373,FCBK,coal,Dhaka,Bangladesh,operating,"8,886.81",0.0097,86.202057,0.0068,60.430308,0.0046,40.879326,0.0047,41.768007,APAD
BKB-1597,24.82200904,89.73574315,FCBK,coal,Mymensingh,Bangladesh,operating,"8,886.81",0.0097,86.202057,0.0068,60.430308,0.0046,40.879326,0.0047,41.768007,APAD
BKB-1598,24.6951248,88.86882852,FCBK,coal,Rajshahi,Bangladesh,operating,"8,886.81",0.0097,86.202057,0.0068,60.430308,0.0046,40.879326,0.0047,41.768007,APAD
BKB-1599,25.99095915,88.52239107,FCBK,coal,Rangpur,Bangladesh,operating,"8,886.81",0.0097,86.202057,0.0068,60.430308,0.0046,40.879326,0.0047,41.768007,APAD
BKB-1600,25.06573946,88.46033394,FCBK,coal,Rajshahi,Bangladesh,operating,"8,886.81",0.0097,86.202057,0.0068,60.430308,0.0046,40.879326,0.0047,41.768007,APAD
BKB-1601,24.41509495,88.66317828,FCBK,coal,Rajshahi,Bangladesh,operating,"8,886.81",0.0097,86.202057,0.0068,60.430308,0.0046,40.879326,0.0047,41.768007,APAD
BKB-1602,24.75524942,89.05659021,FCBK,coal,Rajshahi,Bangladesh,operating,"8,886.81",0.0097,86.202057,0.0068,60.430308,0.0046,40.879326,0.0047,41.768007,APAD
BKB-1603,24.83487771,89.20858954,FCBK,coal,Rajshahi,Bangladesh,operating,"8,886.81",0.0097,86.202057,0.0068,60.430308,0.0046,40.879326,0.0047,41.768007,APAD
BKB-1604,25.75190484,88.91899306,FCBK,coal,Rangpur,Bangladesh,operating,"8,886.81",0.0097,86.202057,0.0068,60.430308,0.0046,40.879326,0.0047,41.768007,APAD
BKB-1605,24.91516089,89.96770867,FCBK,coal,Mymensingh,Bangladesh,operating,"8,886.81",0.0097,86.202057,0.0068,60.430308,0.0046,40.879326,0.0047,41.768007,APAD
BKB-1606,25.17250925,89.88443691,FCBK,coal,Mymensingh,Bangladesh,operating,"8,886.81",0.0097,86.202057,0.0068,60.430308,0.0046,40.879326,0.0047,41.768007,APAD
BKB-1607,24.62082437,89.25189633,FCBK,coal,Rajshahi,Bangladesh,operating,"8,886.81",0.0097,86.202057,0.0068,60.430308,0.0046,40.879326,0.0047,41.768007,APAD
BKB-1608,24.53241646,88.24154755,FCBK,coal,Rajshahi,Bangladesh,operating,"8,886.81",0.0097,86.202057,0.0068,60.430308,0.0046,40.879326,0.0047,41.768007,APAD
BKB-1609,24.42006829,89.56662592,FCBK,coal,Rajshahi,Bangladesh,operating,"8,886.81",0.0097,86.202057,0.0068,60.430308,0.0046,40.879326,0.0047,41.768007,APAD
BKB-1610,24.42983355,89.29242181,FCBK,coal,Rajshahi,Bangladesh,operating,"8,886.81",0.0097,86.202057,0.0068,60.430308,0.0046,40.879326,0.0047,41.768007,APAD
BKB-1611,24.71828854,89.39440505,FCBK,coal,Rajshahi,Bangladesh,operating,"8,886.81",0.0097,86.202057,0.0068,60.430308,0.0046,40.879326,0.0047,41.768007,APAD
BKB-1612,24.44490808,88.51098991,FCBK,coal,Rajshahi,Bangladesh,operating,"8,886.81",0.0097,86.202057,0.0068,60.430308,0.0046,40.879326,0.0047,41.768007,APAD
BKB-1613,25.57759949,88.99435599,FCBK,coal,Rangpur,Bangladesh,operating,"8,886.81",0.0097,86.202057,0.0068,60.430308,0.0046,40.879326,0.0047,41.768007,APAD
BKB-1614,25.73523691,89.25728593,FCBK,coal,Rangpur,Bangladesh,operating,"8,886.81",0.0097,86.202057,0.0068,60.430308,0.0046,40.879326,0.0047,41.768007,APAD
BKB-1615,24.89855807,89.80564145,FCBK,coal,Mymensingh,Bangladesh,operating,"8,886.81",0.0097,86.202057,0.0068,60.430308,0.0046,40.879326,0.0047,41.768007,APAD
BKB-1616,25.61956822,88.52972626,FCBK,coal,Rangpur,Bangladesh,operating,"8,886.81",0.0097,86.202057,0.0068,60.430308,0.0046,40.879326,0.0047,41.768007,APAD
BKB-1617,24.61175487,88.71334689,FCBK,coal,Rajshahi,Bangladesh,operating,"8,886.81",0.0097,86.202057,0.0068,60.430308,0.0046,40.879326,0.0047,41.768007,APAD
BKB-1618,25.38525601,89.22466854,FCBK,coal,Rangpur,Bangladesh,operating,"8,886.81",0.0097,86.202057,0.0068,60.430308,0.0046,40.879326,0.0047,41.768007,APAD
BKB-1619,24.75808585,89.95833454,FCBK,coal,Mymensingh,Bangladesh,operating,"8,886.81",0.0097,86.202057,0.0068,60.430308,0.0046,40.879326,0.0047,41.768007,APAD
BKB-1620,24.8730491,89.01064415,FCBK,coal,Rajshahi,Bangladesh,operating,"8,886.81",0.0097,86.202057,0.0068,60.430308,0.0046,40.879326,0.0047,41.768007,APAD
BKB-1621,24.76822863,88.13736239,FCBK,coal,Rajshahi,Bangladesh,operating,"8,886.81",0.0097,86.202057,0.0068,60.430308,0.0046,40.879326,0.0047,41.768007,APAD
BKB-1622,24.54205317,88.19392444,FCBK,coal,Rajshahi,Bangladesh,operating,"8,886.81",0.0097,86.202057,0.0068,60.430308,0.0046,40.879326,0.0047,41.768007,APAD
BKB-1623,24.4386327,88.35807897,FCBK,coal,Rajshahi,Bangladesh,operating,"8,886.81",0.0097,86.202057,0.0068,60.430308,0.0046,40.879326,0.0047,41.768007,APAD
BKB-1624,24.81942023,89.7096005,FCBK,coal,Mymensingh,Bangladesh,operating,"8,886.81",0.0097,86.202057,0.0068,60.430308,0.0046,40.879326,0.0047,41.768007,APAD
BKB-1625,24.8075512,89.00943691,FCBK,coal,Rajshahi,Bangladesh,operating,"8,886.81",0.0097,86.202057,0.0068,60.430308,0.0046,40.879326,0.0047,41.768007,APAD
BKB-1626,24.5353604,89.27312172,FCBK,coal,Rajshahi,Bangladesh,operating,"8,886.81",0.0097,86.202057,0.0068,60.430308,0.0046,40.879326,0.0047,41.768007,APAD
BKB-1627,24.38738978,88.66506526,FCBK,coal,Rajshahi,Bangladesh,operating,"8,886.81",0.0097,86.202057,0.0068,60.430308,0.0046,40.879326,0.0047,41.768007,APAD
BKB-1628,25.42803668,89.20848421,FCBK,coal,Rangpur,Bangladesh,operating,"8,886.81",0.0097,86.202057,0.0068,60.430308,0.0046,40.879326,0.0047,41.768007,APAD
BKB-1629,24.5639697,89.30916512,FCBK,coal,Rajshahi,Bangladesh,operating,"8,886.81",0.0097,86.202057,0.0068,60.430308,0.0046,40.879326,0.0047,41.768007,APAD
BKB-1630,24.6623854,88.12051691,FCBK,coal,Rajshahi,Bangladesh,operating,"8,886.81",0.0097,86.202057,0.0068,60.430308,0.0046,40.879326,0.0047,41.768007,APAD
BKB-1631,24.36157454,88.52943982,FCBK,coal,Rajshahi,Bangladesh,operating,"8,886.81",0.0097,86.202057,0.0068,60.430308,0.0046,40.879326,0.0047,41.768007,APAD
BKB-1632,24.36232109,88.53067608,FCBK,coal,Rajshahi,Bangladesh,operating,"8,886.81",0.0097,86.202057,0.0068,60.430308,0.0046,40.879326,0.0047,41.768007,APAD
BKB-1633,25.83495319,88.3926862,FCBK,coal,Rangpur,Bangladesh,operating,"8,886.81",0.0097,86.202057,0.0068,60.430308,0.0046,40.879326,0.0047,41.768007,APAD
BKB-1634,24.38991463,88.76365078,FCBK,coal,Rajshahi,Bangladesh,operating,"8,886.81",0.0097,86.202057,0.0068,60.430308,0.0046,40.879326,0.0047,41.768007,APAD
BKB-1635,24.87139797,90.01839146,FCBK,coal,Mymensingh,Bangladesh,operating,"8,886.81",0.0097,86.202057,0.0068,60.430308,0.0046,40.879326,0.0047,41.768007,APAD
BKB-1636,24.87139797,90.01830009,FCBK,coal,Mymensingh,Bangladesh,operating,"8,886.81",0.0097,86.202057,0.0068,60.430308,0.0046,40.879326,0.0047,41.768007,APAD
BKB-1637,24.4822961,89.08212413,FCBK,coal,Rajshahi,Bangladesh,operating,"8,886.81",0.0097,86.202057,0.0068,60.430308,0.0046,40.879326,0.0047,41.768007,APAD
BKB-1638,24.83509835,88.94758089,FCBK,coal,Rajshahi,Bangladesh,operating,"8,886.81",0.0097,86.202057,0.0068,60.430308,0.0046,40.879326,0.0047,41.768007,APAD
BKB-1639,24.89177018,89.96501111,FCBK,coal,Mymensingh,Bangladesh,operating,"8,886.81",0.0097,86.202057,0.0068,60.430308,0.0046,40.879326,0.0047,41.768007,APAD
BKB-1640,24.89510855,89.96115187,FCBK,coal,Mymensingh,Bangladesh,operating,"8,886.81",0.0097,86.202057,0.0068,60.430308,0.0046,40.879326,0.0047,41.768007,APAD
BKB-1641,24.78703135,88.95717274,FCBK,coal,Rajshahi,Bangladesh,operating,"8,886.81",0.0097,86.202057,0.0068,60.430308,0.0046,40.879326,0.0047,41.768007,APAD
BKB-1642,24.78568849,88.95748987,FCBK,coal,Rajshahi,Bangladesh,operating,"8,886.81",0.0097,86.202057,0.0068,60.430308,0.0046,40.879326,0.0047,41.768007,APAD
BKB-1643,24.55245928,88.22318101,FCBK,coal,Rajshahi,Bangladesh,operating,"8,886.81",0.0097,86.202057,0.0068,60.430308,0.0046,40.879326,0.0047,41.768007,APAD
BKB-1644,24.55071263,88.22356263,FCBK,coal,Rajshahi,Bangladesh,operating,"8,886.81",0.0097,86.202057,0.0068,60.430308,0.0046,40.879326,0.0047,41.768007,APAD
BKB-1645,24.56892027,89.64161286,FCBK,coal,Rajshahi,Bangladesh,operating,"8,886.81",0.0097,86.202057,0.0068,60.430308,0.0046,40.879326,0.0047,41.768007,APAD
BKB-1646,24.88032072,88.20901853,FCBK,coal,Rajshahi,Bangladesh,operating,"8,886.81",0.0097,86.202057,0.0068,60.430308,0.0046,40.879326,0.0047,41.768007,APAD
BKB-1647,24.71457609,89.80402104,FCBK,coal,Mymensingh,Bangladesh,operating,"8,886.81",0.0097,86.202057,0.0068,60.430308,0.0046,40.879326,0.0047,41.768007,APAD
BKB-1648,25.42289631,89.08428036,FCBK,coal,Rangpur,Bangladesh,operating,"8,886.81",0.0097,86.202057,0.0068,60.430308,0.0046,40.879326,0.0047,41.768007,APAD
BKB-1649,24.9227086,88.73126789,FCBK,coal,Rajshahi,Bangladesh,operating,"8,886.81",0.0097,86.202057,0.0068,60.430308,0.0046,40.879326,0.0047,41.768007,APAD
BKB-1650,24.92257713,88.72895127,FCBK,coal,Rajshahi,Bangladesh,operating,"8,886.81",0.0097,86.202057,0.0068,60.430308,0.0046,40.879326,0.0047,41.768007,APAD
BKB-1651,24.67871576,89.40371332,FCBK,coal,Rajshahi,Bangladesh,operating,"8,886.81",0.0097,86.202057,0.0068,60.430308,0.0046,40.879326,0.0047,41.768007,APAD
BKB-1652,24.62602406,90.0509092,FCBK,coal,Dhaka,Bangladesh,operating,"8,886.81",0.0097,86.202057,0.0068,60.430308,0.0046,40.879326,0.0047,41.768007,APAD
BKB-1653,24.70368289,88.07509825,FCBK,coal,Rajshahi,Bangladesh,operating,"8,886.81",0.0097,86.202057,0.0068,60.430308,0.0046,40.879326,0.0047,41.768007,APAD
BKB-1654,24.77426228,89.90172807,FCBK,coal,Mymensingh,Bangladesh,operating,"8,886.81",0.0097,86.202057,0.0068,60.430308,0.0046,40.879326,0.0047,41.768007,APAD
BKB-1655,24.96881528,89.93769149,FCBK,coal,Mymensingh,Bangladesh,operating,"8,886.81",0.0097,86.202057,0.0068,60.430308,0.0046,40.879326,0.0047,41.768007,APAD
BKB-1656,24.5644299,88.23558187,FCBK,coal,Rajshahi,Bangladesh,operating,"8,886.81",0.0097,86.202057,0.0068,60.430308,0.0046,40.879326,0.0047,41.768007,APAD
BKB-1657,24.90112703,88.74158402,FCBK,coal,Rajshahi,Bangladesh,operating,"8,886.81",0.0097,86.202057,0.0068,60.430308,0.0046,40.879326,0.0047,41.768007,APAD
BKB-1658,24.78999771,88.74138186,FCBK,coal,Rajshahi,Bangladesh,operating,"8,886.81",0.0097,86.202057,0.0068,60.430308,0.0046,40.879326,0.0047,41.768007,APAD
BKB-1659,24.7900165,88.74130124,FCBK,coal,Rajshahi,Bangladesh,operating,"8,886.81",0.0097,86.202057,0.0068,60.430308,0.0046,40.879326,0.0047,41.768007,APAD
BKB-1660,24.94224767,88.74813685,FCBK,coal,Rajshahi,Bangladesh,operating,"8,886.81",0.0097,86.202057,0.0068,60.430308,0.0046,40.879326,0.0047,41.768007,APAD
BKB-1661,24.60558517,88.26281081,FCBK,coal,Rajshahi,Bangladesh,operating,"8,886.81",0.0097,86.202057,0.0068,60.430308,0.0046,40.879326,0.0047,41.768007,APAD
BKB-1662,24.52622935,88.68016867,FCBK,coal,Rajshahi,Bangladesh,operating,"8,886.81",0.0097,86.202057,0.0068,60.430308,0.0046,40.879326,0.0047,41.768007,APAD
BKB-1663,24.85535359,88.37358,FCBK,coal,Rajshahi,Bangladesh,operating,"8,886.81",0.0097,86.202057,0.0068,60.430308,0.0046,40.879326,0.0047,41.768007,APAD
BKB-1664,25.46476814,89.16651887,FCBK,coal,Rangpur,Bangladesh,operating,"8,886.81",0.0097,86.202057,0.0068,60.430308,0.0046,40.879326,0.0047,41.768007,APAD
BKB-1665,24.8849518,89.58449418,FCBK,coal,Rajshahi,Bangladesh,operating,"8,886.81",0.0097,86.202057,0.0068,60.430308,0.0046,40.879326,0.0047,41.768007,APAD
BKB-1666,24.63245596,89.27889018,FCBK,coal,Rajshahi,Bangladesh,operating,"8,886.81",0.0097,86.202057,0.0068,60.430308,0.0046,40.879326,0.0047,41.768007,APAD
BKB-1667,24.9139709,88.21334651,FCBK,coal,Rajshahi,Bangladesh,operating,"8,886.81",0.0097,86.202057,0.0068,60.430308,0.0046,40.879326,0.0047,41.768007,APAD
BKB-1668,24.54635023,89.07091942,FCBK,coal,Rajshahi,Bangladesh,operating,"8,886.81",0.0097,86.202057,0.0068,60.430308,0.0046,40.879326,0.0047,41.768007,APAD
BKB-1669,24.44579365,88.50186466,FCBK,coal,Rajshahi,Bangladesh,operating,"8,886.81",0.0097,86.202057,0.0068,60.430308,0.0046,40.879326,0.0047,41.768007,APAD
BKB-1670,25.11927512,88.81480708,FCBK,coal,Rajshahi,Bangladesh,operating,"8,886.81",0.0097,86.202057,0.0068,60.430308,0.0046,40.879326,0.0047,41.768007,APAD
BKB-1671,24.3980812,88.61181919,FCBK,coal,Rajshahi,Bangladesh,operating,"8,886.81",0.0097,86.202057,0.0068,60.430308,0.0046,40.879326,0.0047,41.768007,APAD
BKB-1672,24.39226255,88.60440956,FCBK,coal,Rajshahi,Bangladesh,operating,"8,886.81",0.0097,86.202057,0.0068,60.430308,0.0046,40.879326,0.0047,41.768007,APAD
BKB-1673,24.94447882,89.34229942,FCBK,coal,Rajshahi,Bangladesh,operating,"8,886.81",0.0097,86.202057,0.0068,60.430308,0.0046,40.879326,0.0047,41.768007,APAD
BKB-1674,24.93015516,88.42752258,FCBK,coal,Rajshahi,Bangladesh,operating,"8,886.81",0.0097,86.202057,0.0068,60.430308,0.0046,40.879326,0.0047,41.768007,APAD
BKB-1675,24.70597134,88.62555316,FCBK,coal,Rajshahi,Bangladesh,operating,"8,886.81",0.0097,86.202057,0.0068,60.430308,0.0046,40.879326,0.0047,41.768007,APAD
BKB-1676,24.71594662,88.15398713,FCBK,coal,Rajshahi,Bangladesh,operating,"8,886.81",0.0097,86.202057,0.0068,60.430308,0.0046,40.879326,0.0047,41.768007,APAD
BKB-1677,25.55482722,89.30323023,FCBK,coal,Rangpur,Bangladesh,operating,"8,886.81",0.0097,86.202057,0.0068,60.430308,0.0046,40.879326,0.0047,41.768007,APAD
BKB-1678,24.82747035,88.62569792,FCBK,coal,Rajshahi,Bangladesh,operating,"8,886.81",0.0097,86.202057,0.0068,60.430308,0.0046,40.879326,0.0047,41.768007,APAD
BKB-1679,24.89239456,89.97182647,FCBK,coal,Mymensingh,Bangladesh,operating,"8,886.81",0.0097,86.202057,0.0068,60.430308,0.0046,40.879326,0.0047,41.768007,APAD
BKB-1680,24.79488508,88.31461508,FCBK,coal,Rajshahi,Bangladesh,operating,"8,886.81",0.0097,86.202057,0.0068,60.430308,0.0046,40.879326,0.0047,41.768007,APAD
BKB-1681,26.0413785,88.60981616,FCBK,coal,Rangpur,Bangladesh,operating,"8,886.81",0.0097,86.202057,0.0068,60.430308,0.0046,40.879326,0.0047,41.768007,APAD
BKB-1682,26.19319519,88.39219365,FCBK,coal,Rangpur,Bangladesh,operating,"8,886.81",0.0097,86.202057,0.0068,60.430308,0.0046,40.879326,0.0047,41.768007,APAD
BKB-1683,25.27944224,89.04133049,FCBK,coal,Rangpur,Bangladesh,operating,"8,886.81",0.0097,86.202057,0.0068,60.430308,0.0046,40.879326,0.0047,41.768007,APAD
BKB-1684,25.40877949,89.21046236,FCBK,coal,Rangpur,Bangladesh,operating,"8,886.81",0.0097,86.202057,0.0068,60.430308,0.0046,40.879326,0.0047,41.768007,APAD
BKB-1685,24.54328225,88.60329882,FCBK,coal,Rajshahi,Bangladesh,operating,"8,886.81",0.0097,86.202057,0.0068,60.430308,0.0046,40.879326,0.0047,41.768007,APAD
BKB-1686,24.851022,89.40372367,FCBK,coal,Rajshahi,Bangladesh,operating,"8,886.81",0.0097,86.202057,0.0068,60.430308,0.0046,40.879326,0.0047,41.768007,APAD
BKB-1687,24.66819237,89.54638626,FCBK,coal,Rajshahi,Bangladesh,operating,"8,886.81",0.0097,86.202057,0.0068,60.430308,0.0046,40.879326,0.0047,41.768007,APAD
BKB-1688,24.67258111,88.74432795,FCBK,coal,Rajshahi,Bangladesh,operating,"8,886.81",0.0097,86.202057,0.0068,60.430308,0.0046,40.879326,0.0047,41.768007,APAD
BKB-1689,24.62356896,89.28580865,FCBK,coal,Rajshahi,Bangladesh,operating,"8,886.81",0.0097,86.202057,0.0068,60.430308,0.0046,40.879326,0.0047,41.768007,APAD
BKB-1690,24.50245547,88.61673437,FCBK,coal,Rajshahi,Bangladesh,operating,"8,886.81",0.0097,86.202057,0.0068,60.430308,0.0046,40.879326,0.0047,41.768007,APAD
BKB-1691,24.87739854,88.99248294,FCBK,coal,Rajshahi,Bangladesh,operating,"8,886.81",0.0097,86.202057,0.0068,60.430308,0.0046,40.879326,0.0047,41.768007,APAD
BKB-1692,24.72211806,89.3911981,FCBK,coal,Rajshahi,Bangladesh,operating,"8,886.81",0.0097,86.202057,0.0068,60.430308,0.0046,40.879326,0.0047,41.768007,APAD
BKB-1693,25.30165455,89.43025935,FCBK,coal,Rangpur,Bangladesh,operating,"8,886.81",0.0097,86.202057,0.0068,60.430308,0.0046,40.879326,0.0047,41.768007,APAD
BKB-1694,24.75910665,89.84182562,FCBK,coal,Mymensingh,Bangladesh,operating,"8,886.81",0.0097,86.202057,0.0068,60.430308,0.0046,40.879326,0.0047,41.768007,APAD
BKB-1695,25.08918514,88.76403902,FCBK,coal,Rajshahi,Bangladesh,operating,"8,886.81",0.0097,86.202057,0.0068,60.430308,0.0046,40.879326,0.0047,41.768007,APAD
BKB-1696,24.44768209,88.56026698,FCBK,coal,Rajshahi,Bangladesh,operating,"8,886.81",0.0097,86.202057,0.0068,60.430308,0.0046,40.879326,0.0047,41.768007,APAD
BKB-1697,24.42689784,88.66629527,FCBK,coal,Rajshahi,Bangladesh,operating,"8,886.81",0.0097,86.202057,0.0068,60.430308,0.0046,40.879326,0.0047,41.768007,APAD
BKB-1698,24.81887821,89.46063674,FCBK,coal,Rajshahi,Bangladesh,operating,"8,886.81",0.0097,86.202057,0.0068,60.430308,0.0046,40.879326,0.0047,41.768007,APAD
BKB-1699,24.81756821,89.46136236,FCBK,coal,Rajshahi,Bangladesh,operating,"8,886.81",0.0097,86.202057,0.0068,60.430308,0.0046,40.879326,0.0047,41.768007,APAD
BKB-1700,24.64192109,88.29201498,FCBK,coal,Rajshahi,Bangladesh,operating,"8,886.81",0.0097,86.202057,0.0068,60.430308,0.0046,40.879326,0.0047,41.768007,APAD
BKB-1701,24.92665521,88.51188757,FCBK,coal,Rajshahi,Bangladesh,operating,"8,886.81",0.0097,86.202057,0.0068,60.430308,0.0046,40.879326,0.0047,41.768007,APAD
BKB-1702,24.87149735,90.18951324,FCBK,coal,Mymensingh,Bangladesh,operating,"8,886.81",0.0097,86.202057,0.0068,60.430308,0.0046,40.879326,0.0047,41.768007,APAD
BKB-1703,24.99816612,88.52286126,FCBK,coal,Rajshahi,Bangladesh,operating,"8,886.81",0.0097,86.202057,0.0068,60.430308,0.0046,40.879326,0.0047,41.768007,APAD
BKB-1704,24.63297289,88.73608115,FCBK,coal,Rajshahi,Bangladesh,operating,"8,886.81",0.0097,86.202057,0.0068,60.430308,0.0046,40.879326,0.0047,41.768007,APAD
BKB-1705,24.8448562,88.41757352,FCBK,coal,Rajshahi,Bangladesh,operating,"8,886.81",0.0097,86.202057,0.0068,60.430308,0.0046,40.879326,0.0047,41.768007,APAD
BKB-1706,24.54529505,88.66546378,FCBK,coal,Rajshahi,Bangladesh,operating,"8,886.81",0.0097,86.202057,0.0068,60.430308,0.0046,40.879326,0.0047,41.768007,APAD
BKB-1707,24.5456425,88.66577553,FCBK,coal,Rajshahi,Bangladesh,operating,"8,886.81",0.0097,86.202057,0.0068,60.430308,0.0046,40.879326,0.0047,41.768007,APAD
BKB-1708,24.65736477,88.15238981,FCBK,coal,Rajshahi,Bangladesh,operating,"8,886.81",0.0097,86.202057,0.0068,60.430308,0.0046,40.879326,0.0047,41.768007,APAD
BKB-1709,24.57138065,88.46020655,FCBK,coal,Rajshahi,Bangladesh,operating,"8,886.81",0.0097,86.202057,0.0068,60.430308,0.0046,40.879326,0.0047,41.768007,APAD
BKB-1710,24.97472949,90.0237699,FCBK,coal,Mymensingh,Bangladesh,operating,"8,886.81",0.0097,86.202057,0.0068,60.430308,0.0046,40.879326,0.0047,41.768007,APAD
BKB-1711,24.87377429,89.19584154,FCBK,coal,Rajshahi,Bangladesh,operating,"8,886.81",0.0097,86.202057,0.0068,60.430308,0.0046,40.879326,0.0047,41.768007,APAD
BKB-1712,25.11502021,88.94411485,FCBK,coal,Rajshahi,Bangladesh,operating,"8,886.81",0.0097,86.202057,0.0068,60.430308,0.0046,40.879326,0.0047,41.768007,APAD
BKB-1713,24.55357805,88.2050547,FCBK,coal,Rajshahi,Bangladesh,operating,"8,886.81",0.0097,86.202057,0.0068,60.430308,0.0046,40.879326,0.0047,41.768007,APAD
BKB-1714,24.86449067,89.96499619,FCBK,coal,Mymensingh,Bangladesh,operating,"8,886.81",0.0097,86.202057,0.0068,60.430308,0.0046,40.879326,0.0047,41.768007,APAD
BKB-1715,24.95161957,89.40434617,FCBK,coal,Rajshahi,Bangladesh,operating,"8,886.81",0.0097,86.202057,0.0068,60.430308,0.0046,40.879326,0.0047,41.768007,APAD
BKB-1716,24.65665168,88.7166929,FCBK,coal,Rajshahi,Bangladesh,operating,"8,886.81",0.0097,86.202057,0.0068,60.430308,0.0046,40.879326,0.0047,41.768007,APAD
BKB-1717,24.86782331,89.19299541,FCBK,coal,Rajshahi,Bangladesh,operating,"8,886.81",0.0097,86.202057,0.0068,60.430308,0.0046,40.879326,0.0047,41.768007,APAD
BKB-1718,24.90831857,89.96732469,FCBK,coal,Mymensingh,Bangladesh,operating,"8,886.81",0.0097,86.202057,0.0068,60.430308,0.0046,40.879326,0.0047,41.768007,APAD
BKB-1719,24.91053476,89.96769557,FCBK,coal,Mymensingh,Bangladesh,operating,"8,886.81",0.0097,86.202057,0.0068,60.430308,0.0046,40.879326,0.0047,41.768007,APAD
BKB-1720,24.9245408,89.73259472,FCBK,coal,Mymensingh,Bangladesh,operating,"8,886.81",0.0097,86.202057,0.0068,60.430308,0.0046,40.879326,0.0047,41.768007,APAD
BKB-1721,24.69915936,88.1169863,FCBK,coal,Rajshahi,Bangladesh,operating,"8,886.81",0.0097,86.202057,0.0068,60.430308,0.0046,40.879326,0.0047,41.768007,APAD
BKB-1722,24.67335144,89.42288528,FCBK,coal,Rajshahi,Bangladesh,operating,"8,886.81",0.0097,86.202057,0.0068,60.430308,0.0046,40.879326,0.0047,41.768007,APAD
BKB-1723,25.00028227,88.62058464,FCBK,coal,Rajshahi,Bangladesh,operating,"8,886.81",0.0097,86.202057,0.0068,60.430308,0.0046,40.879326,0.0047,41.768007,APAD
BKB-1724,24.55408819,88.2269279,FCBK,coal,Rajshahi,Bangladesh,operating,"8,886.81",0.0097,86.202057,0.0068,60.430308,0.0046,40.879326,0.0047,41.768007,APAD
BKB-1725,26.0618976,88.36464975,FCBK,coal,Rangpur,Bangladesh,operating,"8,886.81",0.0097,86.202057,0.0068,60.430308,0.0046,40.879326,0.0047,41.768007,APAD
BKB-1726,24.50556105,88.22575782,FCBK,coal,Rajshahi,Bangladesh,operating,"8,886.81",0.0097,86.202057,0.0068,60.430308,0.0046,40.879326,0.0047,41.768007,APAD
BKB-1727,25.02986023,88.44990454,FCBK,coal,Rajshahi,Bangladesh,operating,"8,886.81",0.0097,86.202057,0.0068,60.430308,0.0046,40.879326,0.0047,41.768007,APAD
BKB-1728,25.03132517,88.45302204,FCBK,coal,Rajshahi,Bangladesh,operating,"8,886.81",0.0097,86.202057,0.0068,60.430308,0.0046,40.879326,0.0047,41.768007,APAD
BKB-1729,25.02958321,88.44792116,FCBK,coal,Rajshahi,Bangladesh,operating,"8,886.81",0.0097,86.202057,0.0068,60.430308,0.0046,40.879326,0.0047,41.768007,APAD
BKB-1730,24.51588059,88.44193374,FCBK,coal,Rajshahi,Bangladesh,operating,"8,886.81",0.0097,86.202057,0.0068,60.430308,0.0046,40.879326,0.0047,41.768007,APAD
BKB-1731,24.41914622,88.42148356,FCBK,coal,Rajshahi,Bangladesh,operating,"8,886.81",0.0097,86.202057,0.0068,60.430308,0.0046,40.879326,0.0047,41.768007,APAD
BKB-1732,24.64444094,88.29039653,FCBK,coal,Rajshahi,Bangladesh,operating,"8,886.81",0.0097,86.202057,0.0068,60.430308,0.0046,40.879326,0.0047,41.768007,APAD
BKB-1733,25.67267529,88.74654397,FCBK,coal,Rangpur,Bangladesh,operating,"8,886.81",0.0097,86.202057,0.0068,60.430308,0.0046,40.879326,0.0047,41.768007,APAD
BKB-1734,24.64959824,88.43743149,FCBK,coal,Rajshahi,Bangladesh,operating,"8,886.81",0.0097,86.202057,0.0068,60.430308,0.0046,40.879326,0.0047,41.768007,APAD
BKB-1735,25.42784329,89.82683805,FCBK,coal,Rangpur,Bangladesh,operating,"8,886.81",0.0097,86.202057,0.0068,60.430308,0.0046,40.879326,0.0047,41.768007,APAD
BKB-1736,24.96166587,89.75171814,FCBK,coal,Mymensingh,Bangladesh,operating,"8,886.81",0.0097,86.202057,0.0068,60.430308,0.0046,40.879326,0.0047,41.768007,APAD
BKB-1737,25.25890305,89.35430643,FCBK,coal,Rangpur,Bangladesh,operating,"8,886.81",0.0097,86.202057,0.0068,60.430308,0.0046,40.879326,0.0047,41.768007,APAD
BKB-1738,24.87400377,89.73584306,FCBK,coal,Mymensingh,Bangladesh,operating,"8,886.81",0.0097,86.202057,0.0068,60.430308,0.0046,40.879326,0.0047,41.768007,APAD
BKB-1739,25.71970279,89.06186224,FCBK,coal,Rangpur,Bangladesh,operating,"8,886.81",0.0097,86.202057,0.0068,60.430308,0.0046,40.879326,0.0047,41.768007,APAD
BKB-1740,25.04842231,88.92492877,FCBK,coal,Rajshahi,Bangladesh,operating,"8,886.81",0.0097,86.202057,0.0068,60.430308,0.0046,40.879326,0.0047,41.768007,APAD
BKB-1741,24.42603649,88.36993876,FCBK,coal,Rajshahi,Bangladesh,operating,"8,886.81",0.0097,86.202057,0.0068,60.430308,0.0046,40.879326,0.0047,41.768007,APAD
BKB-1742,24.57490787,88.276418,FCBK,coal,Rajshahi,Bangladesh,operating,"8,886.81",0.0097,86.202057,0.0068,60.430308,0.0046,40.879326,0.0047,41.768007,APAD
BKB-1743,25.76041717,89.24856586,FCBK,coal,Rangpur,Bangladesh,operating,"8,886.81",0.0097,86.202057,0.0068,60.430308,0.0046,40.879326,0.0047,41.768007,APAD
BKB-1744,24.79907561,89.41959931,FCBK,coal,Rajshahi,Bangladesh,operating,"8,886.81",0.0097,86.202057,0.0068,60.430308,0.0046,40.879326,0.0047,41.768007,APAD
BKB-1745,24.79862955,89.41849206,FCBK,coal,Rajshahi,Bangladesh,operating,"8,886.81",0.0097,86.202057,0.0068,60.430308,0.0046,40.879326,0.0047,41.768007,APAD
BKB-1746,25.94473283,88.47603378,FCBK,coal,Rangpur,Bangladesh,operating,"8,886.81",0.0097,86.202057,0.0068,60.430308,0.0046,40.879326,0.0047,41.768007,APAD
BKB-1747,25.44250461,89.07045163,FCBK,coal,Rangpur,Bangladesh,operating,"8,886.81",0.0097,86.202057,0.0068,60.430308,0.0046,40.879326,0.0047,41.768007,APAD
BKB-1748,25.44550961,89.06886601,FCBK,coal,Rangpur,Bangladesh,operating,"8,886.81",0.0097,86.202057,0.0068,60.430308,0.0046,40.879326,0.0047,41.768007,APAD
BKB-1749,25.68279061,88.70575143,FCBK,coal,Rangpur,Bangladesh,operating,"8,886.81",0.0097,86.202057,0.0068,60.430308,0.0046,40.879326,0.0047,41.768007,APAD
BKB-1750,25.50995943,88.63437501,FCBK,coal,Rangpur,Bangladesh,operating,"8,886.81",0.0097,86.202057,0.0068,60.430308,0.0046,40.879326,0.0047,41.768007,APAD
BKB-1751,24.83620395,89.1797609,FCBK,coal,Rajshahi,Bangladesh,operating,"8,886.81",0.0097,86.202057,0.0068,60.430308,0.0046,40.879326,0.0047,41.768007,APAD
BKB-1752,25.3997928,89.10642544,FCBK,coal,Rangpur,Bangladesh,operating,"8,886.81",0.0097,86.202057,0.0068,60.430308,0.0046,40.879326,0.0047,41.768007,APAD
BKB-1753,25.56545929,89.06621046,FCBK,coal,Rangpur,Bangladesh,operating,"8,886.81",0.0097,86.202057,0.0068,60.430308,0.0046,40.879326,0.0047,41.768007,APAD
BKB-1754,22.20846501,90.64980492,FCBK,coal,Barisal,Bangladesh,operating,"8,886.81",0.0097,86.202057,0.0068,60.430308,0.0046,40.879326,0.0047,41.768007,APAD
BKB-1755,25.78861537,88.77225228,FCBK,coal,Rangpur,Bangladesh,operating,"8,886.81",0.0097,86.202057,0.0068,60.430308,0.0046,40.879326,0.0047,41.768007,APAD
BKB-1756,25.78717391,88.77132241,FCBK,coal,Rangpur,Bangladesh,operating,"8,886.81",0.0097,86.202057,0.0068,60.430308,0.0046,40.879326,0.0047,41.768007,APAD
BKB-1757,24.57172015,88.2983507,FCBK,coal,Rajshahi,Bangladesh,operating,"8,886.81",0.0097,86.202057,0.0068,60.430308,0.0046,40.879326,0.0047,41.768007,APAD
BKB-1758,24.86271998,89.09469726,FCBK,coal,Rajshahi,Bangladesh,operating,"8,886.81",0.0097,86.202057,0.0068,60.430308,0.0046,40.879326,0.0047,41.768007,APAD
BKB-1759,25.21141288,89.86307727,FCBK,coal,Mymensingh,Bangladesh,operating,"8,886.81",0.0097,86.202057,0.0068,60.430308,0.0046,40.879326,0.0047,41.768007,APAD
BKB-1760,24.81323741,89.46691665,FCBK,coal,Rajshahi,Bangladesh,operating,"8,886.81",0.0097,86.202057,0.0068,60.430308,0.0046,40.879326,0.0047,41.768007,APAD
BKB-1761,24.76696838,89.48431489,FCBK,coal,Rajshahi,Bangladesh,operating,"8,886.81",0.0097,86.202057,0.0068,60.430308,0.0046,40.879326,0.0047,41.768007,APAD
BKB-1762,24.57264732,88.27722257,FCBK,coal,Rajshahi,Bangladesh,operating,"8,886.81",0.0097,86.202057,0.0068,60.430308,0.0046,40.879326,0.0047,41.768007,APAD
BKB-1763,25.80927956,88.63060551,FCBK,coal,Rangpur,Bangladesh,operating,"8,886.81",0.0097,86.202057,0.0068,60.430308,0.0046,40.879326,0.0047,41.768007,APAD
BKB-1764,24.80400938,89.72838096,FCBK,coal,Mymensingh,Bangladesh,operating,"8,886.81",0.0097,86.202057,0.0068,60.430308,0.0046,40.879326,0.0047,41.768007,APAD
BKB-1765,25.30099711,89.02804104,FCBK,coal,Rangpur,Bangladesh,operating,"8,886.81",0.0097,86.202057,0.0068,60.430308,0.0046,40.879326,0.0047,41.768007,APAD
BKB-1766,25.42781606,89.81324543,FCBK,coal,Rangpur,Bangladesh,operating,"8,886.81",0.0097,86.202057,0.0068,60.430308,0.0046,40.879326,0.0047,41.768007,APAD
BKB-1767,25.5539919,88.99514634,FCBK,coal,Rangpur,Bangladesh,operating,"8,886.81",0.0097,86.202057,0.0068,60.430308,0.0046,40.879326,0.0047,41.768007,APAD
BKB-1768,25.607773,88.89261975,FCBK,coal,Rangpur,Bangladesh,operating,"8,886.81",0.0097,86.202057,0.0068,60.430308,0.0046,40.879326,0.0047,41.768007,APAD
BKB-1769,24.80347215,89.6070926,FCBK,coal,Rajshahi,Bangladesh,operating,"8,886.81",0.0097,86.202057,0.0068,60.430308,0.0046,40.879326,0.0047,41.768007,APAD
BKB-1770,24.70896026,88.42386108,FCBK,coal,Rajshahi,Bangladesh,operating,"8,886.81",0.0097,86.202057,0.0068,60.430308,0.0046,40.879326,0.0047,41.768007,APAD
BKB-1771,24.81663164,89.44256654,FCBK,coal,Rajshahi,Bangladesh,operating,"8,886.81",0.0097,86.202057,0.0068,60.430308,0.0046,40.879326,0.0047,41.768007,APAD
BKB-1772,24.62406236,88.74989818,FCBK,coal,Rajshahi,Bangladesh,operating,"8,886.81",0.0097,86.202057,0.0068,60.430308,0.0046,40.879326,0.0047,41.768007,APAD
BKB-1773,25.0346468,90.00781886,FCBK,coal,Mymensingh,Bangladesh,operating,"8,886.81",0.0097,86.202057,0.0068,60.430308,0.0046,40.879326,0.0047,41.768007,APAD
BKB-1774,25.94348834,88.26464234,FCBK,coal,Rangpur,Bangladesh,operating,"8,886.81",0.0097,86.202057,0.0068,60.430308,0.0046,40.879326,0.0047,41.768007,APAD
BKB-1775,24.75058964,88.81241422,FCBK,coal,Rajshahi,Bangladesh,operating,"8,886.81",0.0097,86.202057,0.0068,60.430308,0.0046,40.879326,0.0047,41.768007,APAD
BKB-1776,25.01994577,88.49997436,FCBK,coal,Rajshahi,Bangladesh,operating,"8,886.81",0.0097,86.202057,0.0068,60.430308,0.0046,40.879326,0.0047,41.768007,APAD
BKB-1777,25.71632217,88.61573604,FCBK,coal,Rangpur,Bangladesh,operating,"8,886.81",0.0097,86.202057,0.0068,60.430308,0.0046,40.879326,0.0047,41.768007,APAD
BKB-1778,24.56331933,88.2383944,FCBK,coal,Rajshahi,Bangladesh,operating,"8,886.81",0.0097,86.202057,0.0068,60.430308,0.0046,40.879326,0.0047,41.768007,APAD
BKB-1779,25.06820924,89.98906984,FCBK,coal,Mymensingh,Bangladesh,operating,"8,886.81",0.0097,86.202057,0.0068,60.430308,0.0046,40.879326,0.0047,41.768007,APAD
BKB-1780,24.81805554,89.00018527,FCBK,coal,Rajshahi,Bangladesh,operating,"8,886.81",0.0097,86.202057,0.0068,60.430308,0.0046,40.879326,0.0047,41.768007,APAD
BKB-1781,25.89976489,88.25622662,FCBK,coal,Rangpur,Bangladesh,operating,"8,886.81",0.0097,86.202057,0.0068,60.430308,0.0046,40.879326,0.0047,41.768007,APAD
BKB-1782,24.80149953,88.80263776,FCBK,coal,Rajshahi,Bangladesh,operating,"8,886.81",0.0097,86.202057,0.0068,60.430308,0.0046,40.879326,0.0047,41.768007,APAD
BKB-1783,25.92206639,88.27105043,FCBK,coal,Rangpur,Bangladesh,operating,"8,886.81",0.0097,86.202057,0.0068,60.430308,0.0046,40.879326,0.0047,41.768007,APAD
BKB-1784,24.90258881,89.84704755,FCBK,coal,Mymensingh,Bangladesh,operating,"8,886.81",0.0097,86.202057,0.0068,60.430308,0.0046,40.879326,0.0047,41.768007,APAD
BKB-1785,25.02394333,89.43208427,FCBK,coal,Rajshahi,Bangladesh,operating,"8,886.81",0.0097,86.202057,0.0068,60.430308,0.0046,40.879326,0.0047,41.768007,APAD
BKB-1786,24.85080713,88.92462534,FCBK,coal,Rajshahi,Bangladesh,operating,"8,886.81",0.0097,86.202057,0.0068,60.430308,0.0046,40.879326,0.0047,41.768007,APAD
BKB-1787,24.77086454,88.52773531,FCBK,coal,Rajshahi,Bangladesh,operating,"8,886.81",0.0097,86.202057,0.0068,60.430308,0.0046,40.879326,0.0047,41.768007,APAD
BKB-1788,25.04655256,90.03206991,FCBK,coal,Mymensingh,Bangladesh,operating,"8,886.81",0.0097,86.202057,0.0068,60.430308,0.0046,40.879326,0.0047,41.768007,APAD
BKB-1789,25.04133615,89.79874356,FCBK,coal,Mymensingh,Bangladesh,operating,"8,886.81",0.0097,86.202057,0.0068,60.430308,0.0046,40.879326,0.0047,41.768007,APAD
BKB-1790,25.35753758,89.68723778,FCBK,coal,Rangpur,Bangladesh,operating,"8,886.81",0.0097,86.202057,0.0068,60.430308,0.0046,40.879326,0.0047,41.768007,APAD
BKB-1791,24.79796496,88.7383425,FCBK,coal,Rajshahi,Bangladesh,operating,"8,886.81",0.0097,86.202057,0.0068,60.430308,0.0046,40.879326,0.0047,41.768007,APAD
BKB-1792,25.57166179,88.63003004,FCBK,coal,Rangpur,Bangladesh,operating,"8,886.81",0.0097,86.202057,0.0068,60.430308,0.0046,40.879326,0.0047,41.768007,APAD
BKB-1793,26.02103585,88.49080052,FCBK,coal,Rangpur,Bangladesh,operating,"8,886.81",0.0097,86.202057,0.0068,60.430308,0.0046,40.879326,0.0047,41.768007,APAD
BKB-1794,25.69908098,89.35758694,FCBK,coal,Rangpur,Bangladesh,operating,"8,886.81",0.0097,86.202057,0.0068,60.430308,0.0046,40.879326,0.0047,41.768007,APAD
BKB-1795,24.62385164,88.23483188,FCBK,coal,Rajshahi,Bangladesh,operating,"8,886.81",0.0097,86.202057,0.0068,60.430308,0.0046,40.879326,0.0047,41.768007,APAD
BKB-1796,25.16659247,90.24146623,FCBK,coal,Mymensingh,Bangladesh,operating,"8,886.81",0.0097,86.202057,0.0068,60.430308,0.0046,40.879326,0.0047,41.768007,APAD
BKB-1797,25.07058018,90.0301954,FCBK,coal,Mymensingh,Bangladesh,operating,"8,886.81",0.0097,86.202057,0.0068,60.430308,0.0046,40.879326,0.0047,41.768007,APAD
BKB-1798,24.72860847,88.8202281,FCBK,coal,Rajshahi,Bangladesh,operating,"8,886.81",0.0097,86.202057,0.0068,60.430308,0.0046,40.879326,0.0047,41.768007,APAD
BKB-1799,25.98401308,89.34205203,FCBK,coal,Rangpur,Bangladesh,operating,"8,886.81",0.0097,86.202057,0.0068,60.430308,0.0046,40.879326,0.0047,41.768007,APAD
BKB-1800,24.66263255,88.05543549,FCBK,coal,Rajshahi,Bangladesh,operating,"8,886.81",0.0097,86.202057,0.0068,60.430308,0.0046,40.879326,0.0047,41.768007,APAD
BKB-1801,24.91290337,88.54313328,FCBK,coal,Rajshahi,Bangladesh,operating,"8,886.81",0.0097,86.202057,0.0068,60.430308,0.0046,40.879326,0.0047,41.768007,APAD
BKB-1802,24.98369688,88.74884264,FCBK,coal,Rajshahi,Bangladesh,operating,"8,886.81",0.0097,86.202057,0.0068,60.430308,0.0046,40.879326,0.0047,41.768007,APAD
BKB-1803,24.81607345,88.62934528,FCBK,coal,Rajshahi,Bangladesh,operating,"8,886.81",0.0097,86.202057,0.0068,60.430308,0.0046,40.879326,0.0047,41.768007,APAD
BKB-1804,24.90988827,89.74099886,FCBK,coal,Mymensingh,Bangladesh,operating,"8,886.81",0.0097,86.202057,0.0068,60.430308,0.0046,40.879326,0.0047,41.768007,APAD
BKB-1805,24.79243122,88.16868027,FCBK,coal,Rajshahi,Bangladesh,operating,"8,886.81",0.0097,86.202057,0.0068,60.430308,0.0046,40.879326,0.0047,41.768007,APAD
BKB-1806,22.18656214,90.78904695,FCBK,coal,Barisal,Bangladesh,operating,"8,886.81",0.0097,86.202057,0.0068,60.430308,0.0046,40.879326,0.0047,41.768007,APAD
BKB-1807,25.61711198,89.64024508,FCBK,coal,Rangpur,Bangladesh,operating,"8,886.81",0.0097,86.202057,0.0068,60.430308,0.0046,40.879326,0.0047,41.768007,APAD
BKB-1808,25.61640299,89.64190058,FCBK,coal,Rangpur,Bangladesh,operating,"8,886.81",0.0097,86.202057,0.0068,60.430308,0.0046,40.879326,0.0047,41.768007,APAD
BKB-1809,24.82861101,89.24406969,FCBK,coal,Rajshahi,Bangladesh,operating,"8,886.81",0.0097,86.202057,0.0068,60.430308,0.0046,40.879326,0.0047,41.768007,APAD
BKB-1810,26.1057407,88.40211333,FCBK,coal,Rangpur,Bangladesh,operating,"8,886.81",0.0097,86.202057,0.0068,60.430308,0.0046,40.879326,0.0047,41.768007,APAD
BKB-1811,25.7464519,89.08142792,FCBK,coal,Rangpur,Bangladesh,operating,"8,886.81",0.0097,86.202057,0.0068,60.430308,0.0046,40.879326,0.0047,41.768007,APAD
BKB-1812,24.80783365,89.1235558,FCBK,coal,Rajshahi,Bangladesh,operating,"8,886.81",0.0097,86.202057,0.0068,60.430308,0.0046,40.879326,0.0047,41.768007,APAD
BKB-1813,24.80109479,88.86945572,FCBK,coal,Rajshahi,Bangladesh,operating,"8,886.81",0.0097,86.202057,0.0068,60.430308,0.0046,40.879326,0.0047,41.768007,APAD
BKB-1814,22.40026995,90.76010066,FCBK,coal,Barisal,Bangladesh,operating,"8,886.81",0.0097,86.202057,0.0068,60.430308,0.0046,40.879326,0.0047,41.768007,APAD
BKB-1815,25.68923683,89.0970467,FCBK,coal,Rangpur,Bangladesh,operating,"8,886.81",0.0097,86.202057,0.0068,60.430308,0.0046,40.879326,0.0047,41.768007,APAD
BKB-1816,24.82282764,88.43929711,FCBK,coal,Rajshahi,Bangladesh,operating,"8,886.81",0.0097,86.202057,0.0068,60.430308,0.0046,40.879326,0.0047,41.768007,APAD
BKB-1817,24.65726259,88.12098585,FCBK,coal,Rajshahi,Bangladesh,operating,"8,886.81",0.0097,86.202057,0.0068,60.430308,0.0046,40.879326,0.0047,41.768007,APAD
BKB-1818,24.99436676,89.85033614,FCBK,coal,Mymensingh,Bangladesh,operating,"8,886.81",0.0097,86.202057,0.0068,60.430308,0.0046,40.879326,0.0047,41.768007,APAD
BKB-1819,24.62545174,88.24069504,FCBK,coal,Rajshahi,Bangladesh,operating,"8,886.81",0.0097,86.202057,0.0068,60.430308,0.0046,40.879326,0.0047,41.768007,APAD
BKB-1820,24.94566788,89.50684485,FCBK,coal,Rajshahi,Bangladesh,operating,"8,886.81",0.0097,86.202057,0.0068,60.430308,0.0046,40.879326,0.0047,41.768007,APAD
BKB-1821,24.75582383,88.78587391,FCBK,coal,Rajshahi,Bangladesh,operating,"8,886.81",0.0097,86.202057,0.0068,60.430308,0.0046,40.879326,0.0047,41.768007,APAD
BKB-1822,24.66049044,88.26328965,FCBK,coal,Rajshahi,Bangladesh,operating,"8,886.81",0.0097,86.202057,0.0068,60.430308,0.0046,40.879326,0.0047,41.768007,APAD
BKB-1823,25.32329903,89.33987973,FCBK,coal,Rangpur,Bangladesh,operating,"8,886.81",0.0097,86.202057,0.0068,60.430308,0.0046,40.879326,0.0047,41.768007,APAD
BKB-1824,25.06660035,89.02767891,FCBK,coal,Rajshahi,Bangladesh,operating,"8,886.81",0.0097,86.202057,0.0068,60.430308,0.0046,40.879326,0.0047,41.768007,APAD
BKB-1825,25.00301306,88.50753905,FCBK,coal,Rajshahi,Bangladesh,operating,"8,886.81",0.0097,86.202057,0.0068,60.430308,0.0046,40.879326,0.0047,41.768007,APAD
BKB-1826,25.90127453,88.25165145,FCBK,coal,Rangpur,Bangladesh,operating,"8,886.81",0.0097,86.202057,0.0068,60.430308,0.0046,40.879326,0.0047,41.768007,APAD
BKB-1827,24.90968469,88.74180487,FCBK,coal,Rajshahi,Bangladesh,operating,"8,886.81",0.0097,86.202057,0.0068,60.430308,0.0046,40.879326,0.0047,41.768007,APAD
BKB-1828,24.64508102,88.21950825,FCBK,coal,Rajshahi,Bangladesh,operating,"8,886.81",0.0097,86.202057,0.0068,60.430308,0.0046,40.879326,0.0047,41.768007,APAD
BKB-1829,26.08309171,88.33824916,FCBK,coal,Rangpur,Bangladesh,operating,"8,886.81",0.0097,86.202057,0.0068,60.430308,0.0046,40.879326,0.0047,41.768007,APAD
BKB-1830,25.03472214,90.04685896,FCBK,coal,Mymensingh,Bangladesh,operating,"8,886.81",0.0097,86.202057,0.0068,60.430308,0.0046,40.879326,0.0047,41.768007,APAD
BKB-1831,24.95781048,89.58493361,FCBK,coal,Rajshahi,Bangladesh,operating,"8,886.81",0.0097,86.202057,0.0068,60.430308,0.0046,40.879326,0.0047,41.768007,APAD
BKB-1832,25.05813777,88.47759528,FCBK,coal,Rajshahi,Bangladesh,operating,"8,886.81",0.0097,86.202057,0.0068,60.430308,0.0046,40.879326,0.0047,41.768007,APAD
BKB-1833,25.60681711,89.33794602,FCBK,coal,Rangpur,Bangladesh,operating,"8,886.81",0.0097,86.202057,0.0068,60.430308,0.0046,40.879326,0.0047,41.768007,APAD
BKB-1834,22.13994812,90.25328209,FCBK,coal,Barisal,Bangladesh,operating,"8,886.81",0.0097,86.202057,0.0068,60.430308,0.0046,40.879326,0.0047,41.768007,APAD
BKB-1835,25.80078137,89.02525795,FCBK,coal,Rangpur,Bangladesh,operating,"8,886.81",0.0097,86.202057,0.0068,60.430308,0.0046,40.879326,0.0047,41.768007,APAD
BKB-1836,25.18549266,88.90930228,FCBK,coal,Rajshahi,Bangladesh,operating,"8,886.81",0.0097,86.202057,0.0068,60.430308,0.0046,40.879326,0.0047,41.768007,APAD
BKB-1837,24.75404092,88.22508027,FCBK,coal,Rajshahi,Bangladesh,operating,"8,886.81",0.0097,86.202057,0.0068,60.430308,0.0046,40.879326,0.0047,41.768007,APAD
BKB-1838,25.26507397,89.01513322,FCBK,coal,Rajshahi,Bangladesh,operating,"8,886.81",0.0097,86.202057,0.0068,60.430308,0.0046,40.879326,0.0047,41.768007,APAD
BKB-1839,24.82777315,88.88605211,FCBK,coal,Rajshahi,Bangladesh,operating,"8,886.81",0.0097,86.202057,0.0068,60.430308,0.0046,40.879326,0.0047,41.768007,APAD
BKB-1840,24.82706416,88.88281099,FCBK,coal,Rajshahi,Bangladesh,operating,"8,886.81",0.0097,86.202057,0.0068,60.430308,0.0046,40.879326,0.0047,41.768007,APAD
BKB-1841,25.1795666,88.9669277,FCBK,coal,Rajshahi,Bangladesh,operating,"8,886.81",0.0097,86.202057,0.0068,60.430308,0.0046,40.879326,0.0047,41.768007,APAD
BKB-1842,25.62511044,88.60314257,FCBK,coal,Rangpur,Bangladesh,operating,"8,886.81",0.0097,86.202057,0.0068,60.430308,0.0046,40.879326,0.0047,41.768007,APAD
BKB-1843,24.97731186,89.58451967,FCBK,coal,Rajshahi,Bangladesh,operating,"8,886.81",0.0097,86.202057,0.0068,60.430308,0.0046,40.879326,0.0047,41.768007,APAD
BKB-1844,25.58515094,89.83976725,FCBK,coal,Rangpur,Bangladesh,operating,"8,886.81",0.0097,86.202057,0.0068,60.430308,0.0046,40.879326,0.0047,41.768007,APAD
BKB-1845,24.96280035,88.52596544,FCBK,coal,Rajshahi,Bangladesh,operating,"8,886.81",0.0097,86.202057,0.0068,60.430308,0.0046,40.879326,0.0047,41.768007,APAD
BKB-1846,24.68988351,88.3045644,FCBK,coal,Rajshahi,Bangladesh,operating,"8,886.81",0.0097,86.202057,0.0068,60.430308,0.0046,40.879326,0.0047,41.768007,APAD
BKB-1847,24.68761098,88.29957102,FCBK,coal,Rajshahi,Bangladesh,operating,"8,886.81",0.0097,86.202057,0.0068,60.430308,0.0046,40.879326,0.0047,41.768007,APAD
BKB-1848,24.69031079,88.3007589,FCBK,coal,Rajshahi,Bangladesh,operating,"8,886.81",0.0097,86.202057,0.0068,60.430308,0.0046,40.879326,0.0047,41.768007,APAD
BKB-1849,26.17503694,89.02297399,FCBK,coal,Rangpur,Bangladesh,operating,"8,886.81",0.0097,86.202057,0.0068,60.430308,0.0046,40.879326,0.0047,41.768007,APAD
BKB-1850,24.92770355,88.81761744,FCBK,coal,Rajshahi,Bangladesh,operating,"8,886.81",0.0097,86.202057,0.0068,60.430308,0.0046,40.879326,0.0047,41.768007,APAD
BKB-1851,24.7603723,88.15395672,FCBK,coal,Rajshahi,Bangladesh,operating,"8,886.81",0.0097,86.202057,0.0068,60.430308,0.0046,40.879326,0.0047,41.768007,APAD
BKB-1852,24.75687899,88.15736447,FCBK,coal,Rajshahi,Bangladesh,operating,"8,886.81",0.0097,86.202057,0.0068,60.430308,0.0046,40.879326,0.0047,41.768007,APAD
BKB-1853,25.18349405,89.37951946,FCBK,coal,Rangpur,Bangladesh,operating,"8,886.81",0.0097,86.202057,0.0068,60.430308,0.0046,40.879326,0.0047,41.768007,APAD
BKB-1854,25.12951689,88.61553693,FCBK,coal,Rajshahi,Bangladesh,operating,"8,886.81",0.0097,86.202057,0.0068,60.430308,0.0046,40.879326,0.0047,41.768007,APAD
BKB-1855,24.81167041,88.68457039,FCBK,coal,Rajshahi,Bangladesh,operating,"8,886.81",0.0097,86.202057,0.0068,60.430308,0.0046,40.879326,0.0047,41.768007,APAD
BKB-1856,25.01210773,88.99231789,FCBK,coal,Rajshahi,Bangladesh,operating,"8,886.81",0.0097,86.202057,0.0068,60.430308,0.0046,40.879326,0.0047,41.768007,APAD
BKB-1857,25.17596719,90.24004679,FCBK,coal,Mymensingh,Bangladesh,operating,"8,886.81",0.0097,86.202057,0.0068,60.430308,0.0046,40.879326,0.0047,41.768007,APAD
BKB-1858,25.35527551,89.48818735,FCBK,coal,Rangpur,Bangladesh,operating,"8,886.81",0.0097,86.202057,0.0068,60.430308,0.0046,40.879326,0.0047,41.768007,APAD
BKB-1859,26.07792404,88.26340722,FCBK,coal,Rangpur,Bangladesh,operating,"8,886.81",0.0097,86.202057,0.0068,60.430308,0.0046,40.879326,0.0047,41.768007,APAD
BKB-1860,25.92726609,89.48326293,FCBK,coal,Rangpur,Bangladesh,operating,"8,886.81",0.0097,86.202057,0.0068,60.430308,0.0046,40.879326,0.0047,41.768007,APAD
BKB-1861,25.40252868,89.21427972,FCBK,coal,Rangpur,Bangladesh,operating,"8,886.81",0.0097,86.202057,0.0068,60.430308,0.0046,40.879326,0.0047,41.768007,APAD
BKB-1862,24.89598608,88.65330981,FCBK,coal,Rajshahi,Bangladesh,operating,"8,886.81",0.0097,86.202057,0.0068,60.430308,0.0046,40.879326,0.0047,41.768007,APAD
BKB-1863,26.30650676,88.68497928,FCBK,coal,Rangpur,Bangladesh,operating,"8,886.81",0.0097,86.202057,0.0068,60.430308,0.0046,40.879326,0.0047,41.768007,APAD
BKB-1864,24.99612085,89.37801006,FCBK,coal,Rajshahi,Bangladesh,operating,"8,886.81",0.0097,86.202057,0.0068,60.430308,0.0046,40.879326,0.0047,41.768007,APAD
BKB-1865,25.97451206,88.31229974,FCBK,coal,Rangpur,Bangladesh,operating,"8,886.81",0.0097,86.202057,0.0068,60.430308,0.0046,40.879326,0.0047,41.768007,APAD
BKB-1866,24.80529964,88.15865716,FCBK,coal,Rajshahi,Bangladesh,operating,"8,886.81",0.0097,86.202057,0.0068,60.430308,0.0046,40.879326,0.0047,41.768007,APAD
BKB-1867,25.99504224,88.41964755,FCBK,coal,Rangpur,Bangladesh,operating,"8,886.81",0.0097,86.202057,0.0068,60.430308,0.0046,40.879326,0.0047,41.768007,APAD
BKB-1868,25.79658405,88.90243564,FCBK,coal,Rangpur,Bangladesh,operating,"8,886.81",0.0097,86.202057,0.0068,60.430308,0.0046,40.879326,0.0047,41.768007,APAD
BKB-1869,25.64569155,88.78522356,FCBK,coal,Rangpur,Bangladesh,operating,"8,886.81",0.0097,86.202057,0.0068,60.430308,0.0046,40.879326,0.0047,41.768007,APAD
BKB-1870,25.06837679,89.12058545,FCBK,coal,Rajshahi,Bangladesh,operating,"8,886.81",0.0097,86.202057,0.0068,60.430308,0.0046,40.879326,0.0047,41.768007,APAD
BKB-1871,22.14892157,90.80620228,FCBK,coal,Barisal,Bangladesh,operating,"8,886.81",0.0097,86.202057,0.0068,60.430308,0.0046,40.879326,0.0047,41.768007,APAD
BKB-1872,25.1648994,88.95801167,FCBK,coal,Rajshahi,Bangladesh,operating,"8,886.81",0.0097,86.202057,0.0068,60.430308,0.0046,40.879326,0.0047,41.768007,APAD
BKB-1873,25.81748854,88.97374686,FCBK,coal,Rangpur,Bangladesh,operating,"8,886.81",0.0097,86.202057,0.0068,60.430308,0.0046,40.879326,0.0047,41.768007,APAD
BKB-1874,25.81453519,88.97412311,FCBK,coal,Rangpur,Bangladesh,operating,"8,886.81",0.0097,86.202057,0.0068,60.430308,0.0046,40.879326,0.0047,41.768007,APAD
BKB-1875,25.30443363,89.43535972,FCBK,coal,Rangpur,Bangladesh,operating,"8,886.81",0.0097,86.202057,0.0068,60.430308,0.0046,40.879326,0.0047,41.768007,APAD
BKB-1876,25.31480932,89.10612239,FCBK,coal,Rangpur,Bangladesh,operating,"8,886.81",0.0097,86.202057,0.0068,60.430308,0.0046,40.879326,0.0047,41.768007,APAD
BKB-1877,26.04924951,88.299074,FCBK,coal,Rangpur,Bangladesh,operating,"8,886.81",0.0097,86.202057,0.0068,60.430308,0.0046,40.879326,0.0047,41.768007,APAD
BKB-1878,25.81920149,88.1378219,FCBK,coal,Rangpur,Bangladesh,operating,"8,886.81",0.0097,86.202057,0.0068,60.430308,0.0046,40.879326,0.0047,41.768007,APAD
BKB-1879,25.85472599,88.51772099,FCBK,coal,Rangpur,Bangladesh,operating,"8,886.81",0.0097,86.202057,0.0068,60.430308,0.0046,40.879326,0.0047,41.768007,APAD
BKB-1880,25.32350792,89.33987815,FCBK,coal,Rangpur,Bangladesh,operating,"8,886.81",0.0097,86.202057,0.0068,60.430308,0.0046,40.879326,0.0047,41.768007,APAD
BKB-1881,25.33817531,89.31847391,FCBK,coal,Rangpur,Bangladesh,operating,"8,886.81",0.0097,86.202057,0.0068,60.430308,0.0046,40.879326,0.0047,41.768007,APAD
BKB-1882,24.89611024,88.40223811,FCBK,coal,Rajshahi,Bangladesh,operating,"8,886.81",0.0097,86.202057,0.0068,60.430308,0.0046,40.879326,0.0047,41.768007,APAD
BKB-1883,25.29095523,89.17863282,FCBK,coal,Rangpur,Bangladesh,operating,"8,886.81",0.0097,86.202057,0.0068,60.430308,0.0046,40.879326,0.0047,41.768007,APAD
BKB-1884,25.20140354,89.8850208,FCBK,coal,Mymensingh,Bangladesh,operating,"8,886.81",0.0097,86.202057,0.0068,60.430308,0.0046,40.879326,0.0047,41.768007,APAD
BKB-1885,25.61304418,88.49500588,FCBK,coal,Rangpur,Bangladesh,operating,"8,886.81",0.0097,86.202057,0.0068,60.430308,0.0046,40.879326,0.0047,41.768007,APAD
BKB-1886,25.56833358,89.05362483,FCBK,coal,Rangpur,Bangladesh,operating,"8,886.81",0.0097,86.202057,0.0068,60.430308,0.0046,40.879326,0.0047,41.768007,APAD
BKB-1887,26.11671376,88.30933369,FCBK,coal,Rangpur,Bangladesh,operating,"8,886.81",0.0097,86.202057,0.0068,60.430308,0.0046,40.879326,0.0047,41.768007,APAD
BKB-1888,25.415973,89.35590008,FCBK,coal,Rangpur,Bangladesh,operating,"8,886.81",0.0097,86.202057,0.0068,60.430308,0.0046,40.879326,0.0047,41.768007,APAD
BKB-1889,25.41809483,89.33509152,FCBK,coal,Rangpur,Bangladesh,operating,"8,886.81",0.0097,86.202057,0.0068,60.430308,0.0046,40.879326,0.0047,41.768007,APAD
BKB-1890,25.04077422,88.45386521,FCBK,coal,Rajshahi,Bangladesh,operating,"8,886.81",0.0097,86.202057,0.0068,60.430308,0.0046,40.879326,0.0047,41.768007,APAD
BKB-1891,25.61232933,89.41799154,FCBK,coal,Rangpur,Bangladesh,operating,"8,886.81",0.0097,86.202057,0.0068,60.430308,0.0046,40.879326,0.0047,41.768007,APAD
BKB-1892,25.33038883,89.34176304,FCBK,coal,Rangpur,Bangladesh,operating,"8,886.81",0.0097,86.202057,0.0068,60.430308,0.0046,40.879326,0.0047,41.768007,APAD
BKB-1893,25.6165917,88.70521838,FCBK,coal,Rangpur,Bangladesh,operating,"8,886.81",0.0097,86.202057,0.0068,60.430308,0.0046,40.879326,0.0047,41.768007,APAD
BKB-1894,21.84387163,90.16439483,FCBK,coal,Barisal,Bangladesh,operating,"8,886.81",0.0097,86.202057,0.0068,60.430308,0.0046,40.879326,0.0047,41.768007,APAD
BKB-1895,25.20199615,88.50050552,FCBK,coal,Rajshahi,Bangladesh,operating,"8,886.81",0.0097,86.202057,0.0068,60.430308,0.0046,40.879326,0.0047,41.768007,APAD
BKB-1896,25.0853241,88.76300032,FCBK,coal,Rajshahi,Bangladesh,operating,"8,886.81",0.0097,86.202057,0.0068,60.430308,0.0046,40.879326,0.0047,41.768007,APAD
BKB-1897,25.08454467,88.76473108,FCBK,coal,Rajshahi,Bangladesh,operating,"8,886.81",0.0097,86.202057,0.0068,60.430308,0.0046,40.879326,0.0047,41.768007,APAD
BKB-1898,25.30638763,89.36707168,FCBK,coal,Rangpur,Bangladesh,operating,"8,886.81",0.0097,86.202057,0.0068,60.430308,0.0046,40.879326,0.0047,41.768007,APAD
BKB-1899,25.3474637,88.99375814,FCBK,coal,Rangpur,Bangladesh,operating,"8,886.81",0.0097,86.202057,0.0068,60.430308,0.0046,40.879326,0.0047,41.768007,APAD
BKB-1900,25.45754581,89.04658848,FCBK,coal,Rangpur,Bangladesh,operating,"8,886.81",0.0097,86.202057,0.0068,60.430308,0.0046,40.879326,0.0047,41.768007,APAD
BKB-1901,25.66413215,88.57404808,FCBK,coal,Rangpur,Bangladesh,operating,"8,886.81",0.0097,86.202057,0.0068,60.430308,0.0046,40.879326,0.0047,41.768007,APAD
BKB-1902,24.94595615,88.43883682,FCBK,coal,Rajshahi,Bangladesh,operating,"8,886.81",0.0097,86.202057,0.0068,60.430308,0.0046,40.879326,0.0047,41.768007,APAD
BKB-1903,25.18599728,88.58644395,FCBK,coal,Rajshahi,Bangladesh,operating,"8,886.81",0.0097,86.202057,0.0068,60.430308,0.0046,40.879326,0.0047,41.768007,APAD
BKB-1904,25.27106692,89.2411037,FCBK,coal,Rangpur,Bangladesh,operating,"8,886.81",0.0097,86.202057,0.0068,60.430308,0.0046,40.879326,0.0047,41.768007,APAD
BKB-1905,25.44559829,89.19022105,FCBK,coal,Rangpur,Bangladesh,operating,"8,886.81",0.0097,86.202057,0.0068,60.430308,0.0046,40.879326,0.0047,41.768007,APAD
BKB-1906,25.26872913,89.36473778,FCBK,coal,Rangpur,Bangladesh,operating,"8,886.81",0.0097,86.202057,0.0068,60.430308,0.0046,40.879326,0.0047,41.768007,APAD
BKB-1907,25.26534381,89.36166866,FCBK,coal,Rangpur,Bangladesh,operating,"8,886.81",0.0097,86.202057,0.0068,60.430308,0.0046,40.879326,0.0047,41.768007,APAD
BKB-1908,24.96442555,88.56113809,FCBK,coal,Rajshahi,Bangladesh,operating,"8,886.81",0.0097,86.202057,0.0068,60.430308,0.0046,40.879326,0.0047,41.768007,APAD
BKB-1909,25.52289294,89.28748348,FCBK,coal,Rangpur,Bangladesh,operating,"8,886.81",0.0097,86.202057,0.0068,60.430308,0.0046,40.879326,0.0047,41.768007,APAD
BKB-1910,22.31818602,90.33989307,FCBK,coal,Barisal,Bangladesh,operating,"8,886.81",0.0097,86.202057,0.0068,60.430308,0.0046,40.879326,0.0047,41.768007,APAD
BKB-1911,26.18510379,89.01545336,FCBK,coal,Rangpur,Bangladesh,operating,"8,886.81",0.0097,86.202057,0.0068,60.430308,0.0046,40.879326,0.0047,41.768007,APAD
BKB-1912,25.67222717,88.57851853,FCBK,coal,Rangpur,Bangladesh,operating,"8,886.81",0.0097,86.202057,0.0068,60.430308,0.0046,40.879326,0.0047,41.768007,APAD
BKB-1913,25.64072948,89.23798264,FCBK,coal,Rangpur,Bangladesh,operating,"8,886.81",0.0097,86.202057,0.0068,60.430308,0.0046,40.879326,0.0047,41.768007,APAD
BKB-1914,25.79496222,89.37173707,FCBK,coal,Rangpur,Bangladesh,operating,"8,886.81",0.0097,86.202057,0.0068,60.430308,0.0046,40.879326,0.0047,41.768007,APAD
BKB-1915,22.36524735,90.35900347,FCBK,coal,Barisal,Bangladesh,operating,"8,886.81",0.0097,86.202057,0.0068,60.430308,0.0046,40.879326,0.0047,41.768007,APAD
BKB-1916,25.34913701,89.37728298,FCBK,coal,Rangpur,Bangladesh,operating,"8,886.81",0.0097,86.202057,0.0068,60.430308,0.0046,40.879326,0.0047,41.768007,APAD
BKB-1917,25.31961427,88.99120797,FCBK,coal,Rangpur,Bangladesh,operating,"8,886.81",0.0097,86.202057,0.0068,60.430308,0.0046,40.879326,0.0047,41.768007,APAD
BKB-1918,25.44594995,89.06894685,FCBK,coal,Rangpur,Bangladesh,operating,"8,886.81",0.0097,86.202057,0.0068,60.430308,0.0046,40.879326,0.0047,41.768007,APAD
BKB-1919,25.6407691,89.71753561,FCBK,coal,Rangpur,Bangladesh,operating,"8,886.81",0.0097,86.202057,0.0068,60.430308,0.0046,40.879326,0.0047,41.768007,APAD
BKB-1920,25.42796986,89.30754095,FCBK,coal,Rangpur,Bangladesh,operating,"8,886.81",0.0097,86.202057,0.0068,60.430308,0.0046,40.879326,0.0047,41.768007,APAD
BKB-1921,25.93276639,88.4537592,FCBK,coal,Rangpur,Bangladesh,operating,"8,886.81",0.0097,86.202057,0.0068,60.430308,0.0046,40.879326,0.0047,41.768007,APAD
BKB-1922,25.6659431,88.69955079,FCBK,coal,Rangpur,Bangladesh,operating,"8,886.81",0.0097,86.202057,0.0068,60.430308,0.0046,40.879326,0.0047,41.768007,APAD
BKB-1923,26.08922304,88.62992768,FCBK,coal,Rangpur,Bangladesh,operating,"8,886.81",0.0097,86.202057,0.0068,60.430308,0.0046,40.879326,0.0047,41.768007,APAD
BKB-1924,25.52134783,89.29618509,FCBK,coal,Rangpur,Bangladesh,operating,"8,886.81",0.0097,86.202057,0.0068,60.430308,0.0046,40.879326,0.0047,41.768007,APAD
BKB-1925,25.99800517,89.03905481,FCBK,coal,Rangpur,Bangladesh,operating,"8,886.81",0.0097,86.202057,0.0068,60.430308,0.0046,40.879326,0.0047,41.768007,APAD
BKB-1926,25.63982969,88.5567588,FCBK,coal,Rangpur,Bangladesh,operating,"8,886.81",0.0097,86.202057,0.0068,60.430308,0.0046,40.879326,0.0047,41.768007,APAD
BKB-1927,25.48832984,88.87219559,FCBK,coal,Rangpur,Bangladesh,operating,"8,886.81",0.0097,86.202057,0.0068,60.430308,0.0046,40.879326,0.0047,41.768007,APAD
BKB-1928,25.46753251,89.25777612,FCBK,coal,Rangpur,Bangladesh,operating,"8,886.81",0.0097,86.202057,0.0068,60.430308,0.0046,40.879326,0.0047,41.768007,APAD
BKB-1929,26.43744328,88.53673869,FCBK,coal,Rangpur,Bangladesh,operating,"8,886.81",0.0097,86.202057,0.0068,60.430308,0.0046,40.879326,0.0047,41.768007,APAD
BKB-1930,26.07533591,88.31102708,FCBK,coal,Rangpur,Bangladesh,operating,"8,886.81",0.0097,86.202057,0.0068,60.430308,0.0046,40.879326,0.0047,41.768007,APAD
BKB-1931,25.97840211,88.74763336,FCBK,coal,Rangpur,Bangladesh,operating,"8,886.81",0.0097,86.202057,0.0068,60.430308,0.0046,40.879326,0.0047,41.768007,APAD
BKB-1932,25.07004102,88.73574143,FCBK,coal,Rajshahi,Bangladesh,operating,"8,886.81",0.0097,86.202057,0.0068,60.430308,0.0046,40.879326,0.0047,41.768007,APAD
BKB-1933,25.61135487,89.52172045,FCBK,coal,Rangpur,Bangladesh,operating,"8,886.81",0.0097,86.202057,0.0068,60.430308,0.0046,40.879326,0.0047,41.768007,APAD
BKB-1934,25.42171274,89.07926953,FCBK,coal,Rangpur,Bangladesh,operating,"8,886.81",0.0097,86.202057,0.0068,60.430308,0.0046,40.879326,0.0047,41.768007,APAD
BKB-1935,25.89839225,88.18914206,FCBK,coal,Rangpur,Bangladesh,operating,"8,886.81",0.0097,86.202057,0.0068,60.430308,0.0046,40.879326,0.0047,41.768007,APAD
BKB-1936,25.93196125,89.47565971,FCBK,coal,Rangpur,Bangladesh,operating,"8,886.81",0.0097,86.202057,0.0068,60.430308,0.0046,40.879326,0.0047,41.768007,APAD
BKB-1937,22.30605048,90.78504501,FCBK,coal,Barisal,Bangladesh,operating,"8,886.81",0.0097,86.202057,0.0068,60.430308,0.0046,40.879326,0.0047,41.768007,APAD
BKB-1938,25.74592673,89.05656265,FCBK,coal,Rangpur,Bangladesh,operating,"8,886.81",0.0097,86.202057,0.0068,60.430308,0.0046,40.879326,0.0047,41.768007,APAD
BKB-1939,25.91321018,89.50534931,FCBK,coal,Rangpur,Bangladesh,operating,"8,886.81",0.0097,86.202057,0.0068,60.430308,0.0046,40.879326,0.0047,41.768007,APAD
BKB-1940,25.16759897,88.74286983,FCBK,coal,Rajshahi,Bangladesh,operating,"8,886.81",0.0097,86.202057,0.0068,60.430308,0.0046,40.879326,0.0047,41.768007,APAD
BKB-1941,25.42566971,89.20645624,FCBK,coal,Rangpur,Bangladesh,operating,"8,886.81",0.0097,86.202057,0.0068,60.430308,0.0046,40.879326,0.0047,41.768007,APAD
BKB-1942,25.43335224,89.30159694,FCBK,coal,Rangpur,Bangladesh,operating,"8,886.81",0.0097,86.202057,0.0068,60.430308,0.0046,40.879326,0.0047,41.768007,APAD
BKB-1943,25.79265141,89.35329219,FCBK,coal,Rangpur,Bangladesh,operating,"8,886.81",0.0097,86.202057,0.0068,60.430308,0.0046,40.879326,0.0047,41.768007,APAD
BKB-1944,25.24078571,89.01681213,FCBK,coal,Rajshahi,Bangladesh,operating,"8,886.81",0.0097,86.202057,0.0068,60.430308,0.0046,40.879326,0.0047,41.768007,APAD
BKB-1945,25.32541502,89.48962184,FCBK,coal,Rangpur,Bangladesh,operating,"8,886.81",0.0097,86.202057,0.0068,60.430308,0.0046,40.879326,0.0047,41.768007,APAD
BKB-1946,25.41639305,89.35595181,FCBK,coal,Rangpur,Bangladesh,operating,"8,886.81",0.0097,86.202057,0.0068,60.430308,0.0046,40.879326,0.0047,41.768007,APAD
BKB-1947,25.42134533,89.18651728,FCBK,coal,Rangpur,Bangladesh,operating,"8,886.81",0.0097,86.202057,0.0068,60.430308,0.0046,40.879326,0.0047,41.768007,APAD
BKB-1948,25.62528196,89.30815647,FCBK,coal,Rangpur,Bangladesh,operating,"8,886.81",0.0097,86.202057,0.0068,60.430308,0.0046,40.879326,0.0047,41.768007,APAD
BKB-1949,25.55156256,89.52213139,FCBK,coal,Rangpur,Bangladesh,operating,"8,886.81",0.0097,86.202057,0.0068,60.430308,0.0046,40.879326,0.0047,41.768007,APAD
BKB-1950,25.79460001,88.95342793,FCBK,coal,Rangpur,Bangladesh,operating,"8,886.81",0.0097,86.202057,0.0068,60.430308,0.0046,40.879326,0.0047,41.768007,APAD
BKB-1951,25.72140523,88.72476466,FCBK,coal,Rangpur,Bangladesh,operating,"8,886.81",0.0097,86.202057,0.0068,60.430308,0.0046,40.879326,0.0047,41.768007,APAD
BKB-1952,25.55902383,88.98948513,FCBK,coal,Rangpur,Bangladesh,operating,"8,886.81",0.0097,86.202057,0.0068,60.430308,0.0046,40.879326,0.0047,41.768007,APAD
BKB-1953,22.19173863,90.94016184,FCBK,coal,Barisal,Bangladesh,operating,"8,886.81",0.0097,86.202057,0.0068,60.430308,0.0046,40.879326,0.0047,41.768007,APAD
BKB-1954,25.73003969,89.28431894,FCBK,coal,Rangpur,Bangladesh,operating,"8,886.81",0.0097,86.202057,0.0068,60.430308,0.0046,40.879326,0.0047,41.768007,APAD
BKB-1955,25.43127196,89.23492493,FCBK,coal,Rangpur,Bangladesh,operating,"8,886.81",0.0097,86.202057,0.0068,60.430308,0.0046,40.879326,0.0047,41.768007,APAD
BKB-1956,25.74801208,88.59217948,FCBK,coal,Rangpur,Bangladesh,operating,"8,886.81",0.0097,86.202057,0.0068,60.430308,0.0046,40.879326,0.0047,41.768007,APAD
BKB-1957,25.92450364,89.47897913,FCBK,coal,Rangpur,Bangladesh,operating,"8,886.81",0.0097,86.202057,0.0068,60.430308,0.0046,40.879326,0.0047,41.768007,APAD
BKB-1958,25.85870005,88.6023277,FCBK,coal,Rangpur,Bangladesh,operating,"8,886.81",0.0097,86.202057,0.0068,60.430308,0.0046,40.879326,0.0047,41.768007,APAD
BKB-1959,25.74033143,89.46982861,FCBK,coal,Rangpur,Bangladesh,operating,"8,886.81",0.0097,86.202057,0.0068,60.430308,0.0046,40.879326,0.0047,41.768007,APAD
BKB-1960,25.34668987,89.31546622,FCBK,coal,Rangpur,Bangladesh,operating,"8,886.81",0.0097,86.202057,0.0068,60.430308,0.0046,40.879326,0.0047,41.768007,APAD
BKB-1961,25.73812812,88.35907102,FCBK,coal,Rangpur,Bangladesh,operating,"8,886.81",0.0097,86.202057,0.0068,60.430308,0.0046,40.879326,0.0047,41.768007,APAD
BKB-1962,25.40800987,89.20266084,FCBK,coal,Rangpur,Bangladesh,operating,"8,886.81",0.0097,86.202057,0.0068,60.430308,0.0046,40.879326,0.0047,41.768007,APAD
BKB-1963,26.14014578,89.71255282,FCBK,coal,Rangpur,Bangladesh,operating,"8,886.81",0.0097,86.202057,0.0068,60.430308,0.0046,40.879326,0.0047,41.768007,APAD
BKB-1964,25.34838204,89.12186664,FCBK,coal,Rangpur,Bangladesh,operating,"8,886.81",0.0097,86.202057,0.0068,60.430308,0.0046,40.879326,0.0047,41.768007,APAD
BKB-1965,25.447224,89.07564636,FCBK,coal,Rangpur,Bangladesh,operating,"8,886.81",0.0097,86.202057,0.0068,60.430308,0.0046,40.879326,0.0047,41.768007,APAD
BKB-1966,25.40277353,89.21418519,FCBK,coal,Rangpur,Bangladesh,operating,"8,886.81",0.0097,86.202057,0.0068,60.430308,0.0046,40.879326,0.0047,41.768007,APAD
BKB-1967,25.54247445,88.68325538,FCBK,coal,Rangpur,Bangladesh,operating,"8,886.81",0.0097,86.202057,0.0068,60.430308,0.0046,40.879326,0.0047,41.768007,APAD
BKB-1968,25.48308812,89.4810892,FCBK,coal,Rangpur,Bangladesh,operating,"8,886.81",0.0097,86.202057,0.0068,60.430308,0.0046,40.879326,0.0047,41.768007,APAD
BKB-1969,25.44754982,89.43596263,FCBK,coal,Rangpur,Bangladesh,operating,"8,886.81",0.0097,86.202057,0.0068,60.430308,0.0046,40.879326,0.0047,41.768007,APAD
BKB-1970,25.32149937,89.11203131,FCBK,coal,Rangpur,Bangladesh,operating,"8,886.81",0.0097,86.202057,0.0068,60.430308,0.0046,40.879326,0.0047,41.768007,APAD
BKB-1971,21.80615447,89.47059674,FCBK,coal,Khulna,Bangladesh,operating,"8,886.81",0.0097,86.202057,0.0068,60.430308,0.0046,40.879326,0.0047,41.768007,APAD
BKB-1972,26.10370614,88.27197313,FCBK,coal,Rangpur,Bangladesh,operating,"8,886.81",0.0097,86.202057,0.0068,60.430308,0.0046,40.879326,0.0047,41.768007,APAD
BKB-1973,22.32435371,90.69063238,FCBK,coal,Barisal,Bangladesh,operating,"8,886.81",0.0097,86.202057,0.0068,60.430308,0.0046,40.879326,0.0047,41.768007,APAD
BKB-1974,25.41531404,89.17063248,FCBK,coal,Rangpur,Bangladesh,operating,"8,886.81",0.0097,86.202057,0.0068,60.430308,0.0046,40.879326,0.0047,41.768007,APAD
BKB-1975,25.83345246,88.62186216,FCBK,coal,Rangpur,Bangladesh,operating,"8,886.81",0.0097,86.202057,0.0068,60.430308,0.0046,40.879326,0.0047,41.768007,APAD
BKB-1976,25.55038427,89.5434577,FCBK,coal,Rangpur,Bangladesh,operating,"8,886.81",0.0097,86.202057,0.0068,60.430308,0.0046,40.879326,0.0047,41.768007,APAD
BKB-1977,25.55604452,89.73016243,FCBK,coal,Rangpur,Bangladesh,operating,"8,886.81",0.0097,86.202057,0.0068,60.430308,0.0046,40.879326,0.0047,41.768007,APAD
BKB-1978,25.61453721,88.74477852,FCBK,coal,Rangpur,Bangladesh,operating,"8,886.81",0.0097,86.202057,0.0068,60.430308,0.0046,40.879326,0.0047,41.768007,APAD
BKB-1979,25.9663451,89.35048815,FCBK,coal,Rangpur,Bangladesh,operating,"8,886.81",0.0097,86.202057,0.0068,60.430308,0.0046,40.879326,0.0047,41.768007,APAD
BKB-1980,26.179003,88.99014453,FCBK,coal,Rangpur,Bangladesh,operating,"8,886.81",0.0097,86.202057,0.0068,60.430308,0.0046,40.879326,0.0047,41.768007,APAD
BKB-1981,26.17090483,88.30553507,FCBK,coal,Rangpur,Bangladesh,operating,"8,886.81",0.0097,86.202057,0.0068,60.430308,0.0046,40.879326,0.0047,41.768007,APAD
BKB-1982,25.61749202,89.64352047,FCBK,coal,Rangpur,Bangladesh,operating,"8,886.81",0.0097,86.202057,0.0068,60.430308,0.0046,40.879326,0.0047,41.768007,APAD
BKB-1983,22.39185233,90.58580057,FCBK,coal,Barisal,Bangladesh,operating,"8,886.81",0.0097,86.202057,0.0068,60.430308,0.0046,40.879326,0.0047,41.768007,APAD
BKB-1984,25.88022597,88.86379285,FCBK,coal,Rangpur,Bangladesh,operating,"8,886.81",0.0097,86.202057,0.0068,60.430308,0.0046,40.879326,0.0047,41.768007,APAD
BKB-1985,25.44172429,89.0669233,FCBK,coal,Rangpur,Bangladesh,operating,"8,886.81",0.0097,86.202057,0.0068,60.430308,0.0046,40.879326,0.0047,41.768007,APAD
BKB-1986,25.75843071,89.18510892,FCBK,coal,Rangpur,Bangladesh,operating,"8,886.81",0.0097,86.202057,0.0068,60.430308,0.0046,40.879326,0.0047,41.768007,APAD
BKB-1987,25.44464345,89.2686668,FCBK,coal,Rangpur,Bangladesh,operating,"8,886.81",0.0097,86.202057,0.0068,60.430308,0.0046,40.879326,0.0047,41.768007,APAD
BKB-1988,26.33515155,88.45676203,FCBK,coal,Rangpur,Bangladesh,operating,"8,886.81",0.0097,86.202057,0.0068,60.430308,0.0046,40.879326,0.0047,41.768007,APAD
BKB-1989,25.78639122,88.31560194,FCBK,coal,Rangpur,Bangladesh,operating,"8,886.81",0.0097,86.202057,0.0068,60.430308,0.0046,40.879326,0.0047,41.768007,APAD
BKB-1990,25.58843178,88.80955305,FCBK,coal,Rangpur,Bangladesh,operating,"8,886.81",0.0097,86.202057,0.0068,60.430308,0.0046,40.879326,0.0047,41.768007,APAD
BKB-1991,25.67875216,89.37033302,FCBK,coal,Rangpur,Bangladesh,operating,"8,886.81",0.0097,86.202057,0.0068,60.430308,0.0046,40.879326,0.0047,41.768007,APAD
BKB-1992,25.73953824,88.77131164,FCBK,coal,Rangpur,Bangladesh,operating,"8,886.81",0.0097,86.202057,0.0068,60.430308,0.0046,40.879326,0.0047,41.768007,APAD
BKB-1993,25.74558426,89.43687246,FCBK,coal,Rangpur,Bangladesh,operating,"8,886.81",0.0097,86.202057,0.0068,60.430308,0.0046,40.879326,0.0047,41.768007,APAD
BKB-1994,25.8081244,88.21699664,FCBK,coal,Rangpur,Bangladesh,operating,"8,886.81",0.0097,86.202057,0.0068,60.430308,0.0046,40.879326,0.0047,41.768007,APAD
BKB-1995,22.12026389,90.79019795,FCBK,coal,Barisal,Bangladesh,operating,"8,886.81",0.0097,86.202057,0.0068,60.430308,0.0046,40.879326,0.0047,41.768007,APAD
BKB-1996,25.61532188,89.47723578,FCBK,coal,Rangpur,Bangladesh,operating,"8,886.81",0.0097,86.202057,0.0068,60.430308,0.0046,40.879326,0.0047,41.768007,APAD
BKB-1997,25.58044042,89.07770128,FCBK,coal,Rangpur,Bangladesh,operating,"8,886.81",0.0097,86.202057,0.0068,60.430308,0.0046,40.879326,0.0047,41.768007,APAD
BKB-1998,25.65369381,89.4732483,FCBK,coal,Rangpur,Bangladesh,operating,"8,886.81",0.0097,86.202057,0.0068,60.430308,0.0046,40.879326,0.0047,41.768007,APAD
BKB-1999,25.7472749,89.74274316,FCBK,coal,Rangpur,Bangladesh,operating,"8,886.81",0.0097,86.202057,0.0068,60.430308,0.0046,40.879326,0.0047,41.768007,APAD
BKB-2000,25.95152169,89.02603987,FCBK,coal,Rangpur,Bangladesh,operating,"8,886.81",0.0097,86.202057,0.0068,60.430308,0.0046,40.879326,0.0047,41.768007,APAD
BKB-2001,25.77937334,88.91774114,FCBK,coal,Rangpur,Bangladesh,operating,"8,886.81",0.0097,86.202057,0.0068,60.430308,0.0046,40.879326,0.0047,41.768007,APAD
BKB-2002,25.5354196,89.04423015,FCBK,coal,Rangpur,Bangladesh,operating,"8,886.81",0.0097,86.202057,0.0068,60.430308,0.0046,40.879326,0.0047,41.768007,APAD
BKB-2003,25.7687975,89.30788423,FCBK,coal,Rangpur,Bangladesh,operating,"8,886.81",0.0097,86.202057,0.0068,60.430308,0.0046,40.879326,0.0047,41.768007,APAD
BKB-2004,26.12080655,89.09879341,FCBK,coal,Rangpur,Bangladesh,operating,"8,886.81",0.0097,86.202057,0.0068,60.430308,0.0046,40.879326,0.0047,41.768007,APAD
BKB-2005,25.47247638,89.16143909,FCBK,coal,Rangpur,Bangladesh,operating,"8,886.81",0.0097,86.202057,0.0068,60.430308,0.0046,40.879326,0.0047,41.768007,APAD
BKB-2006,25.94569052,88.39923257,FCBK,coal,Rangpur,Bangladesh,operating,"8,886.81",0.0097,86.202057,0.0068,60.430308,0.0046,40.879326,0.0047,41.768007,APAD
BKB-2007,25.77714692,89.70364064,FCBK,coal,Rangpur,Bangladesh,operating,"8,886.81",0.0097,86.202057,0.0068,60.430308,0.0046,40.879326,0.0047,41.768007,APAD
BKB-2008,25.50111272,88.90069861,FCBK,coal,Rangpur,Bangladesh,operating,"8,886.81",0.0097,86.202057,0.0068,60.430308,0.0046,40.879326,0.0047,41.768007,APAD
BKB-2009,25.98278721,89.01004737,FCBK,coal,Rangpur,Bangladesh,operating,"8,886.81",0.0097,86.202057,0.0068,60.430308,0.0046,40.879326,0.0047,41.768007,APAD
BKB-2010,25.91276359,89.29371298,FCBK,coal,Rangpur,Bangladesh,operating,"8,886.81",0.0097,86.202057,0.0068,60.430308,0.0046,40.879326,0.0047,41.768007,APAD
BKB-2011,25.5420225,89.125795,FCBK,coal,Rangpur,Bangladesh,operating,"8,886.81",0.0097,86.202057,0.0068,60.430308,0.0046,40.879326,0.0047,41.768007,APAD
BKB-2012,25.50661125,88.69320348,FCBK,coal,Rangpur,Bangladesh,operating,"8,886.81",0.0097,86.202057,0.0068,60.430308,0.0046,40.879326,0.0047,41.768007,APAD
BKB-2013,25.62302834,88.84658142,FCBK,coal,Rangpur,Bangladesh,operating,"8,886.81",0.0097,86.202057,0.0068,60.430308,0.0046,40.879326,0.0047,41.768007,APAD
BKB-2014,25.78393112,88.43246794,FCBK,coal,Rangpur,Bangladesh,operating,"8,886.81",0.0097,86.202057,0.0068,60.430308,0.0046,40.879326,0.0047,41.768007,APAD
BKB-2015,25.88797479,89.01244345,FCBK,coal,Rangpur,Bangladesh,operating,"8,886.81",0.0097,86.202057,0.0068,60.430308,0.0046,40.879326,0.0047,41.768007,APAD
BKB-2016,25.77454928,89.63382166,FCBK,coal,Rangpur,Bangladesh,operating,"8,886.81",0.0097,86.202057,0.0068,60.430308,0.0046,40.879326,0.0047,41.768007,APAD
BKB-2017,25.50243018,89.01730383,FCBK,coal,Rangpur,Bangladesh,operating,"8,886.81",0.0097,86.202057,0.0068,60.430308,0.0046,40.879326,0.0047,41.768007,APAD
BKB-2018,21.73120338,89.44879551,FCBK,coal,Khulna,Bangladesh,operating,"8,886.81",0.0097,86.202057,0.0068,60.430308,0.0046,40.879326,0.0047,41.768007,APAD
BKB-2019,25.6756576,88.70250376,FCBK,coal,Rangpur,Bangladesh,operating,"8,886.81",0.0097,86.202057,0.0068,60.430308,0.0046,40.879326,0.0047,41.768007,APAD
BKB-2020,25.90913898,88.25825673,FCBK,coal,Rangpur,Bangladesh,operating,"8,886.81",0.0097,86.202057,0.0068,60.430308,0.0046,40.879326,0.0047,41.768007,APAD
BKB-2021,25.55304042,88.79786562,FCBK,coal,Rangpur,Bangladesh,operating,"8,886.81",0.0097,86.202057,0.0068,60.430308,0.0046,40.879326,0.0047,41.768007,APAD
BKB-2022,25.48435803,88.67869033,FCBK,coal,Rangpur,Bangladesh,operating,"8,886.81",0.0097,86.202057,0.0068,60.430308,0.0046,40.879326,0.0047,41.768007,APAD
BKB-2023,22.01480857,90.29322991,FCBK,coal,Barisal,Bangladesh,operating,"8,886.81",0.0097,86.202057,0.0068,60.430308,0.0046,40.879326,0.0047,41.768007,APAD
BKB-2024,26.18352689,88.95907446,FCBK,coal,Rangpur,Bangladesh,operating,"8,886.81",0.0097,86.202057,0.0068,60.430308,0.0046,40.879326,0.0047,41.768007,APAD
BKB-2025,25.72964098,88.56173571,FCBK,coal,Rangpur,Bangladesh,operating,"8,886.81",0.0097,86.202057,0.0068,60.430308,0.0046,40.879326,0.0047,41.768007,APAD
BKB-2026,26.07385734,88.4558123,FCBK,coal,Rangpur,Bangladesh,operating,"8,886.81",0.0097,86.202057,0.0068,60.430308,0.0046,40.879326,0.0047,41.768007,APAD
BKB-2027,22.1014227,90.68105134,FCBK,coal,Barisal,Bangladesh,operating,"8,886.81",0.0097,86.202057,0.0068,60.430308,0.0046,40.879326,0.0047,41.768007,APAD
BKB-2028,22.10130532,90.68148672,FCBK,coal,Barisal,Bangladesh,operating,"8,886.81",0.0097,86.202057,0.0068,60.430308,0.0046,40.879326,0.0047,41.768007,APAD
BKB-2029,22.10138045,90.68132547,FCBK,coal,Barisal,Bangladesh,operating,"8,886.81",0.0097,86.202057,0.0068,60.430308,0.0046,40.879326,0.0047,41.768007,APAD
BKB-2030,25.82182429,89.73680569,FCBK,coal,Rangpur,Bangladesh,operating,"8,886.81",0.0097,86.202057,0.0068,60.430308,0.0046,40.879326,0.0047,41.768007,APAD
BKB-2031,25.95664451,89.41324044,FCBK,coal,Rangpur,Bangladesh,operating,"8,886.81",0.0097,86.202057,0.0068,60.430308,0.0046,40.879326,0.0047,41.768007,APAD
BKB-2032,25.57134602,88.73528638,FCBK,coal,Rangpur,Bangladesh,operating,"8,886.81",0.0097,86.202057,0.0068,60.430308,0.0046,40.879326,0.0047,41.768007,APAD
BKB-2033,21.9792782,90.13505254,FCBK,coal,Barisal,Bangladesh,operating,"8,886.81",0.0097,86.202057,0.0068,60.430308,0.0046,40.879326,0.0047,41.768007,APAD
BKB-2034,25.71585474,89.26045692,FCBK,coal,Rangpur,Bangladesh,operating,"8,886.81",0.0097,86.202057,0.0068,60.430308,0.0046,40.879326,0.0047,41.768007,APAD
BKB-2035,25.96217039,88.28916424,FCBK,coal,Rangpur,Bangladesh,operating,"8,886.81",0.0097,86.202057,0.0068,60.430308,0.0046,40.879326,0.0047,41.768007,APAD
BKB-2036,25.74640963,89.08116254,FCBK,coal,Rangpur,Bangladesh,operating,"8,886.81",0.0097,86.202057,0.0068,60.430308,0.0046,40.879326,0.0047,41.768007,APAD
BKB-2037,25.99594073,88.53105303,FCBK,coal,Rangpur,Bangladesh,operating,"8,886.81",0.0097,86.202057,0.0068,60.430308,0.0046,40.879326,0.0047,41.768007,APAD
BKB-2038,25.94571524,88.32351627,FCBK,coal,Rangpur,Bangladesh,operating,"8,886.81",0.0097,86.202057,0.0068,60.430308,0.0046,40.879326,0.0047,41.768007,APAD
BKB-2039,25.66041572,88.65981358,FCBK,coal,Rangpur,Bangladesh,operating,"8,886.81",0.0097,86.202057,0.0068,60.430308,0.0046,40.879326,0.0047,41.768007,APAD
BKB-2040,25.56579462,88.63489302,FCBK,coal,Rangpur,Bangladesh,operating,"8,886.81",0.0097,86.202057,0.0068,60.430308,0.0046,40.879326,0.0047,41.768007,APAD
BKB-2041,26.12280681,89.7242508,FCBK,coal,Rangpur,Bangladesh,operating,"8,886.81",0.0097,86.202057,0.0068,60.430308,0.0046,40.879326,0.0047,41.768007,APAD
BKB-2042,25.69244748,89.07623987,FCBK,coal,Rangpur,Bangladesh,operating,"8,886.81",0.0097,86.202057,0.0068,60.430308,0.0046,40.879326,0.0047,41.768007,APAD
BKB-2043,25.94939427,89.41676738,FCBK,coal,Rangpur,Bangladesh,operating,"8,886.81",0.0097,86.202057,0.0068,60.430308,0.0046,40.879326,0.0047,41.768007,APAD
BKB-2044,26.04509542,88.69724158,FCBK,coal,Rangpur,Bangladesh,operating,"8,886.81",0.0097,86.202057,0.0068,60.430308,0.0046,40.879326,0.0047,41.768007,APAD
BKB-2045,22.20189352,90.64463092,FCBK,coal,Barisal,Bangladesh,operating,"8,886.81",0.0097,86.202057,0.0068,60.430308,0.0046,40.879326,0.0047,41.768007,APAD
BKB-2046,25.65151216,89.0299389,FCBK,coal,Rangpur,Bangladesh,operating,"8,886.81",0.0097,86.202057,0.0068,60.430308,0.0046,40.879326,0.0047,41.768007,APAD
BKB-2047,25.6589901,88.75811993,FCBK,coal,Rangpur,Bangladesh,operating,"8,886.81",0.0097,86.202057,0.0068,60.430308,0.0046,40.879326,0.0047,41.768007,APAD
BKB-2048,26.02465769,88.80151346,FCBK,coal,Rangpur,Bangladesh,operating,"8,886.81",0.0097,86.202057,0.0068,60.430308,0.0046,40.879326,0.0047,41.768007,APAD
BKB-2049,22.34553525,90.36128788,FCBK,coal,Barisal,Bangladesh,operating,"8,886.81",0.0097,86.202057,0.0068,60.430308,0.0046,40.879326,0.0047,41.768007,APAD
BKB-2050,22.38448366,90.37211516,FCBK,coal,Barisal,Bangladesh,operating,"8,886.81",0.0097,86.202057,0.0068,60.430308,0.0046,40.879326,0.0047,41.768007,APAD
BKB-2051,22.38396717,90.37069078,FCBK,coal,Barisal,Bangladesh,operating,"8,886.81",0.0097,86.202057,0.0068,60.430308,0.0046,40.879326,0.0047,41.768007,APAD
BKB-2052,25.83597854,89.18178447,FCBK,coal,Rangpur,Bangladesh,operating,"8,886.81",0.0097,86.202057,0.0068,60.430308,0.0046,40.879326,0.0047,41.768007,APAD
BKB-2053,26.16335951,89.01081971,FCBK,coal,Rangpur,Bangladesh,operating,"8,886.81",0.0097,86.202057,0.0068,60.430308,0.0046,40.879326,0.0047,41.768007,APAD
BKB-2054,25.7252375,88.77390501,FCBK,coal,Rangpur,Bangladesh,operating,"8,886.81",0.0097,86.202057,0.0068,60.430308,0.0046,40.879326,0.0047,41.768007,APAD
BKB-2055,25.72480083,88.77381364,FCBK,coal,Rangpur,Bangladesh,operating,"8,886.81",0.0097,86.202057,0.0068,60.430308,0.0046,40.879326,0.0047,41.768007,APAD
BKB-2056,22.15952049,90.11935573,FCBK,coal,Barisal,Bangladesh,operating,"8,886.81",0.0097,86.202057,0.0068,60.430308,0.0046,40.879326,0.0047,41.768007,APAD
BKB-2057,25.77622432,89.02847218,FCBK,coal,Rangpur,Bangladesh,operating,"8,886.81",0.0097,86.202057,0.0068,60.430308,0.0046,40.879326,0.0047,41.768007,APAD
BKB-2058,26.10575505,88.40239996,FCBK,coal,Rangpur,Bangladesh,operating,"8,886.81",0.0097,86.202057,0.0068,60.430308,0.0046,40.879326,0.0047,41.768007,APAD
BKB-2059,25.86536682,88.46435125,FCBK,coal,Rangpur,Bangladesh,operating,"8,886.81",0.0097,86.202057,0.0068,60.430308,0.0046,40.879326,0.0047,41.768007,APAD
BKB-2060,25.73040184,88.50083153,FCBK,coal,Rangpur,Bangladesh,operating,"8,886.81",0.0097,86.202057,0.0068,60.430308,0.0046,40.879326,0.0047,41.768007,APAD
BKB-2061,26.07893434,88.79831211,FCBK,coal,Rangpur,Bangladesh,operating,"8,886.81",0.0097,86.202057,0.0068,60.430308,0.0046,40.879326,0.0047,41.768007,APAD
BKB-2062,26.02907138,88.27024413,FCBK,coal,Rangpur,Bangladesh,operating,"8,886.81",0.0097,86.202057,0.0068,60.430308,0.0046,40.879326,0.0047,41.768007,APAD
BKB-2063,26.0292498,88.27027101,FCBK,coal,Rangpur,Bangladesh,operating,"8,886.81",0.0097,86.202057,0.0068,60.430308,0.0046,40.879326,0.0047,41.768007,APAD
BKB-2064,25.92513163,88.27010007,FCBK,coal,Rangpur,Bangladesh,operating,"8,886.81",0.0097,86.202057,0.0068,60.430308,0.0046,40.879326,0.0047,41.768007,APAD
BKB-2065,25.91868417,89.40516807,FCBK,coal,Rangpur,Bangladesh,operating,"8,886.81",0.0097,86.202057,0.0068,60.430308,0.0046,40.879326,0.0047,41.768007,APAD
BKB-2066,25.92540892,88.60987504,FCBK,coal,Rangpur,Bangladesh,operating,"8,886.81",0.0097,86.202057,0.0068,60.430308,0.0046,40.879326,0.0047,41.768007,APAD
BKB-2067,22.41650477,90.4546959,FCBK,coal,Barisal,Bangladesh,operating,"8,886.81",0.0097,86.202057,0.0068,60.430308,0.0046,40.879326,0.0047,41.768007,APAD
BKB-2068,25.85127384,88.19906237,FCBK,coal,Rangpur,Bangladesh,operating,"8,886.81",0.0097,86.202057,0.0068,60.430308,0.0046,40.879326,0.0047,41.768007,APAD
BKB-2069,22.14353608,90.37480971,FCBK,coal,Barisal,Bangladesh,operating,"8,886.81",0.0097,86.202057,0.0068,60.430308,0.0046,40.879326,0.0047,41.768007,APAD
BKB-2070,25.85630378,88.25895678,FCBK,coal,Rangpur,Bangladesh,operating,"8,886.81",0.0097,86.202057,0.0068,60.430308,0.0046,40.879326,0.0047,41.768007,APAD
BKB-2071,25.98922865,88.72125226,FCBK,coal,Rangpur,Bangladesh,operating,"8,886.81",0.0097,86.202057,0.0068,60.430308,0.0046,40.879326,0.0047,41.768007,APAD
BKB-2072,25.97051397,88.84424182,FCBK,coal,Rangpur,Bangladesh,operating,"8,886.81",0.0097,86.202057,0.0068,60.430308,0.0046,40.879326,0.0047,41.768007,APAD
BKB-2073,25.97189773,88.27457281,FCBK,coal,Rangpur,Bangladesh,operating,"8,886.81",0.0097,86.202057,0.0068,60.430308,0.0046,40.879326,0.0047,41.768007,APAD
BKB-2074,26.13402237,89.72146177,FCBK,coal,Rangpur,Bangladesh,operating,"8,886.81",0.0097,86.202057,0.0068,60.430308,0.0046,40.879326,0.0047,41.768007,APAD
BKB-2075,25.68238479,88.61590657,FCBK,coal,Rangpur,Bangladesh,operating,"8,886.81",0.0097,86.202057,0.0068,60.430308,0.0046,40.879326,0.0047,41.768007,APAD
BKB-2076,25.96417172,88.25438526,FCBK,coal,Rangpur,Bangladesh,operating,"8,886.81",0.0097,86.202057,0.0068,60.430308,0.0046,40.879326,0.0047,41.768007,APAD
BKB-2077,25.9117465,89.56114053,FCBK,coal,Rangpur,Bangladesh,operating,"8,886.81",0.0097,86.202057,0.0068,60.430308,0.0046,40.879326,0.0047,41.768007,APAD
BKB-2078,26.12947212,88.93940439,FCBK,coal,Rangpur,Bangladesh,operating,"8,886.81",0.0097,86.202057,0.0068,60.430308,0.0046,40.879326,0.0047,41.768007,APAD
BKB-2079,25.97159457,89.50712519,FCBK,coal,Rangpur,Bangladesh,operating,"8,886.81",0.0097,86.202057,0.0068,60.430308,0.0046,40.879326,0.0047,41.768007,APAD
BKB-2080,25.9340036,88.26912665,FCBK,coal,Rangpur,Bangladesh,operating,"8,886.81",0.0097,86.202057,0.0068,60.430308,0.0046,40.879326,0.0047,41.768007,APAD
BKB-2081,22.29318221,90.39175381,FCBK,coal,Barisal,Bangladesh,operating,"8,886.81",0.0097,86.202057,0.0068,60.430308,0.0046,40.879326,0.0047,41.768007,APAD
BKB-2082,25.90210259,88.64987346,FCBK,coal,Rangpur,Bangladesh,operating,"8,886.81",0.0097,86.202057,0.0068,60.430308,0.0046,40.879326,0.0047,41.768007,APAD
BKB-2083,22.04336434,89.97381662,FCBK,coal,Barisal,Bangladesh,operating,"8,886.81",0.0097,86.202057,0.0068,60.430308,0.0046,40.879326,0.0047,41.768007,APAD
BKB-2084,22.04336903,89.9738865,FCBK,coal,Barisal,Bangladesh,operating,"8,886.81",0.0097,86.202057,0.0068,60.430308,0.0046,40.879326,0.0047,41.768007,APAD
BKB-2085,26.13415739,88.64761846,FCBK,coal,Rangpur,Bangladesh,operating,"8,886.81",0.0097,86.202057,0.0068,60.430308,0.0046,40.879326,0.0047,41.768007,APAD
BKB-2086,25.98191406,88.44379392,FCBK,coal,Rangpur,Bangladesh,operating,"8,886.81",0.0097,86.202057,0.0068,60.430308,0.0046,40.879326,0.0047,41.768007,APAD
BKB-2087,25.90583748,88.26694951,FCBK,coal,Rangpur,Bangladesh,operating,"8,886.81",0.0097,86.202057,0.0068,60.430308,0.0046,40.879326,0.0047,41.768007,APAD
BKB-2088,26.09576837,88.28432478,FCBK,coal,Rangpur,Bangladesh,operating,"8,886.81",0.0097,86.202057,0.0068,60.430308,0.0046,40.879326,0.0047,41.768007,APAD
BKB-2089,21.85410044,90.11701679,FCBK,coal,Barisal,Bangladesh,operating,"8,886.81",0.0097,86.202057,0.0068,60.430308,0.0046,40.879326,0.0047,41.768007,APAD
BKB-2090,25.99531579,88.48094781,FCBK,coal,Rangpur,Bangladesh,operating,"8,886.81",0.0097,86.202057,0.0068,60.430308,0.0046,40.879326,0.0047,41.768007,APAD
BKB-2091,25.99654127,88.48046405,FCBK,coal,Rangpur,Bangladesh,operating,"8,886.81",0.0097,86.202057,0.0068,60.430308,0.0046,40.879326,0.0047,41.768007,APAD
BKB-2092,22.16706201,90.12565912,FCBK,coal,Barisal,Bangladesh,operating,"8,886.81",0.0097,86.202057,0.0068,60.430308,0.0046,40.879326,0.0047,41.768007,APAD
BKB-2093,25.95739117,88.36653374,FCBK,coal,Rangpur,Bangladesh,operating,"8,886.81",0.0097,86.202057,0.0068,60.430308,0.0046,40.879326,0.0047,41.768007,APAD
BKB-2094,26.17175677,88.36986773,FCBK,coal,Rangpur,Bangladesh,operating,"8,886.81",0.0097,86.202057,0.0068,60.430308,0.0046,40.879326,0.0047,41.768007,APAD
BKB-2095,25.95153093,88.99912489,FCBK,coal,Rangpur,Bangladesh,operating,"8,886.81",0.0097,86.202057,0.0068,60.430308,0.0046,40.879326,0.0047,41.768007,APAD
BKB-2096,26.04897714,88.2971253,FCBK,coal,Rangpur,Bangladesh,operating,"8,886.81",0.0097,86.202057,0.0068,60.430308,0.0046,40.879326,0.0047,41.768007,APAD
BKB-2097,25.87789125,88.2558042,FCBK,coal,Rangpur,Bangladesh,operating,"8,886.81",0.0097,86.202057,0.0068,60.430308,0.0046,40.879326,0.0047,41.768007,APAD
BKB-2098,25.96531502,88.40780468,FCBK,coal,Rangpur,Bangladesh,operating,"8,886.81",0.0097,86.202057,0.0068,60.430308,0.0046,40.879326,0.0047,41.768007,APAD
BKB-2099,25.96537137,88.40786918,FCBK,coal,Rangpur,Bangladesh,operating,"8,886.81",0.0097,86.202057,0.0068,60.430308,0.0046,40.879326,0.0047,41.768007,APAD
BKB-2100,26.06964909,89.64720604,FCBK,coal,Rangpur,Bangladesh,operating,"8,886.81",0.0097,86.202057,0.0068,60.430308,0.0046,40.879326,0.0047,41.768007,APAD
BKB-2101,25.89050751,88.15103455,FCBK,coal,Rangpur,Bangladesh,operating,"8,886.81",0.0097,86.202057,0.0068,60.430308,0.0046,40.879326,0.0047,41.768007,APAD
BKB-2102,22.10623779,90.62315501,FCBK,coal,Barisal,Bangladesh,operating,"8,886.81",0.0097,86.202057,0.0068,60.430308,0.0046,40.879326,0.0047,41.768007,APAD
BKB-2103,26.09041903,88.42468684,FCBK,coal,Rangpur,Bangladesh,operating,"8,886.81",0.0097,86.202057,0.0068,60.430308,0.0046,40.879326,0.0047,41.768007,APAD
BKB-2104,25.89518048,88.72679018,FCBK,coal,Rangpur,Bangladesh,operating,"8,886.81",0.0097,86.202057,0.0068,60.430308,0.0046,40.879326,0.0047,41.768007,APAD
BKB-2105,25.85274731,88.65569783,FCBK,coal,Rangpur,Bangladesh,operating,"8,886.81",0.0097,86.202057,0.0068,60.430308,0.0046,40.879326,0.0047,41.768007,APAD
BKB-2106,22.0999102,90.20652133,FCBK,coal,Barisal,Bangladesh,operating,"8,886.81",0.0097,86.202057,0.0068,60.430308,0.0046,40.879326,0.0047,41.768007,APAD
BKB-2107,26.0238356,88.47436396,FCBK,coal,Rangpur,Bangladesh,operating,"8,886.81",0.0097,86.202057,0.0068,60.430308,0.0046,40.879326,0.0047,41.768007,APAD
BKB-2108,25.91139288,88.32166947,FCBK,coal,Rangpur,Bangladesh,operating,"8,886.81",0.0097,86.202057,0.0068,60.430308,0.0046,40.879326,0.0047,41.768007,APAD
BKB-2109,22.48999918,90.77947108,FCBK,coal,Barisal,Bangladesh,operating,"8,886.81",0.0097,86.202057,0.0068,60.430308,0.0046,40.879326,0.0047,41.768007,APAD
BKB-2110,25.88730356,88.24560693,FCBK,coal,Rangpur,Bangladesh,operating,"8,886.81",0.0097,86.202057,0.0068,60.430308,0.0046,40.879326,0.0047,41.768007,APAD
BKB-2111,26.14293315,89.06508166,FCBK,coal,Rangpur,Bangladesh,operating,"8,886.81",0.0097,86.202057,0.0068,60.430308,0.0046,40.879326,0.0047,41.768007,APAD
BKB-2112,26.33229887,88.55158753,FCBK,coal,Rangpur,Bangladesh,operating,"8,886.81",0.0097,86.202057,0.0068,60.430308,0.0046,40.879326,0.0047,41.768007,APAD
BKB-2113,25.97921187,88.96788209,FCBK,coal,Rangpur,Bangladesh,operating,"8,886.81",0.0097,86.202057,0.0068,60.430308,0.0046,40.879326,0.0047,41.768007,APAD
BKB-2114,25.8882848,88.64759684,FCBK,coal,Rangpur,Bangladesh,operating,"8,886.81",0.0097,86.202057,0.0068,60.430308,0.0046,40.879326,0.0047,41.768007,APAD
BKB-2115,25.87494942,88.3666145,FCBK,coal,Rangpur,Bangladesh,operating,"8,886.81",0.0097,86.202057,0.0068,60.430308,0.0046,40.879326,0.0047,41.768007,APAD
BKB-2116,25.87308538,88.36813562,FCBK,coal,Rangpur,Bangladesh,operating,"8,886.81",0.0097,86.202057,0.0068,60.430308,0.0046,40.879326,0.0047,41.768007,APAD
BKB-2117,25.93870275,88.25631298,FCBK,coal,Rangpur,Bangladesh,operating,"8,886.81",0.0097,86.202057,0.0068,60.430308,0.0046,40.879326,0.0047,41.768007,APAD
BKB-2118,25.8318143,88.23912025,FCBK,coal,Rangpur,Bangladesh,operating,"8,886.81",0.0097,86.202057,0.0068,60.430308,0.0046,40.879326,0.0047,41.768007,APAD
BKB-2119,25.92414055,88.15042313,FCBK,coal,Rangpur,Bangladesh,operating,"8,886.81",0.0097,86.202057,0.0068,60.430308,0.0046,40.879326,0.0047,41.768007,APAD
BKB-2120,26.16032492,88.53182135,FCBK,coal,Rangpur,Bangladesh,operating,"8,886.81",0.0097,86.202057,0.0068,60.430308,0.0046,40.879326,0.0047,41.768007,APAD
BKB-2121,26.0378024,88.30164204,FCBK,coal,Rangpur,Bangladesh,operating,"8,886.81",0.0097,86.202057,0.0068,60.430308,0.0046,40.879326,0.0047,41.768007,APAD
BKB-2122,22.39728293,90.77446469,FCBK,coal,Barisal,Bangladesh,operating,"8,886.81",0.0097,86.202057,0.0068,60.430308,0.0046,40.879326,0.0047,41.768007,APAD
BKB-2123,25.8917436,88.31671739,FCBK,coal,Rangpur,Bangladesh,operating,"8,886.81",0.0097,86.202057,0.0068,60.430308,0.0046,40.879326,0.0047,41.768007,APAD
BKB-2124,26.17092872,88.30521926,FCBK,coal,Rangpur,Bangladesh,operating,"8,886.81",0.0097,86.202057,0.0068,60.430308,0.0046,40.879326,0.0047,41.768007,APAD
BKB-2125,25.90661045,88.25975727,FCBK,coal,Rangpur,Bangladesh,operating,"8,886.81",0.0097,86.202057,0.0068,60.430308,0.0046,40.879326,0.0047,41.768007,APAD
BKB-2126,22.13499916,90.64409837,FCBK,coal,Barisal,Bangladesh,operating,"8,886.81",0.0097,86.202057,0.0068,60.430308,0.0046,40.879326,0.0047,41.768007,APAD
BKB-2127,22.13499446,90.64353937,FCBK,coal,Barisal,Bangladesh,operating,"8,886.81",0.0097,86.202057,0.0068,60.430308,0.0046,40.879326,0.0047,41.768007,APAD
BKB-2128,22.13361404,90.641814,FCBK,coal,Barisal,Bangladesh,operating,"8,886.81",0.0097,86.202057,0.0068,60.430308,0.0046,40.879326,0.0047,41.768007,APAD
BKB-2129,26.05747048,88.47216505,FCBK,coal,Rangpur,Bangladesh,operating,"8,886.81",0.0097,86.202057,0.0068,60.430308,0.0046,40.879326,0.0047,41.768007,APAD
BKB-2130,26.07791249,88.51116663,FCBK,coal,Rangpur,Bangladesh,operating,"8,886.81",0.0097,86.202057,0.0068,60.430308,0.0046,40.879326,0.0047,41.768007,APAD
BKB-2131,22.12194771,90.79520209,FCBK,coal,Barisal,Bangladesh,operating,"8,886.81",0.0097,86.202057,0.0068,60.430308,0.0046,40.879326,0.0047,41.768007,APAD
BKB-2132,25.98122757,88.63914503,FCBK,coal,Rangpur,Bangladesh,operating,"8,886.81",0.0097,86.202057,0.0068,60.430308,0.0046,40.879326,0.0047,41.768007,APAD
BKB-2133,22.21278773,90.65133207,FCBK,coal,Barisal,Bangladesh,operating,"8,886.81",0.0097,86.202057,0.0068,60.430308,0.0046,40.879326,0.0047,41.768007,APAD
BKB-2134,22.2128253,90.65126758,FCBK,coal,Barisal,Bangladesh,operating,"8,886.81",0.0097,86.202057,0.0068,60.430308,0.0046,40.879326,0.0047,41.768007,APAD
BKB-2135,26.05414842,88.44151826,FCBK,coal,Rangpur,Bangladesh,operating,"8,886.81",0.0097,86.202057,0.0068,60.430308,0.0046,40.879326,0.0047,41.768007,APAD
BKB-2136,26.01162184,88.47539282,FCBK,coal,Rangpur,Bangladesh,operating,"8,886.81",0.0097,86.202057,0.0068,60.430308,0.0046,40.879326,0.0047,41.768007,APAD
BKB-2137,26.04293573,89.03882554,FCBK,coal,Rangpur,Bangladesh,operating,"8,886.81",0.0097,86.202057,0.0068,60.430308,0.0046,40.879326,0.0047,41.768007,APAD
BKB-2138,26.05177817,88.5026747,FCBK,coal,Rangpur,Bangladesh,operating,"8,886.81",0.0097,86.202057,0.0068,60.430308,0.0046,40.879326,0.0047,41.768007,APAD
BKB-2139,25.97447966,88.31219292,FCBK,coal,Rangpur,Bangladesh,operating,"8,886.81",0.0097,86.202057,0.0068,60.430308,0.0046,40.879326,0.0047,41.768007,APAD
BKB-2140,25.98912192,88.6644929,FCBK,coal,Rangpur,Bangladesh,operating,"8,886.81",0.0097,86.202057,0.0068,60.430308,0.0046,40.879326,0.0047,41.768007,APAD
BKB-2141,25.97682731,88.25361616,FCBK,coal,Rangpur,Bangladesh,operating,"8,886.81",0.0097,86.202057,0.0068,60.430308,0.0046,40.879326,0.0047,41.768007,APAD
BKB-2142,26.06195204,88.36434419,FCBK,coal,Rangpur,Bangladesh,operating,"8,886.81",0.0097,86.202057,0.0068,60.430308,0.0046,40.879326,0.0047,41.768007,APAD
BKB-2143,26.06336335,88.30582689,FCBK,coal,Rangpur,Bangladesh,operating,"8,886.81",0.0097,86.202057,0.0068,60.430308,0.0046,40.879326,0.0047,41.768007,APAD
BKB-2144,26.11913719,89.00624103,FCBK,coal,Rangpur,Bangladesh,operating,"8,886.81",0.0097,86.202057,0.0068,60.430308,0.0046,40.879326,0.0047,41.768007,APAD
BKB-2145,25.96190686,88.28425847,FCBK,coal,Rangpur,Bangladesh,operating,"8,886.81",0.0097,86.202057,0.0068,60.430308,0.0046,40.879326,0.0047,41.768007,APAD
BKB-2146,25.96431556,88.28729535,FCBK,coal,Rangpur,Bangladesh,operating,"8,886.81",0.0097,86.202057,0.0068,60.430308,0.0046,40.879326,0.0047,41.768007,APAD
BKB-2147,21.86048878,90.37010562,FCBK,coal,Barisal,Bangladesh,operating,"8,886.81",0.0097,86.202057,0.0068,60.430308,0.0046,40.879326,0.0047,41.768007,APAD
BKB-2148,26.05749599,88.47242318,FCBK,coal,Rangpur,Bangladesh,operating,"8,886.81",0.0097,86.202057,0.0068,60.430308,0.0046,40.879326,0.0047,41.768007,APAD
BKB-2149,26.05715324,88.47350893,FCBK,coal,Rangpur,Bangladesh,operating,"8,886.81",0.0097,86.202057,0.0068,60.430308,0.0046,40.879326,0.0047,41.768007,APAD
BKB-2150,22.24897107,90.20711377,FCBK,coal,Barisal,Bangladesh,operating,"8,886.81",0.0097,86.202057,0.0068,60.430308,0.0046,40.879326,0.0047,41.768007,APAD
BKB-2151,22.19427587,90.74736789,FCBK,coal,Barisal,Bangladesh,operating,"8,886.81",0.0097,86.202057,0.0068,60.430308,0.0046,40.879326,0.0047,41.768007,APAD
BKB-2152,26.05849576,88.46330298,FCBK,coal,Rangpur,Bangladesh,operating,"8,886.81",0.0097,86.202057,0.0068,60.430308,0.0046,40.879326,0.0047,41.768007,APAD
BKB-2153,26.21979932,88.55493116,FCBK,coal,Rangpur,Bangladesh,operating,"8,886.81",0.0097,86.202057,0.0068,60.430308,0.0046,40.879326,0.0047,41.768007,APAD
BKB-2154,22.37380535,90.36409732,FCBK,coal,Barisal,Bangladesh,operating,"8,886.81",0.0097,86.202057,0.0068,60.430308,0.0046,40.879326,0.0047,41.768007,APAD
BKB-2155,26.06733282,88.30983455,FCBK,coal,Rangpur,Bangladesh,operating,"8,886.81",0.0097,86.202057,0.0068,60.430308,0.0046,40.879326,0.0047,41.768007,APAD
BKB-2156,22.35284925,90.44760292,FCBK,coal,Barisal,Bangladesh,operating,"8,886.81",0.0097,86.202057,0.0068,60.430308,0.0046,40.879326,0.0047,41.768007,APAD
BKB-2157,22.35627473,90.39944841,FCBK,coal,Barisal,Bangladesh,operating,"8,886.81",0.0097,86.202057,0.0068,60.430308,0.0046,40.879326,0.0047,41.768007,APAD
BKB-2158,22.35586624,90.39940542,FCBK,coal,Barisal,Bangladesh,operating,"8,886.81",0.0097,86.202057,0.0068,60.430308,0.0046,40.879326,0.0047,41.768007,APAD
BKB-2159,26.36988607,88.53939588,FCBK,coal,Rangpur,Bangladesh,operating,"8,886.81",0.0097,86.202057,0.0068,60.430308,0.0046,40.879326,0.0047,41.768007,APAD
BKB-2160,22.13936245,90.25328266,FCBK,coal,Barisal,Bangladesh,operating,"8,886.81",0.0097,86.202057,0.0068,60.430308,0.0046,40.879326,0.0047,41.768007,APAD
BKB-2161,22.19901448,90.81885845,FCBK,coal,Barisal,Bangladesh,operating,"8,886.81",0.0097,86.202057,0.0068,60.430308,0.0046,40.879326,0.0047,41.768007,APAD
BKB-2162,26.1266946,88.34967289,FCBK,coal,Rangpur,Bangladesh,operating,"8,886.81",0.0097,86.202057,0.0068,60.430308,0.0046,40.879326,0.0047,41.768007,APAD
BKB-2163,26.13104625,88.28065462,FCBK,coal,Rangpur,Bangladesh,operating,"8,886.81",0.0097,86.202057,0.0068,60.430308,0.0046,40.879326,0.0047,41.768007,APAD
BKB-2164,22.37286486,90.70529052,FCBK,coal,Barisal,Bangladesh,operating,"8,886.81",0.0097,86.202057,0.0068,60.430308,0.0046,40.879326,0.0047,41.768007,APAD
BKB-2165,26.04549281,88.23113096,FCBK,coal,Rangpur,Bangladesh,operating,"8,886.81",0.0097,86.202057,0.0068,60.430308,0.0046,40.879326,0.0047,41.768007,APAD
BKB-2166,22.37646929,90.29004785,FCBK,coal,Barisal,Bangladesh,operating,"8,886.81",0.0097,86.202057,0.0068,60.430308,0.0046,40.879326,0.0047,41.768007,APAD
BKB-2167,26.06506108,88.27499401,FCBK,coal,Rangpur,Bangladesh,operating,"8,886.81",0.0097,86.202057,0.0068,60.430308,0.0046,40.879326,0.0047,41.768007,APAD
BKB-2168,26.12697426,88.44844801,FCBK,coal,Rangpur,Bangladesh,operating,"8,886.81",0.0097,86.202057,0.0068,60.430308,0.0046,40.879326,0.0047,41.768007,APAD
BKB-2169,22.37704811,90.36560121,FCBK,coal,Barisal,Bangladesh,operating,"8,886.81",0.0097,86.202057,0.0068,60.430308,0.0046,40.879326,0.0047,41.768007,APAD
BKB-2170,22.37567708,90.36503147,FCBK,coal,Barisal,Bangladesh,operating,"8,886.81",0.0097,86.202057,0.0068,60.430308,0.0046,40.879326,0.0047,41.768007,APAD
BKB-2171,22.37671474,90.36623009,FCBK,coal,Barisal,Bangladesh,operating,"8,886.81",0.0097,86.202057,0.0068,60.430308,0.0046,40.879326,0.0047,41.768007,APAD
BKB-2172,26.07534006,88.31142406,FCBK,coal,Rangpur,Bangladesh,operating,"8,886.81",0.0097,86.202057,0.0068,60.430308,0.0046,40.879326,0.0047,41.768007,APAD
BKB-2173,26.07956115,88.31383743,FCBK,coal,Rangpur,Bangladesh,operating,"8,886.81",0.0097,86.202057,0.0068,60.430308,0.0046,40.879326,0.0047,41.768007,APAD
BKB-2174,22.396218,90.75890942,FCBK,coal,Barisal,Bangladesh,operating,"8,886.81",0.0097,86.202057,0.0068,60.430308,0.0046,40.879326,0.0047,41.768007,APAD
BKB-2175,22.17288649,90.16634204,FCBK,coal,Barisal,Bangladesh,operating,"8,886.81",0.0097,86.202057,0.0068,60.430308,0.0046,40.879326,0.0047,41.768007,APAD
BKB-2176,22.18752304,90.81090425,FCBK,coal,Barisal,Bangladesh,operating,"8,886.81",0.0097,86.202057,0.0068,60.430308,0.0046,40.879326,0.0047,41.768007,APAD
BKB-2177,22.27337063,90.11345015,FCBK,coal,Barisal,Bangladesh,operating,"8,886.81",0.0097,86.202057,0.0068,60.430308,0.0046,40.879326,0.0047,41.768007,APAD
BKB-2178,26.40130208,88.60746067,FCBK,coal,Rangpur,Bangladesh,operating,"8,886.81",0.0097,86.202057,0.0068,60.430308,0.0046,40.879326,0.0047,41.768007,APAD
BKB-2179,22.06592761,90.2086315,FCBK,coal,Barisal,Bangladesh,operating,"8,886.81",0.0097,86.202057,0.0068,60.430308,0.0046,40.879326,0.0047,41.768007,APAD
BKB-2180,22.21181861,90.79853198,FCBK,coal,Barisal,Bangladesh,operating,"8,886.81",0.0097,86.202057,0.0068,60.430308,0.0046,40.879326,0.0047,41.768007,APAD
BKB-2181,22.26536059,90.83804724,FCBK,coal,Barisal,Bangladesh,operating,"8,886.81",0.0097,86.202057,0.0068,60.430308,0.0046,40.879326,0.0047,41.768007,APAD
BKB-2182,22.07802136,90.22478175,FCBK,coal,Barisal,Bangladesh,operating,"8,886.81",0.0097,86.202057,0.0068,60.430308,0.0046,40.879326,0.0047,41.768007,APAD
BKB-2183,22.07811996,90.22478713,FCBK,coal,Barisal,Bangladesh,operating,"8,886.81",0.0097,86.202057,0.0068,60.430308,0.0046,40.879326,0.0047,41.768007,APAD
BKB-2184,22.21566774,90.82326548,FCBK,coal,Barisal,Bangladesh,operating,"8,886.81",0.0097,86.202057,0.0068,60.430308,0.0046,40.879326,0.0047,41.768007,APAD
BKB-2185,26.39378269,88.67515497,FCBK,coal,Rangpur,Bangladesh,operating,"8,886.81",0.0097,86.202057,0.0068,60.430308,0.0046,40.879326,0.0047,41.768007,APAD
BKB-2186,22.22569566,90.65676926,FCBK,coal,Barisal,Bangladesh,operating,"8,886.81",0.0097,86.202057,0.0068,60.430308,0.0046,40.879326,0.0047,41.768007,APAD
BKB-2187,22.10559969,90.78165818,FCBK,coal,Barisal,Bangladesh,operating,"8,886.81",0.0097,86.202057,0.0068,60.430308,0.0046,40.879326,0.0047,41.768007,APAD
BKB-2188,22.28790921,90.83307714,FCBK,coal,Barisal,Bangladesh,operating,"8,886.81",0.0097,86.202057,0.0068,60.430308,0.0046,40.879326,0.0047,41.768007,APAD
BKB-2189,22.35206345,90.4176802,FCBK,coal,Barisal,Bangladesh,operating,"8,886.81",0.0097,86.202057,0.0068,60.430308,0.0046,40.879326,0.0047,41.768007,APAD
BKB-2190,22.31580349,90.51101929,FCBK,coal,Barisal,Bangladesh,operating,"8,886.81",0.0097,86.202057,0.0068,60.430308,0.0046,40.879326,0.0047,41.768007,APAD
BKB-2191,22.1987057,89.89278862,FCBK,coal,Barisal,Bangladesh,operating,"8,886.81",0.0097,86.202057,0.0068,60.430308,0.0046,40.879326,0.0047,41.768007,APAD
BKB-2192,22.20380552,90.82053977,FCBK,coal,Barisal,Bangladesh,operating,"8,886.81",0.0097,86.202057,0.0068,60.430308,0.0046,40.879326,0.0047,41.768007,APAD
BKB-2193,22.20381491,90.8203624,FCBK,coal,Barisal,Bangladesh,operating,"8,886.81",0.0097,86.202057,0.0068,60.430308,0.0046,40.879326,0.0047,41.768007,APAD
BKB-2194,22.20418584,90.82093215,FCBK,coal,Barisal,Bangladesh,operating,"8,886.81",0.0097,86.202057,0.0068,60.430308,0.0046,40.879326,0.0047,41.768007,APAD
BKB-2195,22.24857451,90.66933698,FCBK,coal,Barisal,Bangladesh,operating,"8,886.81",0.0097,86.202057,0.0068,60.430308,0.0046,40.879326,0.0047,41.768007,APAD
BKB-2196,22.48074232,90.75796152,FCBK,coal,Barisal,Bangladesh,operating,"8,886.81",0.0097,86.202057,0.0068,60.430308,0.0046,40.879326,0.0047,41.768007,APAD
BKB-2197,22.39483269,90.74925646,FCBK,coal,Barisal,Bangladesh,operating,"8,886.81",0.0097,86.202057,0.0068,60.430308,0.0046,40.879326,0.0047,41.768007,APAD
BKB-2198,22.3951285,90.74776221,FCBK,coal,Barisal,Bangladesh,operating,"8,886.81",0.0097,86.202057,0.0068,60.430308,0.0046,40.879326,0.0047,41.768007,APAD
BKB-2199,22.39484678,90.74918659,FCBK,coal,Barisal,Bangladesh,operating,"8,886.81",0.0097,86.202057,0.0068,60.430308,0.0046,40.879326,0.0047,41.768007,APAD
BKB-2200,22.26349757,90.0786821,FCBK,coal,Barisal,Bangladesh,operating,"8,886.81",0.0097,86.202057,0.0068,60.430308,0.0046,40.879326,0.0047,41.768007,APAD
BKB-2201,22.23744937,90.6701356,FCBK,coal,Barisal,Bangladesh,operating,"8,886.81",0.0097,86.202057,0.0068,60.430308,0.0046,40.879326,0.0047,41.768007,APAD
BKB-2202,22.36010481,90.83407324,FCBK,coal,Barisal,Bangladesh,operating,"8,886.81",0.0097,86.202057,0.0068,60.430308,0.0046,40.879326,0.0047,41.768007,APAD
BKB-2203,22.23491131,90.00456556,FCBK,coal,Barisal,Bangladesh,operating,"8,886.81",0.0097,86.202057,0.0068,60.430308,0.0046,40.879326,0.0047,41.768007,APAD
BKB-2204,22.09793702,90.68495683,FCBK,coal,Barisal,Bangladesh,operating,"8,886.81",0.0097,86.202057,0.0068,60.430308,0.0046,40.879326,0.0047,41.768007,APAD
BKB-2205,22.4250643,90.83501987,FCBK,coal,Barisal,Bangladesh,operating,"8,886.81",0.0097,86.202057,0.0068,60.430308,0.0046,40.879326,0.0047,41.768007,APAD
BKB-2206,21.96725105,90.23994998,FCBK,coal,Barisal,Bangladesh,operating,"8,886.81",0.0097,86.202057,0.0068,60.430308,0.0046,40.879326,0.0047,41.768007,APAD
BKB-2207,22.29617927,89.10196168,ZZ,coal,Khulna,Bangladesh,operating,"8,886.81",0.007275,64.65154275,0.0051,45.322731,0.00345,30.6594945,0.003525,31.32600525,APAD
BKB-2208,23.42542139,89.01021266,ZZ,coal,Khulna,Bangladesh,operating,"8,886.81",0.007275,64.65154275,0.0051,45.322731,0.00345,30.6594945,0.003525,31.32600525,APAD
BKB-2209,22.47042534,90.05358139,ZZ,coal,Barisal,Bangladesh,operating,"8,886.81",0.007275,64.65154275,0.0051,45.322731,0.00345,30.6594945,0.003525,31.32600525,APAD
BKB-2210,22.3454937,89.90440993,ZZ,coal,Barisal,Bangladesh,operating,"8,886.81",0.007275,64.65154275,0.0051,45.322731,0.00345,30.6594945,0.003525,31.32600525,APAD
BKB-2211,23.1318533,89.24966532,ZZ,coal,Khulna,Bangladesh,operating,"8,886.81",0.007275,64.65154275,0.0051,45.322731,0.00345,30.6594945,0.003525,31.32600525,APAD
BKB-2212,23.16984716,89.78294822,ZZ,coal,Dhaka,Bangladesh,operating,"8,886.81",0.007275,64.65154275,0.0051,45.322731,0.00345,30.6594945,0.003525,31.32600525,APAD
BKB-2213,24.11635382,90.16569666,ZZ,coal,Dhaka,Bangladesh,operating,"8,886.81",0.007275,64.65154275,0.0051,45.322731,0.00345,30.6594945,0.003525,31.32600525,APAD
BKB-2214,22.53394158,90.38632349,ZZ,coal,Barisal,Bangladesh,operating,"8,886.81",0.007275,64.65154275,0.0051,45.322731,0.00345,30.6594945,0.003525,31.32600525,APAD
BKB-2215,22.46312499,89.04999738,ZZ,coal,Khulna,Bangladesh,operating,"8,886.81",0.007275,64.65154275,0.0051,45.322731,0.00345,30.6594945,0.003525,31.32600525,APAD
BKB-2216,22.97465582,89.46539616,ZZ,coal,Khulna,Bangladesh,operating,"8,886.81",0.007275,64.65154275,0.0051,45.322731,0.00345,30.6594945,0.003525,31.32600525,APAD
BKB-2217,22.52466796,89.77184154,ZZ,coal,Khulna,Bangladesh,operating,"8,886.81",0.007275,64.65154275,0.0051,45.322731,0.00345,30.6594945,0.003525,31.32600525,APAD
BKB-2218,23.31167601,89.72049016,ZZ,coal,Dhaka,Bangladesh,operating,"8,886.81",0.007275,64.65154275,0.0051,45.322731,0.00345,30.6594945,0.003525,31.32600525,APAD
BKB-2219,22.38652651,89.92087214,ZZ,coal,Barisal,Bangladesh,operating,"8,886.81",0.007275,64.65154275,0.0051,45.322731,0.00345,30.6594945,0.003525,31.32600525,APAD
BKB-2220,22.75517809,89.10375405,ZZ,coal,Khulna,Bangladesh,operating,"8,886.81",0.007275,64.65154275,0.0051,45.322731,0.00345,30.6594945,0.003525,31.32600525,APAD
BKB-2221,22.81091353,89.62169126,ZZ,coal,Khulna,Bangladesh,operating,"8,886.81",0.007275,64.65154275,0.0051,45.322731,0.00345,30.6594945,0.003525,31.32600525,APAD
BKB-2222,22.81329874,89.62154077,ZZ,coal,Khulna,Bangladesh,operating,"8,886.81",0.007275,64.65154275,0.0051,45.322731,0.00345,30.6594945,0.003525,31.32600525,APAD
BKB-2223,22.81144879,89.61920801,ZZ,coal,Khulna,Bangladesh,operating,"8,886.81",0.007275,64.65154275,0.0051,45.322731,0.00345,30.6594945,0.003525,31.32600525,APAD
BKB-2224,23.21958686,89.559818,ZZ,coal,Khulna,Bangladesh,operating,"8,886.81",0.007275,64.65154275,0.0051,45.322731,0.00345,30.6594945,0.003525,31.32600525,APAD
BKB-2225,23.56680337,89.75641656,ZZ,coal,Dhaka,Bangladesh,operating,"8,886.81",0.007275,64.65154275,0.0051,45.322731,0.00345,30.6594945,0.003525,31.32600525,APAD
BKB-2226,22.92625524,89.49034854,ZZ,coal,Khulna,Bangladesh,operating,"8,886.81",0.007275,64.65154275,0.0051,45.322731,0.00345,30.6594945,0.003525,31.32600525,APAD
BKB-2227,24.64139664,88.93851279,ZZ,coal,Rajshahi,Bangladesh,operating,"8,886.81",0.007275,64.65154275,0.0051,45.322731,0.00345,30.6594945,0.003525,31.32600525,APAD
BKB-2228,23.95289839,90.20131459,ZZ,coal,Dhaka,Bangladesh,operating,"8,886.81",0.007275,64.65154275,0.0051,45.322731,0.00345,30.6594945,0.003525,31.32600525,APAD
BKB-2229,23.94016135,90.08664794,ZZ,coal,Dhaka,Bangladesh,operating,"8,886.81",0.007275,64.65154275,0.0051,45.322731,0.00345,30.6594945,0.003525,31.32600525,APAD
BKB-2230,22.63048873,90.36477098,ZZ,coal,Barisal,Bangladesh,operating,"8,886.81",0.007275,64.65154275,0.0051,45.322731,0.00345,30.6594945,0.003525,31.32600525,APAD
BKB-2231,22.47409231,89.8455298,ZZ,coal,Khulna,Bangladesh,operating,"8,886.81",0.007275,64.65154275,0.0051,45.322731,0.00345,30.6594945,0.003525,31.32600525,APAD
BKB-2232,22.93262532,89.07402549,ZZ,coal,Khulna,Bangladesh,operating,"8,886.81",0.007275,64.65154275,0.0051,45.322731,0.00345,30.6594945,0.003525,31.32600525,APAD
BKB-2233,22.84922214,89.9374716,ZZ,coal,Khulna,Bangladesh,operating,"8,886.81",0.007275,64.65154275,0.0051,45.322731,0.00345,30.6594945,0.003525,31.32600525,APAD
BKB-2234,22.44741452,90.16725196,ZZ,coal,Barisal,Bangladesh,operating,"8,886.81",0.007275,64.65154275,0.0051,45.322731,0.00345,30.6594945,0.003525,31.32600525,APAD
BKB-2235,22.61174996,90.56207732,ZZ,coal,Barisal,Bangladesh,operating,"8,886.81",0.007275,64.65154275,0.0051,45.322731,0.00345,30.6594945,0.003525,31.32600525,APAD
BKB-2236,22.49690204,90.73001367,ZZ,coal,Barisal,Bangladesh,operating,"8,886.81",0.007275,64.65154275,0.0051,45.322731,0.00345,30.6594945,0.003525,31.32600525,APAD
BKB-2237,22.35861634,89.90756638,ZZ,coal,Barisal,Bangladesh,operating,"8,886.81",0.007275,64.65154275,0.0051,45.322731,0.00345,30.6594945,0.003525,31.32600525,APAD
BKB-2238,23.62175417,89.84894257,ZZ,coal,Dhaka,Bangladesh,operating,"8,886.81",0.007275,64.65154275,0.0051,45.322731,0.00345,30.6594945,0.003525,31.32600525,APAD
BKB-2239,22.43748117,89.00178759,ZZ,coal,Khulna,Bangladesh,operating,"8,886.81",0.007275,64.65154275,0.0051,45.322731,0.00345,30.6594945,0.003525,31.32600525,APAD
BKB-2240,22.42930717,90.45267985,ZZ,coal,Barisal,Bangladesh,operating,"8,886.81",0.007275,64.65154275,0.0051,45.322731,0.00345,30.6594945,0.003525,31.32600525,APAD
BKB-2241,23.23410646,89.34323883,ZZ,coal,Khulna,Bangladesh,operating,"8,886.81",0.007275,64.65154275,0.0051,45.322731,0.00345,30.6594945,0.003525,31.32600525,APAD
BKB-2242,23.11082863,90.43385325,ZZ,coal,Dhaka,Bangladesh,operating,"8,886.81",0.007275,64.65154275,0.0051,45.322731,0.00345,30.6594945,0.003525,31.32600525,APAD
BKB-2243,23.11143433,90.43578288,ZZ,coal,Dhaka,Bangladesh,operating,"8,886.81",0.007275,64.65154275,0.0051,45.322731,0.00345,30.6594945,0.003525,31.32600525,APAD
BKB-2244,22.61253092,90.36644081,ZZ,coal,Barisal,Bangladesh,operating,"8,886.81",0.007275,64.65154275,0.0051,45.322731,0.00345,30.6594945,0.003525,31.32600525,APAD
BKB-2245,22.86897368,89.0123915,ZZ,coal,Khulna,Bangladesh,operating,"8,886.81",0.007275,64.65154275,0.0051,45.322731,0.00345,30.6594945,0.003525,31.32600525,APAD
BKB-2246,22.78109617,89.33463384,ZZ,coal,Khulna,Bangladesh,operating,"8,886.81",0.007275,64.65154275,0.0051,45.322731,0.00345,30.6594945,0.003525,31.32600525,APAD
BKB-2247,22.65517643,90.20786805,ZZ,coal,Barisal,Bangladesh,operating,"8,886.81",0.007275,64.65154275,0.0051,45.322731,0.00345,30.6594945,0.003525,31.32600525,APAD
BKB-2248,23.29240956,90.38972685,ZZ,coal,Dhaka,Bangladesh,operating,"8,886.81",0.007275,64.65154275,0.0051,45.322731,0.00345,30.6594945,0.003525,31.32600525,APAD
BKB-2249,22.82681055,90.28669258,ZZ,coal,Barisal,Bangladesh,operating,"8,886.81",0.007275,64.65154275,0.0051,45.322731,0.00345,30.6594945,0.003525,31.32600525,APAD
BKB-2250,22.88119616,89.88307378,ZZ,coal,Khulna,Bangladesh,operating,"8,886.81",0.007275,64.65154275,0.0051,45.322731,0.00345,30.6594945,0.003525,31.32600525,APAD
BKB-2251,24.4392634,88.86300137,ZZ,coal,Rajshahi,Bangladesh,operating,"8,886.81",0.007275,64.65154275,0.0051,45.322731,0.00345,30.6594945,0.003525,31.32600525,APAD
BKB-2252,22.52907495,89.24715984,ZZ,coal,Khulna,Bangladesh,operating,"8,886.81",0.007275,64.65154275,0.0051,45.322731,0.00345,30.6594945,0.003525,31.32600525,APAD
BKB-2253,22.50411323,90.38194517,ZZ,coal,Barisal,Bangladesh,operating,"8,886.81",0.007275,64.65154275,0.0051,45.322731,0.00345,30.6594945,0.003525,31.32600525,APAD
BKB-2254,22.72003745,89.26215156,ZZ,coal,Khulna,Bangladesh,operating,"8,886.81",0.007275,64.65154275,0.0051,45.322731,0.00345,30.6594945,0.003525,31.32600525,APAD
BKB-2255,22.3374939,89.90107393,ZZ,coal,Barisal,Bangladesh,operating,"8,886.81",0.007275,64.65154275,0.0051,45.322731,0.00345,30.6594945,0.003525,31.32600525,APAD
BKB-2256,22.82082696,89.58601637,ZZ,coal,Khulna,Bangladesh,operating,"8,886.81",0.007275,64.65154275,0.0051,45.322731,0.00345,30.6594945,0.003525,31.32600525,APAD
BKB-2257,22.65574403,90.21755619,ZZ,coal,Barisal,Bangladesh,operating,"8,886.81",0.007275,64.65154275,0.0051,45.322731,0.00345,30.6594945,0.003525,31.32600525,APAD
BKB-2258,22.64619939,90.22124899,ZZ,coal,Barisal,Bangladesh,operating,"8,886.81",0.007275,64.65154275,0.0051,45.322731,0.00345,30.6594945,0.003525,31.32600525,APAD
BKB-2259,23.56795379,90.47988786,ZZ,coal,Dhaka,Bangladesh,operating,"8,886.81",0.007275,64.65154275,0.0051,45.322731,0.00345,30.6594945,0.003525,31.32600525,APAD
BKB-2260,23.00716026,89.12311741,ZZ,coal,Khulna,Bangladesh,operating,"8,886.81",0.007275,64.65154275,0.0051,45.322731,0.00345,30.6594945,0.003525,31.32600525,APAD
BKB-2261,23.00716496,89.12300991,ZZ,coal,Khulna,Bangladesh,operating,"8,886.81",0.007275,64.65154275,0.0051,45.322731,0.00345,30.6594945,0.003525,31.32600525,APAD
BKB-2262,22.37981386,89.0869703,ZZ,coal,Khulna,Bangladesh,operating,"8,886.81",0.007275,64.65154275,0.0051,45.322731,0.00345,30.6594945,0.003525,31.32600525,APAD
BKB-2263,24.47404629,90.09498695,ZZ,coal,Dhaka,Bangladesh,operating,"8,886.81",0.007275,64.65154275,0.0051,45.322731,0.00345,30.6594945,0.003525,31.32600525,APAD
BKB-2264,24.47349694,90.09339058,ZZ,coal,Dhaka,Bangladesh,operating,"8,886.81",0.007275,64.65154275,0.0051,45.322731,0.00345,30.6594945,0.003525,31.32600525,APAD
BKB-2265,23.54743923,89.12263431,ZZ,coal,Khulna,Bangladesh,operating,"8,886.81",0.007275,64.65154275,0.0051,45.322731,0.00345,30.6594945,0.003525,31.32600525,APAD
BKB-2266,23.35170053,89.62886486,ZZ,coal,Dhaka,Bangladesh,operating,"8,886.81",0.007275,64.65154275,0.0051,45.322731,0.00345,30.6594945,0.003525,31.32600525,APAD
BKB-2267,22.91805871,88.99102672,ZZ,coal,Khulna,Bangladesh,operating,"8,886.81",0.007275,64.65154275,0.0051,45.322731,0.00345,30.6594945,0.003525,31.32600525,APAD
BKB-2268,22.60077598,90.33700435,ZZ,coal,Barisal,Bangladesh,operating,"8,886.81",0.007275,64.65154275,0.0051,45.322731,0.00345,30.6594945,0.003525,31.32600525,APAD
BKB-2269,22.55586785,89.23832293,ZZ,coal,Khulna,Bangladesh,operating,"8,886.81",0.007275,64.65154275,0.0051,45.322731,0.00345,30.6594945,0.003525,31.32600525,APAD
BKB-2270,22.98558266,89.43805968,ZZ,coal,Khulna,Bangladesh,operating,"8,886.81",0.007275,64.65154275,0.0051,45.322731,0.00345,30.6594945,0.003525,31.32600525,APAD
BKB-2271,22.55253624,89.16761056,ZZ,coal,Khulna,Bangladesh,operating,"8,886.81",0.007275,64.65154275,0.0051,45.322731,0.00345,30.6594945,0.003525,31.32600525,APAD
BKB-2272,22.70158489,90.20059077,ZZ,coal,Barisal,Bangladesh,operating,"8,886.81",0.007275,64.65154275,0.0051,45.322731,0.00345,30.6594945,0.003525,31.32600525,APAD
BKB-2273,22.87085544,89.04922788,ZZ,coal,Khulna,Bangladesh,operating,"8,886.81",0.007275,64.65154275,0.0051,45.322731,0.00345,30.6594945,0.003525,31.32600525,APAD
BKB-2274,22.71328771,89.26673464,ZZ,coal,Khulna,Bangladesh,operating,"8,886.81",0.007275,64.65154275,0.0051,45.322731,0.00345,30.6594945,0.003525,31.32600525,APAD
BKB-2275,22.55764177,90.45740364,ZZ,coal,Barisal,Bangladesh,operating,"8,886.81",0.007275,64.65154275,0.0051,45.322731,0.00345,30.6594945,0.003525,31.32600525,APAD
BKB-2276,22.58381071,88.94580401,ZZ,coal,Khulna,Bangladesh,operating,"8,886.81",0.007275,64.65154275,0.0051,45.322731,0.00345,30.6594945,0.003525,31.32600525,APAD
BKB-2277,24.10706947,90.143218,ZZ,coal,Dhaka,Bangladesh,operating,"8,886.81",0.007275,64.65154275,0.0051,45.322731,0.00345,30.6594945,0.003525,31.32600525,APAD
BKB-2278,22.79422003,89.47616772,ZZ,coal,Khulna,Bangladesh,operating,"8,886.81",0.007275,64.65154275,0.0051,45.322731,0.00345,30.6594945,0.003525,31.32600525,APAD
BKB-2279,22.79406039,89.48006459,ZZ,coal,Khulna,Bangladesh,operating,"8,886.81",0.007275,64.65154275,0.0051,45.322731,0.00345,30.6594945,0.003525,31.32600525,APAD
BKB-2280,25.32785259,89.19935944,ZZ,coal,Rangpur,Bangladesh,operating,"8,886.81",0.007275,64.65154275,0.0051,45.322731,0.00345,30.6594945,0.003525,31.32600525,APAD
BKB-2281,22.48381725,90.38590812,ZZ,coal,Barisal,Bangladesh,operating,"8,886.81",0.007275,64.65154275,0.0051,45.322731,0.00345,30.6594945,0.003525,31.32600525,APAD
BKB-2282,22.73851787,89.10387646,ZZ,coal,Khulna,Bangladesh,operating,"8,886.81",0.007275,64.65154275,0.0051,45.322731,0.00345,30.6594945,0.003525,31.32600525,APAD
BKB-2283,23.70538788,89.02129226,ZZ,coal,Khulna,Bangladesh,operating,"8,886.81",0.007275,64.65154275,0.0051,45.322731,0.00345,30.6594945,0.003525,31.32600525,APAD
BKB-2284,22.73845215,89.10368766,ZZ,coal,Khulna,Bangladesh,operating,"8,886.81",0.007275,64.65154275,0.0051,45.322731,0.00345,30.6594945,0.003525,31.32600525,APAD
BKB-2285,23.05115436,89.19300557,ZZ,coal,Khulna,Bangladesh,operating,"8,886.81",0.007275,64.65154275,0.0051,45.322731,0.00345,30.6594945,0.003525,31.32600525,APAD
BKB-2286,23.05126704,89.19178544,ZZ,coal,Khulna,Bangladesh,operating,"8,886.81",0.007275,64.65154275,0.0051,45.322731,0.00345,30.6594945,0.003525,31.32600525,APAD
BKB-2287,23.64869401,89.37822413,ZZ,coal,Khulna,Bangladesh,operating,"8,886.81",0.007275,64.65154275,0.0051,45.322731,0.00345,30.6594945,0.003525,31.32600525,APAD
BKB-2288,23.49590511,88.91122743,ZZ,coal,Khulna,Bangladesh,operating,"8,886.81",0.007275,64.65154275,0.0051,45.322731,0.00345,30.6594945,0.003525,31.32600525,APAD
BKB-2289,22.66182282,90.22999151,ZZ,coal,Barisal,Bangladesh,operating,"8,886.81",0.007275,64.65154275,0.0051,45.322731,0.00345,30.6594945,0.003525,31.32600525,APAD
BKB-2290,22.49898119,90.35957718,ZZ,coal,Barisal,Bangladesh,operating,"8,886.81",0.007275,64.65154275,0.0051,45.322731,0.00345,30.6594945,0.003525,31.32600525,APAD
BKB-2291,23.52254079,89.49423943,ZZ,coal,Khulna,Bangladesh,operating,"8,886.81",0.007275,64.65154275,0.0051,45.322731,0.00345,30.6594945,0.003525,31.32600525,APAD
BKB-2292,23.01121176,89.21541125,ZZ,coal,Khulna,Bangladesh,operating,"8,886.81",0.007275,64.65154275,0.0051,45.322731,0.00345,30.6594945,0.003525,31.32600525,APAD
BKB-2293,22.70710619,90.48471543,ZZ,coal,Barisal,Bangladesh,operating,"8,886.81",0.007275,64.65154275,0.0051,45.322731,0.00345,30.6594945,0.003525,31.32600525,APAD
BKB-2294,23.207566,89.80288846,ZZ,coal,Dhaka,Bangladesh,operating,"8,886.81",0.007275,64.65154275,0.0051,45.322731,0.00345,30.6594945,0.003525,31.32600525,APAD
BKB-2295,23.15616767,89.94417599,ZZ,coal,Dhaka,Bangladesh,operating,"8,886.81",0.007275,64.65154275,0.0051,45.322731,0.00345,30.6594945,0.003525,31.32600525,APAD
BKB-2296,22.36630918,90.21077364,ZZ,coal,Barisal,Bangladesh,operating,"8,886.81",0.007275,64.65154275,0.0051,45.322731,0.00345,30.6594945,0.003525,31.32600525,APAD
BKB-2297,22.402291,89.20741999,ZZ,coal,Khulna,Bangladesh,operating,"8,886.81",0.007275,64.65154275,0.0051,45.322731,0.00345,30.6594945,0.003525,31.32600525,APAD
BKB-2298,23.62723523,88.80496511,ZZ,coal,Khulna,Bangladesh,operating,"8,886.81",0.007275,64.65154275,0.0051,45.322731,0.00345,30.6594945,0.003525,31.32600525,APAD
BKB-2299,23.86030576,90.20707644,ZZ,coal,Dhaka,Bangladesh,operating,"8,886.81",0.007275,64.65154275,0.0051,45.322731,0.00345,30.6594945,0.003525,31.32600525,APAD
BKB-2300,22.7665863,89.47269619,ZZ,coal,Khulna,Bangladesh,operating,"8,886.81",0.007275,64.65154275,0.0051,45.322731,0.00345,30.6594945,0.003525,31.32600525,APAD
BKB-2301,23.0620985,89.11617073,ZZ,coal,Khulna,Bangladesh,operating,"8,886.81",0.007275,64.65154275,0.0051,45.322731,0.00345,30.6594945,0.003525,31.32600525,APAD
BKB-2302,22.53188641,90.47198173,ZZ,coal,Barisal,Bangladesh,operating,"8,886.81",0.007275,64.65154275,0.0051,45.322731,0.00345,30.6594945,0.003525,31.32600525,APAD
BKB-2303,22.53135584,90.47067023,ZZ,coal,Barisal,Bangladesh,operating,"8,886.81",0.007275,64.65154275,0.0051,45.322731,0.00345,30.6594945,0.003525,31.32600525,APAD
BKB-2304,23.17956927,90.35077367,ZZ,coal,Dhaka,Bangladesh,operating,"8,886.81",0.007275,64.65154275,0.0051,45.322731,0.00345,30.6594945,0.003525,31.32600525,APAD
BKB-2305,23.17891192,90.34897842,ZZ,coal,Dhaka,Bangladesh,operating,"8,886.81",0.007275,64.65154275,0.0051,45.322731,0.00345,30.6594945,0.003525,31.32600525,APAD
BKB-2306,24.14828681,89.49686786,ZZ,coal,Rajshahi,Bangladesh,operating,"8,886.81",0.007275,64.65154275,0.0051,45.322731,0.00345,30.6594945,0.003525,31.32600525,APAD
BKB-2307,23.62949667,90.40839375,ZZ,coal,Dhaka,Bangladesh,operating,"8,886.81",0.007275,64.65154275,0.0051,45.322731,0.00345,30.6594945,0.003525,31.32600525,APAD
BKB-2308,23.79794085,90.313256,ZZ,coal,Dhaka,Bangladesh,operating,"8,886.81",0.007275,64.65154275,0.0051,45.322731,0.00345,30.6594945,0.003525,31.32600525,APAD
BKB-2309,23.93259858,90.14757431,ZZ,coal,Dhaka,Bangladesh,operating,"8,886.81",0.007275,64.65154275,0.0051,45.322731,0.00345,30.6594945,0.003525,31.32600525,APAD
BKB-2310,23.93453774,90.14814406,ZZ,coal,Dhaka,Bangladesh,operating,"8,886.81",0.007275,64.65154275,0.0051,45.322731,0.00345,30.6594945,0.003525,31.32600525,APAD
BKB-2311,22.81604277,89.18028924,ZZ,coal,Khulna,Bangladesh,operating,"8,886.81",0.007275,64.65154275,0.0051,45.322731,0.00345,30.6594945,0.003525,31.32600525,APAD
BKB-2312,23.62739194,90.43802976,ZZ,coal,Dhaka,Bangladesh,operating,"8,886.81",0.007275,64.65154275,0.0051,45.322731,0.00345,30.6594945,0.003525,31.32600525,APAD
BKB-2313,23.62694589,90.4407495,ZZ,coal,Dhaka,Bangladesh,operating,"8,886.81",0.007275,64.65154275,0.0051,45.322731,0.00345,30.6594945,0.003525,31.32600525,APAD
BKB-2314,22.72143622,90.47825423,ZZ,coal,Barisal,Bangladesh,operating,"8,886.81",0.007275,64.65154275,0.0051,45.322731,0.00345,30.6594945,0.003525,31.32600525,APAD
BKB-2315,22.50179028,90.00856384,ZZ,coal,Barisal,Bangladesh,operating,"8,886.81",0.007275,64.65154275,0.0051,45.322731,0.00345,30.6594945,0.003525,31.32600525,APAD
BKB-2316,23.62066501,90.39702533,ZZ,coal,Dhaka,Bangladesh,operating,"8,886.81",0.007275,64.65154275,0.0051,45.322731,0.00345,30.6594945,0.003525,31.32600525,APAD
BKB-2317,23.62095612,90.39594496,ZZ,coal,Dhaka,Bangladesh,operating,"8,886.81",0.007275,64.65154275,0.0051,45.322731,0.00345,30.6594945,0.003525,31.32600525,APAD
BKB-2318,22.82279374,89.61855205,ZZ,coal,Khulna,Bangladesh,operating,"8,886.81",0.007275,64.65154275,0.0051,45.322731,0.00345,30.6594945,0.003525,31.32600525,APAD
BKB-2319,22.82841349,89.64508498,ZZ,coal,Khulna,Bangladesh,operating,"8,886.81",0.007275,64.65154275,0.0051,45.322731,0.00345,30.6594945,0.003525,31.32600525,APAD
BKB-2320,23.09287637,89.77095416,ZZ,coal,Dhaka,Bangladesh,operating,"8,886.81",0.007275,64.65154275,0.0051,45.322731,0.00345,30.6594945,0.003525,31.32600525,APAD
BKB-2321,22.81549036,90.29241157,ZZ,coal,Barisal,Bangladesh,operating,"8,886.81",0.007275,64.65154275,0.0051,45.322731,0.00345,30.6594945,0.003525,31.32600525,APAD
BKB-2322,22.5265844,89.25942835,ZZ,coal,Khulna,Bangladesh,operating,"8,886.81",0.007275,64.65154275,0.0051,45.322731,0.00345,30.6594945,0.003525,31.32600525,APAD
BKB-2323,22.49383229,90.69932531,ZZ,coal,Barisal,Bangladesh,operating,"8,886.81",0.007275,64.65154275,0.0051,45.322731,0.00345,30.6594945,0.003525,31.32600525,APAD
BKB-2324,22.46006156,90.17969434,ZZ,coal,Barisal,Bangladesh,operating,"8,886.81",0.007275,64.65154275,0.0051,45.322731,0.00345,30.6594945,0.003525,31.32600525,APAD
BKB-2325,23.5452614,89.86490509,ZZ,coal,Dhaka,Bangladesh,operating,"8,886.81",0.007275,64.65154275,0.0051,45.322731,0.00345,30.6594945,0.003525,31.32600525,APAD
BKB-2326,23.1529483,89.50006887,ZZ,coal,Khulna,Bangladesh,operating,"8,886.81",0.007275,64.65154275,0.0051,45.322731,0.00345,30.6594945,0.003525,31.32600525,APAD
BKB-2327,23.41566153,88.84327024,ZZ,coal,Khulna,Bangladesh,operating,"8,886.81",0.007275,64.65154275,0.0051,45.322731,0.00345,30.6594945,0.003525,31.32600525,APAD
BKB-2328,22.60001706,90.70693014,ZZ,coal,Barisal,Bangladesh,operating,"8,886.81",0.007275,64.65154275,0.0051,45.322731,0.00345,30.6594945,0.003525,31.32600525,APAD
BKB-2329,22.60015323,90.70611852,ZZ,coal,Barisal,Bangladesh,operating,"8,886.81",0.007275,64.65154275,0.0051,45.322731,0.00345,30.6594945,0.003525,31.32600525,APAD
BKB-2330,22.93958082,90.50108461,ZZ,coal,Barisal,Bangladesh,operating,"8,886.81",0.007275,64.65154275,0.0051,45.322731,0.00345,30.6594945,0.003525,31.32600525,APAD
BKB-2331,23.63667141,90.44888562,ZZ,coal,Dhaka,Bangladesh,operating,"8,886.81",0.007275,64.65154275,0.0051,45.322731,0.00345,30.6594945,0.003525,31.32600525,APAD
BKB-2332,22.82245866,89.61352632,ZZ,coal,Khulna,Bangladesh,operating,"8,886.81",0.007275,64.65154275,0.0051,45.322731,0.00345,30.6594945,0.003525,31.32600525,APAD
BKB-2333,22.5219591,90.36540555,ZZ,coal,Barisal,Bangladesh,operating,"8,886.81",0.007275,64.65154275,0.0051,45.322731,0.00345,30.6594945,0.003525,31.32600525,APAD
BKB-2334,22.82679194,89.34913305,ZZ,coal,Khulna,Bangladesh,operating,"8,886.81",0.007275,64.65154275,0.0051,45.322731,0.00345,30.6594945,0.003525,31.32600525,APAD
BKB-2335,22.82423769,89.34924593,ZZ,coal,Khulna,Bangladesh,operating,"8,886.81",0.007275,64.65154275,0.0051,45.322731,0.00345,30.6594945,0.003525,31.32600525,APAD
BKB-2336,23.19265698,90.25238121,ZZ,coal,Dhaka,Bangladesh,operating,"8,886.81",0.007275,64.65154275,0.0051,45.322731,0.00345,30.6594945,0.003525,31.32600525,APAD
BKB-2337,23.15551002,90.23894766,ZZ,coal,Dhaka,Bangladesh,operating,"8,886.81",0.007275,64.65154275,0.0051,45.322731,0.00345,30.6594945,0.003525,31.32600525,APAD
BKB-2338,22.85702481,90.38420678,ZZ,coal,Barisal,Bangladesh,operating,"8,886.81",0.007275,64.65154275,0.0051,45.322731,0.00345,30.6594945,0.003525,31.32600525,APAD
BKB-2339,22.74341707,89.10316572,ZZ,coal,Khulna,Bangladesh,operating,"8,886.81",0.007275,64.65154275,0.0051,45.322731,0.00345,30.6594945,0.003525,31.32600525,APAD
BKB-2340,22.53791626,90.82436721,ZZ,coal,Barisal,Bangladesh,operating,"8,886.81",0.007275,64.65154275,0.0051,45.322731,0.00345,30.6594945,0.003525,31.32600525,APAD
BKB-2341,23.54460284,90.17362031,ZZ,coal,Dhaka,Bangladesh,operating,"8,886.81",0.007275,64.65154275,0.0051,45.322731,0.00345,30.6594945,0.003525,31.32600525,APAD
BKB-2342,22.6421299,90.34032964,ZZ,coal,Barisal,Bangladesh,operating,"8,886.81",0.007275,64.65154275,0.0051,45.322731,0.00345,30.6594945,0.003525,31.32600525,APAD
BKB-2343,22.57295935,90.35722094,ZZ,coal,Barisal,Bangladesh,operating,"8,886.81",0.007275,64.65154275,0.0051,45.322731,0.00345,30.6594945,0.003525,31.32600525,APAD
BKB-2344,23.29261552,89.01884841,ZZ,coal,Khulna,Bangladesh,operating,"8,886.81",0.007275,64.65154275,0.0051,45.322731,0.00345,30.6594945,0.003525,31.32600525,APAD
BKB-2345,22.88488306,89.86959239,ZZ,coal,Khulna,Bangladesh,operating,"8,886.81",0.007275,64.65154275,0.0051,45.322731,0.00345,30.6594945,0.003525,31.32600525,APAD
BKB-2346,23.38828147,89.69496693,ZZ,coal,Dhaka,Bangladesh,operating,"8,886.81",0.007275,64.65154275,0.0051,45.322731,0.00345,30.6594945,0.003525,31.32600525,APAD
BKB-2347,23.62478027,89.85866517,ZZ,coal,Dhaka,Bangladesh,operating,"8,886.81",0.007275,64.65154275,0.0051,45.322731,0.00345,30.6594945,0.003525,31.32600525,APAD
BKB-2348,23.62155928,89.85652054,ZZ,coal,Dhaka,Bangladesh,operating,"8,886.81",0.007275,64.65154275,0.0051,45.322731,0.00345,30.6594945,0.003525,31.32600525,APAD
BKB-2349,23.62483192,89.8563593,ZZ,coal,Dhaka,Bangladesh,operating,"8,886.81",0.007275,64.65154275,0.0051,45.322731,0.00345,30.6594945,0.003525,31.32600525,APAD
BKB-2350,23.62147007,89.8584018,ZZ,coal,Dhaka,Bangladesh,operating,"8,886.81",0.007275,64.65154275,0.0051,45.322731,0.00345,30.6594945,0.003525,31.32600525,APAD
BKB-2351,23.62396328,89.8561013,ZZ,coal,Dhaka,Bangladesh,operating,"8,886.81",0.007275,64.65154275,0.0051,45.322731,0.00345,30.6594945,0.003525,31.32600525,APAD
BKB-2352,23.81179631,90.07395727,ZZ,coal,Dhaka,Bangladesh,operating,"8,886.81",0.007275,64.65154275,0.0051,45.322731,0.00345,30.6594945,0.003525,31.32600525,APAD
BKB-2353,23.81489991,90.07482265,ZZ,coal,Dhaka,Bangladesh,operating,"8,886.81",0.007275,64.65154275,0.0051,45.322731,0.00345,30.6594945,0.003525,31.32600525,APAD
BKB-2354,22.85843367,89.56863497,ZZ,coal,Khulna,Bangladesh,operating,"8,886.81",0.007275,64.65154275,0.0051,45.322731,0.00345,30.6594945,0.003525,31.32600525,APAD
BKB-2355,22.88750459,90.43790463,ZZ,coal,Barisal,Bangladesh,operating,"8,886.81",0.007275,64.65154275,0.0051,45.322731,0.00345,30.6594945,0.003525,31.32600525,APAD
BKB-2356,23.94859668,89.40709029,ZZ,coal,Rajshahi,Bangladesh,operating,"8,886.81",0.007275,64.65154275,0.0051,45.322731,0.00345,30.6594945,0.003525,31.32600525,APAD
BKB-2357,22.93913662,90.50105109,ZZ,coal,Barisal,Bangladesh,operating,"8,886.81",0.007275,64.65154275,0.0051,45.322731,0.00345,30.6594945,0.003525,31.32600525,APAD
BKB-2358,22.93542732,90.50403959,ZZ,coal,Barisal,Bangladesh,operating,"8,886.81",0.007275,64.65154275,0.0051,45.322731,0.00345,30.6594945,0.003525,31.32600525,APAD
BKB-2359,22.33689735,89.06166251,ZZ,coal,Khulna,Bangladesh,operating,"8,886.81",0.007275,64.65154275,0.0051,45.322731,0.00345,30.6594945,0.003525,31.32600525,APAD
BKB-2360,22.82268609,90.3100634,ZZ,coal,Barisal,Bangladesh,operating,"8,886.81",0.007275,64.65154275,0.0051,45.322731,0.00345,30.6594945,0.003525,31.32600525,APAD
BKB-2361,22.67837275,90.22707054,ZZ,coal,Barisal,Bangladesh,operating,"8,886.81",0.007275,64.65154275,0.0051,45.322731,0.00345,30.6594945,0.003525,31.32600525,APAD
BKB-2362,23.72248626,90.40739654,ZZ,coal,Dhaka,Bangladesh,operating,"8,886.81",0.007275,64.65154275,0.0051,45.322731,0.00345,30.6594945,0.003525,31.32600525,APAD
BKB-2363,23.42078665,88.83975004,ZZ,coal,Khulna,Bangladesh,operating,"8,886.81",0.007275,64.65154275,0.0051,45.322731,0.00345,30.6594945,0.003525,31.32600525,APAD
BKB-2364,22.98884672,89.06704149,ZZ,coal,Khulna,Bangladesh,operating,"8,886.81",0.007275,64.65154275,0.0051,45.322731,0.00345,30.6594945,0.003525,31.32600525,APAD
BKB-2365,23.30545475,90.2996371,ZZ,coal,Dhaka,Bangladesh,operating,"8,886.81",0.007275,64.65154275,0.0051,45.322731,0.00345,30.6594945,0.003525,31.32600525,APAD
BKB-2366,23.82884445,90.02408972,ZZ,coal,Dhaka,Bangladesh,operating,"8,886.81",0.007275,64.65154275,0.0051,45.322731,0.00345,30.6594945,0.003525,31.32600525,APAD
BKB-2367,23.3066198,89.26001219,ZZ,coal,Khulna,Bangladesh,operating,"8,886.81",0.007275,64.65154275,0.0051,45.322731,0.00345,30.6594945,0.003525,31.32600525,APAD
BKB-2368,22.75858258,89.40276739,ZZ,coal,Khulna,Bangladesh,operating,"8,886.81",0.007275,64.65154275,0.0051,45.322731,0.00345,30.6594945,0.003525,31.32600525,APAD
BKB-2369,22.53351143,90.45818211,ZZ,coal,Barisal,Bangladesh,operating,"8,886.81",0.007275,64.65154275,0.0051,45.322731,0.00345,30.6594945,0.003525,31.32600525,APAD
BKB-2370,24.16447286,90.1684584,ZZ,coal,Dhaka,Bangladesh,operating,"8,886.81",0.007275,64.65154275,0.0051,45.322731,0.00345,30.6594945,0.003525,31.32600525,APAD
BKB-2371,24.16377326,90.17226928,ZZ,coal,Dhaka,Bangladesh,operating,"8,886.81",0.007275,64.65154275,0.0051,45.322731,0.00345,30.6594945,0.003525,31.32600525,APAD
BKB-2372,22.52566374,90.37785249,ZZ,coal,Barisal,Bangladesh,operating,"8,886.81",0.007275,64.65154275,0.0051,45.322731,0.00345,30.6594945,0.003525,31.32600525,APAD
BKB-2373,22.52577173,90.37974449,ZZ,coal,Barisal,Bangladesh,operating,"8,886.81",0.007275,64.65154275,0.0051,45.322731,0.00345,30.6594945,0.003525,31.32600525,APAD
BKB-2374,23.61510096,90.41053908,ZZ,coal,Dhaka,Bangladesh,operating,"8,886.81",0.007275,64.65154275,0.0051,45.322731,0.00345,30.6594945,0.003525,31.32600525,APAD
BKB-2375,23.61593673,90.41591946,ZZ,coal,Dhaka,Bangladesh,operating,"8,886.81",0.007275,64.65154275,0.0051,45.322731,0.00345,30.6594945,0.003525,31.32600525,APAD
BKB-2376,23.30188516,89.60218564,ZZ,coal,Khulna,Bangladesh,operating,"8,886.81",0.007275,64.65154275,0.0051,45.322731,0.00345,30.6594945,0.003525,31.32600525,APAD
BKB-2377,23.05821425,89.66729045,ZZ,coal,Khulna,Bangladesh,operating,"8,886.81",0.007275,64.65154275,0.0051,45.322731,0.00345,30.6594945,0.003525,31.32600525,APAD
BKB-2378,24.10253652,90.18566082,ZZ,coal,Dhaka,Bangladesh,operating,"8,886.81",0.007275,64.65154275,0.0051,45.322731,0.00345,30.6594945,0.003525,31.32600525,APAD
BKB-2379,24.10392633,90.19034782,ZZ,coal,Dhaka,Bangladesh,operating,"8,886.81",0.007275,64.65154275,0.0051,45.322731,0.00345,30.6594945,0.003525,31.32600525,APAD
BKB-2380,22.80599464,89.62345416,ZZ,coal,Khulna,Bangladesh,operating,"8,886.81",0.007275,64.65154275,0.0051,45.322731,0.00345,30.6594945,0.003525,31.32600525,APAD
BKB-2381,22.80642661,89.62335741,ZZ,coal,Khulna,Bangladesh,operating,"8,886.81",0.007275,64.65154275,0.0051,45.322731,0.00345,30.6594945,0.003525,31.32600525,APAD
BKB-2382,22.80808875,89.62302954,ZZ,coal,Khulna,Bangladesh,operating,"8,886.81",0.007275,64.65154275,0.0051,45.322731,0.00345,30.6594945,0.003525,31.32600525,APAD
BKB-2383,22.45645173,89.27681595,ZZ,coal,Khulna,Bangladesh,operating,"8,886.81",0.007275,64.65154275,0.0051,45.322731,0.00345,30.6594945,0.003525,31.32600525,APAD
BKB-2384,24.43633298,89.54860444,ZZ,coal,Rajshahi,Bangladesh,operating,"8,886.81",0.007275,64.65154275,0.0051,45.322731,0.00345,30.6594945,0.003525,31.32600525,APAD
BKB-2385,22.8237208,89.58027084,ZZ,coal,Khulna,Bangladesh,operating,"8,886.81",0.007275,64.65154275,0.0051,45.322731,0.00345,30.6594945,0.003525,31.32600525,APAD
BKB-2386,22.51234402,89.13067469,ZZ,coal,Khulna,Bangladesh,operating,"8,886.81",0.007275,64.65154275,0.0051,45.322731,0.00345,30.6594945,0.003525,31.32600525,APAD
BKB-2387,23.483429,89.04929866,ZZ,coal,Khulna,Bangladesh,operating,"8,886.81",0.007275,64.65154275,0.0051,45.322731,0.00345,30.6594945,0.003525,31.32600525,APAD
BKB-2388,22.61185753,89.29210833,ZZ,coal,Khulna,Bangladesh,operating,"8,886.81",0.007275,64.65154275,0.0051,45.322731,0.00345,30.6594945,0.003525,31.32600525,APAD
BKB-2389,22.33599893,89.0593492,ZZ,coal,Khulna,Bangladesh,operating,"8,886.81",0.007275,64.65154275,0.0051,45.322731,0.00345,30.6594945,0.003525,31.32600525,APAD
BKB-2390,23.9011472,90.05514689,ZZ,coal,Dhaka,Bangladesh,operating,"8,886.81",0.007275,64.65154275,0.0051,45.322731,0.00345,30.6594945,0.003525,31.32600525,APAD
BKB-2391,22.48765697,89.2657429,ZZ,coal,Khulna,Bangladesh,operating,"8,886.81",0.007275,64.65154275,0.0051,45.322731,0.00345,30.6594945,0.003525,31.32600525,APAD
BKB-2392,22.81649191,90.30960487,ZZ,coal,Barisal,Bangladesh,operating,"8,886.81",0.007275,64.65154275,0.0051,45.322731,0.00345,30.6594945,0.003525,31.32600525,APAD
BKB-2393,23.26312359,88.91007068,ZZ,coal,Khulna,Bangladesh,operating,"8,886.81",0.007275,64.65154275,0.0051,45.322731,0.00345,30.6594945,0.003525,31.32600525,APAD
BKB-2394,22.44504748,90.18104367,ZZ,coal,Barisal,Bangladesh,operating,"8,886.81",0.007275,64.65154275,0.0051,45.322731,0.00345,30.6594945,0.003525,31.32600525,APAD
BKB-2395,22.44205657,90.17968379,ZZ,coal,Barisal,Bangladesh,operating,"8,886.81",0.007275,64.65154275,0.0051,45.322731,0.00345,30.6594945,0.003525,31.32600525,APAD
BKB-2396,22.83015062,89.59773767,ZZ,coal,Khulna,Bangladesh,operating,"8,886.81",0.007275,64.65154275,0.0051,45.322731,0.00345,30.6594945,0.003525,31.32600525,APAD
BKB-2397,22.4626767,89.04487775,ZZ,coal,Khulna,Bangladesh,operating,"8,886.81",0.007275,64.65154275,0.0051,45.322731,0.00345,30.6594945,0.003525,31.32600525,APAD
BKB-2398,22.31497309,89.10232961,ZZ,coal,Khulna,Bangladesh,operating,"8,886.81",0.007275,64.65154275,0.0051,45.322731,0.00345,30.6594945,0.003525,31.32600525,APAD
BKB-2399,22.86027694,89.35875684,ZZ,coal,Khulna,Bangladesh,operating,"8,886.81",0.007275,64.65154275,0.0051,45.322731,0.00345,30.6594945,0.003525,31.32600525,APAD
BKB-2400,22.86038963,89.35687022,ZZ,coal,Khulna,Bangladesh,operating,"8,886.81",0.007275,64.65154275,0.0051,45.322731,0.00345,30.6594945,0.003525,31.32600525,APAD
BKB-2401,25.0733326,90.03484106,ZZ,coal,Mymensingh,Bangladesh,operating,"8,886.81",0.007275,64.65154275,0.0051,45.322731,0.00345,30.6594945,0.003525,31.32600525,APAD
BKB-2402,24.48141214,89.47052969,ZZ,coal,Rajshahi,Bangladesh,operating,"8,886.81",0.007275,64.65154275,0.0051,45.322731,0.00345,30.6594945,0.003525,31.32600525,APAD
BKB-2403,22.99042551,89.80518136,ZZ,coal,Dhaka,Bangladesh,operating,"8,886.81",0.007275,64.65154275,0.0051,45.322731,0.00345,30.6594945,0.003525,31.32600525,APAD
BKB-2404,22.65511009,90.3548688,ZZ,coal,Barisal,Bangladesh,operating,"8,886.81",0.007275,64.65154275,0.0051,45.322731,0.00345,30.6594945,0.003525,31.32600525,APAD
BKB-2405,22.66873269,90.60874497,ZZ,coal,Barisal,Bangladesh,operating,"8,886.81",0.007275,64.65154275,0.0051,45.322731,0.00345,30.6594945,0.003525,31.32600525,APAD
BKB-2406,24.96868993,89.5707536,ZZ,coal,Rajshahi,Bangladesh,operating,"8,886.81",0.007275,64.65154275,0.0051,45.322731,0.00345,30.6594945,0.003525,31.32600525,APAD
BKB-2407,22.66926502,90.22429496,ZZ,coal,Barisal,Bangladesh,operating,"8,886.81",0.007275,64.65154275,0.0051,45.322731,0.00345,30.6594945,0.003525,31.32600525,APAD
BKB-2408,22.82567998,90.00231718,ZZ,coal,Barisal,Bangladesh,operating,"8,886.81",0.007275,64.65154275,0.0051,45.322731,0.00345,30.6594945,0.003525,31.32600525,APAD
BKB-2409,23.64938023,90.12371033,ZZ,coal,Dhaka,Bangladesh,operating,"8,886.81",0.007275,64.65154275,0.0051,45.322731,0.00345,30.6594945,0.003525,31.32600525,APAD
BKB-2410,22.72426104,90.57970808,ZZ,coal,Barisal,Bangladesh,operating,"8,886.81",0.007275,64.65154275,0.0051,45.322731,0.00345,30.6594945,0.003525,31.32600525,APAD
BKB-2411,23.01901154,89.25226154,ZZ,coal,Khulna,Bangladesh,operating,"8,886.81",0.007275,64.65154275,0.0051,45.322731,0.00345,30.6594945,0.003525,31.32600525,APAD
BKB-2412,23.9638241,89.42516337,ZZ,coal,Rajshahi,Bangladesh,operating,"8,886.81",0.007275,64.65154275,0.0051,45.322731,0.00345,30.6594945,0.003525,31.32600525,APAD
BKB-2413,22.63764174,90.24664406,ZZ,coal,Barisal,Bangladesh,operating,"8,886.81",0.007275,64.65154275,0.0051,45.322731,0.00345,30.6594945,0.003525,31.32600525,APAD
BKB-2414,24.57257392,88.18837742,ZZ,coal,Rajshahi,Bangladesh,operating,"8,886.81",0.007275,64.65154275,0.0051,45.322731,0.00345,30.6594945,0.003525,31.32600525,APAD
BKB-2415,24.57548031,88.18702292,ZZ,coal,Rajshahi,Bangladesh,operating,"8,886.81",0.007275,64.65154275,0.0051,45.322731,0.00345,30.6594945,0.003525,31.32600525,APAD
BKB-2416,22.82721547,89.59356804,ZZ,coal,Khulna,Bangladesh,operating,"8,886.81",0.007275,64.65154275,0.0051,45.322731,0.00345,30.6594945,0.003525,31.32600525,APAD
BKB-2417,23.44148144,89.39788597,ZZ,coal,Khulna,Bangladesh,operating,"8,886.81",0.007275,64.65154275,0.0051,45.322731,0.00345,30.6594945,0.003525,31.32600525,APAD
BKB-2418,23.90666518,90.0477357,ZZ,coal,Dhaka,Bangladesh,operating,"8,886.81",0.007275,64.65154275,0.0051,45.322731,0.00345,30.6594945,0.003525,31.32600525,APAD
BKB-2419,23.37760604,90.06662546,ZZ,coal,Dhaka,Bangladesh,operating,"8,886.81",0.007275,64.65154275,0.0051,45.322731,0.00345,30.6594945,0.003525,31.32600525,APAD
BKB-2420,22.67576287,90.19796299,ZZ,coal,Barisal,Bangladesh,operating,"8,886.81",0.007275,64.65154275,0.0051,45.322731,0.00345,30.6594945,0.003525,31.32600525,APAD
BKB-2421,22.7709827,90.52233644,ZZ,coal,Barisal,Bangladesh,operating,"8,886.81",0.007275,64.65154275,0.0051,45.322731,0.00345,30.6594945,0.003525,31.32600525,APAD
BKB-2422,22.55190074,90.46324934,ZZ,coal,Barisal,Bangladesh,operating,"8,886.81",0.007275,64.65154275,0.0051,45.322731,0.00345,30.6594945,0.003525,31.32600525,APAD
BKB-2423,23.61270624,90.08751145,ZZ,coal,Dhaka,Bangladesh,operating,"8,886.81",0.007275,64.65154275,0.0051,45.322731,0.00345,30.6594945,0.003525,31.32600525,APAD
BKB-2424,23.04300463,89.24982911,ZZ,coal,Khulna,Bangladesh,operating,"8,886.81",0.007275,64.65154275,0.0051,45.322731,0.00345,30.6594945,0.003525,31.32600525,APAD
BKB-2425,23.60780934,90.17216523,ZZ,coal,Dhaka,Bangladesh,operating,"8,886.81",0.007275,64.65154275,0.0051,45.322731,0.00345,30.6594945,0.003525,31.32600525,APAD
BKB-2426,23.60585609,90.17133211,ZZ,coal,Dhaka,Bangladesh,operating,"8,886.81",0.007275,64.65154275,0.0051,45.322731,0.00345,30.6594945,0.003525,31.32600525,APAD
BKB-2427,22.6246459,89.27739643,ZZ,coal,Khulna,Bangladesh,operating,"8,886.81",0.007275,64.65154275,0.0051,45.322731,0.00345,30.6594945,0.003525,31.32600525,APAD
BKB-2428,22.62470225,89.2770578,ZZ,coal,Khulna,Bangladesh,operating,"8,886.81",0.007275,64.65154275,0.0051,45.322731,0.00345,30.6594945,0.003525,31.32600525,APAD
BKB-2429,22.81893379,90.31696548,ZZ,coal,Barisal,Bangladesh,operating,"8,886.81",0.007275,64.65154275,0.0051,45.322731,0.00345,30.6594945,0.003525,31.32600525,APAD
BKB-2430,23.00780598,89.75717055,ZZ,coal,Khulna,Bangladesh,operating,"8,886.81",0.007275,64.65154275,0.0051,45.322731,0.00345,30.6594945,0.003525,31.32600525,APAD
BKB-2431,23.66627152,90.21786633,ZZ,coal,Dhaka,Bangladesh,operating,"8,886.81",0.007275,64.65154275,0.0051,45.322731,0.00345,30.6594945,0.003525,31.32600525,APAD
BKB-2432,22.37934321,89.08712915,ZZ,coal,Khulna,Bangladesh,operating,"8,886.81",0.007275,64.65154275,0.0051,45.322731,0.00345,30.6594945,0.003525,31.32600525,APAD
BKB-2433,23.63890303,89.80958602,ZZ,coal,Dhaka,Bangladesh,operating,"8,886.81",0.007275,64.65154275,0.0051,45.322731,0.00345,30.6594945,0.003525,31.32600525,APAD
BKB-2434,23.69371083,89.6934014,ZZ,coal,Dhaka,Bangladesh,operating,"8,886.81",0.007275,64.65154275,0.0051,45.322731,0.00345,30.6594945,0.003525,31.32600525,APAD
BKB-2435,23.01957756,89.77482755,ZZ,coal,Dhaka,Bangladesh,operating,"8,886.81",0.007275,64.65154275,0.0051,45.322731,0.00345,30.6594945,0.003525,31.32600525,APAD
BKB-2436,22.61148749,89.53354648,ZZ,coal,Khulna,Bangladesh,operating,"8,886.81",0.007275,64.65154275,0.0051,45.322731,0.00345,30.6594945,0.003525,31.32600525,APAD
BKB-2437,22.6113748,89.53355185,ZZ,coal,Khulna,Bangladesh,operating,"8,886.81",0.007275,64.65154275,0.0051,45.322731,0.00345,30.6594945,0.003525,31.32600525,APAD
BKB-2438,22.61122455,89.53355723,ZZ,coal,Khulna,Bangladesh,operating,"8,886.81",0.007275,64.65154275,0.0051,45.322731,0.00345,30.6594945,0.003525,31.32600525,APAD
BKB-2439,23.10590205,89.26719354,ZZ,coal,Khulna,Bangladesh,operating,"8,886.81",0.007275,64.65154275,0.0051,45.322731,0.00345,30.6594945,0.003525,31.32600525,APAD
BKB-2440,23.17357269,90.24088235,ZZ,coal,Dhaka,Bangladesh,operating,"8,886.81",0.007275,64.65154275,0.0051,45.322731,0.00345,30.6594945,0.003525,31.32600525,APAD
BKB-2441,23.17835721,90.23760359,ZZ,coal,Dhaka,Bangladesh,operating,"8,886.81",0.007275,64.65154275,0.0051,45.322731,0.00345,30.6594945,0.003525,31.32600525,APAD
BKB-2442,22.77210054,90.129375,ZZ,coal,Barisal,Bangladesh,operating,"8,886.81",0.007275,64.65154275,0.0051,45.322731,0.00345,30.6594945,0.003525,31.32600525,APAD
BKB-2443,23.6293943,90.38226217,ZZ,coal,Dhaka,Bangladesh,operating,"8,886.81",0.007275,64.65154275,0.0051,45.322731,0.00345,30.6594945,0.003525,31.32600525,APAD
BKB-2444,23.63022068,90.38045079,ZZ,coal,Dhaka,Bangladesh,operating,"8,886.81",0.007275,64.65154275,0.0051,45.322731,0.00345,30.6594945,0.003525,31.32600525,APAD
BKB-2445,23.62583995,90.38575592,ZZ,coal,Dhaka,Bangladesh,operating,"8,886.81",0.007275,64.65154275,0.0051,45.322731,0.00345,30.6594945,0.003525,31.32600525,APAD
BKB-2446,22.54906568,90.4747006,ZZ,coal,Barisal,Bangladesh,operating,"8,886.81",0.007275,64.65154275,0.0051,45.322731,0.00345,30.6594945,0.003525,31.32600525,APAD
BKB-2447,23.0104261,88.99167441,ZZ,coal,Khulna,Bangladesh,operating,"8,886.81",0.007275,64.65154275,0.0051,45.322731,0.00345,30.6594945,0.003525,31.32600525,APAD
BKB-2448,23.00967015,88.99307728,ZZ,coal,Khulna,Bangladesh,operating,"8,886.81",0.007275,64.65154275,0.0051,45.322731,0.00345,30.6594945,0.003525,31.32600525,APAD
BKB-2449,22.62508612,89.28995226,ZZ,coal,Khulna,Bangladesh,operating,"8,886.81",0.007275,64.65154275,0.0051,45.322731,0.00345,30.6594945,0.003525,31.32600525,APAD
BKB-2450,23.25283483,89.10005089,ZZ,coal,Khulna,Bangladesh,operating,"8,886.81",0.007275,64.65154275,0.0051,45.322731,0.00345,30.6594945,0.003525,31.32600525,APAD
BKB-2451,23.60919988,90.15676021,ZZ,coal,Dhaka,Bangladesh,operating,"8,886.81",0.007275,64.65154275,0.0051,45.322731,0.00345,30.6594945,0.003525,31.32600525,APAD
BKB-2452,23.01895701,89.75499548,ZZ,coal,Khulna,Bangladesh,operating,"8,886.81",0.007275,64.65154275,0.0051,45.322731,0.00345,30.6594945,0.003525,31.32600525,APAD
BKB-2453,23.0220747,89.75360873,ZZ,coal,Khulna,Bangladesh,operating,"8,886.81",0.007275,64.65154275,0.0051,45.322731,0.00345,30.6594945,0.003525,31.32600525,APAD
BKB-2454,23.91126574,90.13891634,ZZ,coal,Dhaka,Bangladesh,operating,"8,886.81",0.007275,64.65154275,0.0051,45.322731,0.00345,30.6594945,0.003525,31.32600525,APAD
BKB-2455,22.5518981,89.12926171,ZZ,coal,Khulna,Bangladesh,operating,"8,886.81",0.007275,64.65154275,0.0051,45.322731,0.00345,30.6594945,0.003525,31.32600525,APAD
BKB-2456,23.6456177,90.40278008,ZZ,coal,Dhaka,Bangladesh,operating,"8,886.81",0.007275,64.65154275,0.0051,45.322731,0.00345,30.6594945,0.003525,31.32600525,APAD
BKB-2457,23.00216193,89.78173668,ZZ,coal,Khulna,Bangladesh,operating,"8,886.81",0.007275,64.65154275,0.0051,45.322731,0.00345,30.6594945,0.003525,31.32600525,APAD
BKB-2458,22.89048531,89.71271592,ZZ,coal,Khulna,Bangladesh,operating,"8,886.81",0.007275,64.65154275,0.0051,45.322731,0.00345,30.6594945,0.003525,31.32600525,APAD
BKB-2459,24.42315201,89.46570673,ZZ,coal,Rajshahi,Bangladesh,operating,"8,886.81",0.007275,64.65154275,0.0051,45.322731,0.00345,30.6594945,0.003525,31.32600525,APAD
BKB-2460,22.61243882,89.29210108,ZZ,coal,Khulna,Bangladesh,operating,"8,886.81",0.007275,64.65154275,0.0051,45.322731,0.00345,30.6594945,0.003525,31.32600525,APAD
BKB-2461,24.06704852,90.12563905,ZZ,coal,Dhaka,Bangladesh,operating,"8,886.81",0.007275,64.65154275,0.0051,45.322731,0.00345,30.6594945,0.003525,31.32600525,APAD
BKB-2462,23.46034013,89.14238149,ZZ,coal,Khulna,Bangladesh,operating,"8,886.81",0.007275,64.65154275,0.0051,45.322731,0.00345,30.6594945,0.003525,31.32600525,APAD
BKB-2463,22.816814,89.45108142,ZZ,coal,Khulna,Bangladesh,operating,"8,886.81",0.007275,64.65154275,0.0051,45.322731,0.00345,30.6594945,0.003525,31.32600525,APAD
BKB-2464,22.66751447,90.21116005,ZZ,coal,Barisal,Bangladesh,operating,"8,886.81",0.007275,64.65154275,0.0051,45.322731,0.00345,30.6594945,0.003525,31.32600525,APAD
BKB-2465,24.42016899,89.89048444,ZZ,coal,Dhaka,Bangladesh,operating,"8,886.81",0.007275,64.65154275,0.0051,45.322731,0.00345,30.6594945,0.003525,31.32600525,APAD
BKB-2466,22.75054996,89.91301124,ZZ,coal,Khulna,Bangladesh,operating,"8,886.81",0.007275,64.65154275,0.0051,45.322731,0.00345,30.6594945,0.003525,31.32600525,APAD
BKB-2467,22.80315782,89.63676621,ZZ,coal,Khulna,Bangladesh,operating,"8,886.81",0.007275,64.65154275,0.0051,45.322731,0.00345,30.6594945,0.003525,31.32600525,APAD
BKB-2468,23.73326805,89.37930861,ZZ,coal,Dhaka,Bangladesh,operating,"8,886.81",0.007275,64.65154275,0.0051,45.322731,0.00345,30.6594945,0.003525,31.32600525,APAD
BKB-2469,23.23351977,90.34200441,ZZ,coal,Dhaka,Bangladesh,operating,"8,886.81",0.007275,64.65154275,0.0051,45.322731,0.00345,30.6594945,0.003525,31.32600525,APAD
BKB-2470,23.23176842,90.34073054,ZZ,coal,Dhaka,Bangladesh,operating,"8,886.81",0.007275,64.65154275,0.0051,45.322731,0.00345,30.6594945,0.003525,31.32600525,APAD
BKB-2471,23.52792625,89.7087781,ZZ,coal,Dhaka,Bangladesh,operating,"8,886.81",0.007275,64.65154275,0.0051,45.322731,0.00345,30.6594945,0.003525,31.32600525,APAD
BKB-2472,22.81338923,89.5871108,ZZ,coal,Khulna,Bangladesh,operating,"8,886.81",0.007275,64.65154275,0.0051,45.322731,0.00345,30.6594945,0.003525,31.32600525,APAD
BKB-2473,22.81242199,89.59100229,ZZ,coal,Khulna,Bangladesh,operating,"8,886.81",0.007275,64.65154275,0.0051,45.322731,0.00345,30.6594945,0.003525,31.32600525,APAD
BKB-2474,22.81114017,89.5882073,ZZ,coal,Khulna,Bangladesh,operating,"8,886.81",0.007275,64.65154275,0.0051,45.322731,0.00345,30.6594945,0.003525,31.32600525,APAD
BKB-2475,22.41508702,89.2426274,ZZ,coal,Khulna,Bangladesh,operating,"8,886.81",0.007275,64.65154275,0.0051,45.322731,0.00345,30.6594945,0.003525,31.32600525,APAD
BKB-2476,25.1636022,88.76071135,ZZ,coal,Rajshahi,Bangladesh,operating,"8,886.81",0.007275,64.65154275,0.0051,45.322731,0.00345,30.6594945,0.003525,31.32600525,APAD
BKB-2477,25.1623955,88.7622271,ZZ,coal,Rajshahi,Bangladesh,operating,"8,886.81",0.007275,64.65154275,0.0051,45.322731,0.00345,30.6594945,0.003525,31.32600525,APAD
BKB-2478,25.16419381,88.76234535,ZZ,coal,Rajshahi,Bangladesh,operating,"8,886.81",0.007275,64.65154275,0.0051,45.322731,0.00345,30.6594945,0.003525,31.32600525,APAD
BKB-2479,24.23501587,89.57982272,ZZ,coal,Rajshahi,Bangladesh,operating,"8,886.81",0.007275,64.65154275,0.0051,45.322731,0.00345,30.6594945,0.003525,31.32600525,APAD
BKB-2480,23.03204069,89.12461602,ZZ,coal,Khulna,Bangladesh,operating,"8,886.81",0.007275,64.65154275,0.0051,45.322731,0.00345,30.6594945,0.003525,31.32600525,APAD
BKB-2481,22.824316,89.6069366,ZZ,coal,Khulna,Bangladesh,operating,"8,886.81",0.007275,64.65154275,0.0051,45.322731,0.00345,30.6594945,0.003525,31.32600525,APAD
BKB-2482,22.82400611,89.6082051,ZZ,coal,Khulna,Bangladesh,operating,"8,886.81",0.007275,64.65154275,0.0051,45.322731,0.00345,30.6594945,0.003525,31.32600525,APAD
BKB-2483,23.81456037,90.11031143,ZZ,coal,Dhaka,Bangladesh,operating,"8,886.81",0.007275,64.65154275,0.0051,45.322731,0.00345,30.6594945,0.003525,31.32600525,APAD
BKB-2484,23.81581872,90.10985993,ZZ,coal,Dhaka,Bangladesh,operating,"8,886.81",0.007275,64.65154275,0.0051,45.322731,0.00345,30.6594945,0.003525,31.32600525,APAD
BKB-2485,22.68565293,90.60608933,ZZ,coal,Barisal,Bangladesh,operating,"8,886.81",0.007275,64.65154275,0.0051,45.322731,0.00345,30.6594945,0.003525,31.32600525,APAD
BKB-2486,22.68800998,90.60582058,ZZ,coal,Barisal,Bangladesh,operating,"8,886.81",0.007275,64.65154275,0.0051,45.322731,0.00345,30.6594945,0.003525,31.32600525,APAD
BKB-2487,22.61346363,90.61538889,ZZ,coal,Barisal,Bangladesh,operating,"8,886.81",0.007275,64.65154275,0.0051,45.322731,0.00345,30.6594945,0.003525,31.32600525,APAD
BKB-2488,23.03193273,89.41330955,ZZ,coal,Khulna,Bangladesh,operating,"8,886.81",0.007275,64.65154275,0.0051,45.322731,0.00345,30.6594945,0.003525,31.32600525,APAD
BKB-2489,22.91556594,89.83040418,ZZ,coal,Khulna,Bangladesh,operating,"8,886.81",0.007275,64.65154275,0.0051,45.322731,0.00345,30.6594945,0.003525,31.32600525,APAD
BKB-2490,25.83599296,89.18205047,ZZ,coal,Rangpur,Bangladesh,operating,"8,886.81",0.007275,64.65154275,0.0051,45.322731,0.00345,30.6594945,0.003525,31.32600525,APAD
BKB-2491,24.0096636,90.19677958,ZZ,coal,Dhaka,Bangladesh,operating,"8,886.81",0.007275,64.65154275,0.0051,45.322731,0.00345,30.6594945,0.003525,31.32600525,APAD
BKB-2492,24.01143373,90.19779546,ZZ,coal,Dhaka,Bangladesh,operating,"8,886.81",0.007275,64.65154275,0.0051,45.322731,0.00345,30.6594945,0.003525,31.32600525,APAD
BKB-2493,24.01310057,90.19574221,ZZ,coal,Dhaka,Bangladesh,operating,"8,886.81",0.007275,64.65154275,0.0051,45.322731,0.00345,30.6594945,0.003525,31.32600525,APAD
BKB-2494,24.01168728,90.19566158,ZZ,coal,Dhaka,Bangladesh,operating,"8,886.81",0.007275,64.65154275,0.0051,45.322731,0.00345,30.6594945,0.003525,31.32600525,APAD
BKB-2495,23.82648001,88.84926092,ZZ,coal,Khulna,Bangladesh,operating,"8,886.81",0.007275,64.65154275,0.0051,45.322731,0.00345,30.6594945,0.003525,31.32600525,APAD
BKB-2496,23.50986264,89.47402593,ZZ,coal,Khulna,Bangladesh,operating,"8,886.81",0.007275,64.65154275,0.0051,45.322731,0.00345,30.6594945,0.003525,31.32600525,APAD
BKB-2497,23.41114732,89.11822475,ZZ,coal,Khulna,Bangladesh,operating,"8,886.81",0.007275,64.65154275,0.0051,45.322731,0.00345,30.6594945,0.003525,31.32600525,APAD
BKB-2498,23.41030686,89.1199555,ZZ,coal,Khulna,Bangladesh,operating,"8,886.81",0.007275,64.65154275,0.0051,45.322731,0.00345,30.6594945,0.003525,31.32600525,APAD
BKB-2499,22.93324835,89.06946287,ZZ,coal,Khulna,Bangladesh,operating,"8,886.81",0.007275,64.65154275,0.0051,45.322731,0.00345,30.6594945,0.003525,31.32600525,APAD
BKB-2500,24.96291545,90.22169141,ZZ,coal,Mymensingh,Bangladesh,operating,"8,886.81",0.007275,64.65154275,0.0051,45.322731,0.00345,30.6594945,0.003525,31.32600525,APAD
BKB-2501,23.89254132,90.09750555,ZZ,coal,Dhaka,Bangladesh,operating,"8,886.81",0.007275,64.65154275,0.0051,45.322731,0.00345,30.6594945,0.003525,31.32600525,APAD
BKB-2502,22.81699685,89.61864361,ZZ,coal,Khulna,Bangladesh,operating,"8,886.81",0.007275,64.65154275,0.0051,45.322731,0.00345,30.6594945,0.003525,31.32600525,APAD
BKB-2503,22.82018027,89.61785348,ZZ,coal,Khulna,Bangladesh,operating,"8,886.81",0.007275,64.65154275,0.0051,45.322731,0.00345,30.6594945,0.003525,31.32600525,APAD
BKB-2504,23.09053004,89.06956408,ZZ,coal,Khulna,Bangladesh,operating,"8,886.81",0.007275,64.65154275,0.0051,45.322731,0.00345,30.6594945,0.003525,31.32600525,APAD
BKB-2505,23.18904914,90.2396723,ZZ,coal,Dhaka,Bangladesh,operating,"8,886.81",0.007275,64.65154275,0.0051,45.322731,0.00345,30.6594945,0.003525,31.32600525,APAD
BKB-2506,23.99709991,90.08068312,ZZ,coal,Dhaka,Bangladesh,operating,"8,886.81",0.007275,64.65154275,0.0051,45.322731,0.00345,30.6594945,0.003525,31.32600525,APAD
BKB-2507,23.99532977,90.07809237,ZZ,coal,Dhaka,Bangladesh,operating,"8,886.81",0.007275,64.65154275,0.0051,45.322731,0.00345,30.6594945,0.003525,31.32600525,APAD
BKB-2508,23.99931609,90.07758175,ZZ,coal,Dhaka,Bangladesh,operating,"8,886.81",0.007275,64.65154275,0.0051,45.322731,0.00345,30.6594945,0.003525,31.32600525,APAD
BKB-2509,23.69767967,89.7229879,ZZ,coal,Dhaka,Bangladesh,operating,"8,886.81",0.007275,64.65154275,0.0051,45.322731,0.00345,30.6594945,0.003525,31.32600525,APAD
BKB-2510,23.79221,90.11391849,ZZ,coal,Dhaka,Bangladesh,operating,"8,886.81",0.007275,64.65154275,0.0051,45.322731,0.00345,30.6594945,0.003525,31.32600525,APAD
BKB-2511,22.8892292,89.71539725,ZZ,coal,Khulna,Bangladesh,operating,"8,886.81",0.007275,64.65154275,0.0051,45.322731,0.00345,30.6594945,0.003525,31.32600525,APAD
BKB-2512,23.63200356,90.1549647,ZZ,coal,Dhaka,Bangladesh,operating,"8,886.81",0.007275,64.65154275,0.0051,45.322731,0.00345,30.6594945,0.003525,31.32600525,APAD
BKB-2513,23.63209277,90.15114845,ZZ,coal,Dhaka,Bangladesh,operating,"8,886.81",0.007275,64.65154275,0.0051,45.322731,0.00345,30.6594945,0.003525,31.32600525,APAD
BKB-2514,23.63575981,90.15065933,ZZ,coal,Dhaka,Bangladesh,operating,"8,886.81",0.007275,64.65154275,0.0051,45.322731,0.00345,30.6594945,0.003525,31.32600525,APAD
BKB-2515,23.63388638,90.15236321,ZZ,coal,Dhaka,Bangladesh,operating,"8,886.81",0.007275,64.65154275,0.0051,45.322731,0.00345,30.6594945,0.003525,31.32600525,APAD
BKB-2516,23.55373548,89.05311149,ZZ,coal,Khulna,Bangladesh,operating,"8,886.81",0.007275,64.65154275,0.0051,45.322731,0.00345,30.6594945,0.003525,31.32600525,APAD
BKB-2517,22.5602297,89.2232445,ZZ,coal,Khulna,Bangladesh,operating,"8,886.81",0.007275,64.65154275,0.0051,45.322731,0.00345,30.6594945,0.003525,31.32600525,APAD
BKB-2518,23.00299356,89.77946299,ZZ,coal,Dhaka,Bangladesh,operating,"8,886.81",0.007275,64.65154275,0.0051,45.322731,0.00345,30.6594945,0.003525,31.32600525,APAD
BKB-2519,22.99950025,89.77902762,ZZ,coal,Khulna,Bangladesh,operating,"8,886.81",0.007275,64.65154275,0.0051,45.322731,0.00345,30.6594945,0.003525,31.32600525,APAD
BKB-2520,23.67347095,90.37902902,ZZ,coal,Dhaka,Bangladesh,operating,"8,886.81",0.007275,64.65154275,0.0051,45.322731,0.00345,30.6594945,0.003525,31.32600525,APAD
BKB-2521,23.02482241,89.80606769,ZZ,coal,Dhaka,Bangladesh,operating,"8,886.81",0.007275,64.65154275,0.0051,45.322731,0.00345,30.6594945,0.003525,31.32600525,APAD
BKB-2522,23.1273528,90.18369934,ZZ,coal,Dhaka,Bangladesh,operating,"8,886.81",0.007275,64.65154275,0.0051,45.322731,0.00345,30.6594945,0.003525,31.32600525,APAD
BKB-2523,22.76864406,89.46859403,ZZ,coal,Khulna,Bangladesh,operating,"8,886.81",0.007275,64.65154275,0.0051,45.322731,0.00345,30.6594945,0.003525,31.32600525,APAD
BKB-2524,22.44861679,89.2532504,ZZ,coal,Khulna,Bangladesh,operating,"8,886.81",0.007275,64.65154275,0.0051,45.322731,0.00345,30.6594945,0.003525,31.32600525,APAD
BKB-2525,22.86275445,89.05278612,ZZ,coal,Khulna,Bangladesh,operating,"8,886.81",0.007275,64.65154275,0.0051,45.322731,0.00345,30.6594945,0.003525,31.32600525,APAD
BKB-2526,23.01837321,89.05185326,ZZ,coal,Khulna,Bangladesh,operating,"8,886.81",0.007275,64.65154275,0.0051,45.322731,0.00345,30.6594945,0.003525,31.32600525,APAD
BKB-2527,22.35937529,89.10589766,ZZ,coal,Khulna,Bangladesh,operating,"8,886.81",0.007275,64.65154275,0.0051,45.322731,0.00345,30.6594945,0.003525,31.32600525,APAD
BKB-2528,23.3772034,89.51181854,ZZ,coal,Khulna,Bangladesh,operating,"8,886.81",0.007275,64.65154275,0.0051,45.322731,0.00345,30.6594945,0.003525,31.32600525,APAD
BKB-2529,22.68013653,89.78724073,ZZ,coal,Khulna,Bangladesh,operating,"8,886.81",0.007275,64.65154275,0.0051,45.322731,0.00345,30.6594945,0.003525,31.32600525,APAD
BKB-2530,22.68150286,89.79063236,ZZ,coal,Khulna,Bangladesh,operating,"8,886.81",0.007275,64.65154275,0.0051,45.322731,0.00345,30.6594945,0.003525,31.32600525,APAD
BKB-2531,22.87811827,89.02564246,ZZ,coal,Khulna,Bangladesh,operating,"8,886.81",0.007275,64.65154275,0.0051,45.322731,0.00345,30.6594945,0.003525,31.32600525,APAD
BKB-2532,23.85741571,89.25511612,ZZ,coal,Khulna,Bangladesh,operating,"8,886.81",0.007275,64.65154275,0.0051,45.322731,0.00345,30.6594945,0.003525,31.32600525,APAD
BKB-2533,23.71236775,90.0890561,ZZ,coal,Dhaka,Bangladesh,operating,"8,886.81",0.007275,64.65154275,0.0051,45.322731,0.00345,30.6594945,0.003525,31.32600525,APAD
BKB-2534,22.80902358,89.17940656,ZZ,coal,Khulna,Bangladesh,operating,"8,886.81",0.007275,64.65154275,0.0051,45.322731,0.00345,30.6594945,0.003525,31.32600525,APAD
BKB-2535,22.46912597,89.06893691,ZZ,coal,Khulna,Bangladesh,operating,"8,886.81",0.007275,64.65154275,0.0051,45.322731,0.00345,30.6594945,0.003525,31.32600525,APAD
BKB-2536,23.77991543,89.27838788,ZZ,coal,Khulna,Bangladesh,operating,"8,886.81",0.007275,64.65154275,0.0051,45.322731,0.00345,30.6594945,0.003525,31.32600525,APAD
BKB-2537,23.3035157,90.08974692,ZZ,coal,Dhaka,Bangladesh,operating,"8,886.81",0.007275,64.65154275,0.0051,45.322731,0.00345,30.6594945,0.003525,31.32600525,APAD
BKB-2538,22.79419935,89.48037335,ZZ,coal,Khulna,Bangladesh,operating,"8,886.81",0.007275,64.65154275,0.0051,45.322731,0.00345,30.6594945,0.003525,31.32600525,APAD
BKB-2539,22.81690231,90.25584654,ZZ,coal,Barisal,Bangladesh,operating,"8,886.81",0.007275,64.65154275,0.0051,45.322731,0.00345,30.6594945,0.003525,31.32600525,APAD
BKB-2540,23.19662968,90.25155616,ZZ,coal,Dhaka,Bangladesh,operating,"8,886.81",0.007275,64.65154275,0.0051,45.322731,0.00345,30.6594945,0.003525,31.32600525,APAD
BKB-2541,23.04242494,89.41554545,ZZ,coal,Khulna,Bangladesh,operating,"8,886.81",0.007275,64.65154275,0.0051,45.322731,0.00345,30.6594945,0.003525,31.32600525,APAD
BKB-2542,23.9221997,90.13353994,ZZ,coal,Dhaka,Bangladesh,operating,"8,886.81",0.007275,64.65154275,0.0051,45.322731,0.00345,30.6594945,0.003525,31.32600525,APAD
BKB-2543,22.71346677,89.58713255,ZZ,coal,Khulna,Bangladesh,operating,"8,886.81",0.007275,64.65154275,0.0051,45.322731,0.00345,30.6594945,0.003525,31.32600525,APAD
BKB-2544,23.89528301,90.14486779,ZZ,coal,Dhaka,Bangladesh,operating,"8,886.81",0.007275,64.65154275,0.0051,45.322731,0.00345,30.6594945,0.003525,31.32600525,APAD
BKB-2545,22.78049324,90.12284326,ZZ,coal,Barisal,Bangladesh,operating,"8,886.81",0.007275,64.65154275,0.0051,45.322731,0.00345,30.6594945,0.003525,31.32600525,APAD
BKB-2546,23.82650113,88.63794764,ZZ,coal,Khulna,Bangladesh,operating,"8,886.81",0.007275,64.65154275,0.0051,45.322731,0.00345,30.6594945,0.003525,31.32600525,APAD
BKB-2547,23.27450527,89.25580286,ZZ,coal,Khulna,Bangladesh,operating,"8,886.81",0.007275,64.65154275,0.0051,45.322731,0.00345,30.6594945,0.003525,31.32600525,APAD
BKB-2548,22.93414345,90.54219028,ZZ,coal,Barisal,Bangladesh,operating,"8,886.81",0.007275,64.65154275,0.0051,45.322731,0.00345,30.6594945,0.003525,31.32600525,APAD
BKB-2549,23.72576779,90.21100316,ZZ,coal,Dhaka,Bangladesh,operating,"8,886.81",0.007275,64.65154275,0.0051,45.322731,0.00345,30.6594945,0.003525,31.32600525,APAD
BKB-2550,22.91951633,89.86043532,ZZ,coal,Dhaka,Bangladesh,operating,"8,886.81",0.007275,64.65154275,0.0051,45.322731,0.00345,30.6594945,0.003525,31.32600525,APAD
BKB-2551,24.52984995,89.50091165,ZZ,coal,Rajshahi,Bangladesh,operating,"8,886.81",0.007275,64.65154275,0.0051,45.322731,0.00345,30.6594945,0.003525,31.32600525,APAD
BKB-2552,22.81947722,90.29292614,ZZ,coal,Barisal,Bangladesh,operating,"8,886.81",0.007275,64.65154275,0.0051,45.322731,0.00345,30.6594945,0.003525,31.32600525,APAD
BKB-2553,22.82043037,90.29017952,ZZ,coal,Barisal,Bangladesh,operating,"8,886.81",0.007275,64.65154275,0.0051,45.322731,0.00345,30.6594945,0.003525,31.32600525,APAD
BKB-2554,22.62446939,89.27908671,ZZ,coal,Khulna,Bangladesh,operating,"8,886.81",0.007275,64.65154275,0.0051,45.322731,0.00345,30.6594945,0.003525,31.32600525,APAD
BKB-2555,23.02982272,89.76042441,ZZ,coal,Dhaka,Bangladesh,operating,"8,886.81",0.007275,64.65154275,0.0051,45.322731,0.00345,30.6594945,0.003525,31.32600525,APAD
BKB-2556,23.78164875,88.69229411,ZZ,coal,Khulna,Bangladesh,operating,"8,886.81",0.007275,64.65154275,0.0051,45.322731,0.00345,30.6594945,0.003525,31.32600525,APAD
BKB-2557,23.04892638,89.39854635,ZZ,coal,Khulna,Bangladesh,operating,"8,886.81",0.007275,64.65154275,0.0051,45.322731,0.00345,30.6594945,0.003525,31.32600525,APAD
BKB-2558,22.42083193,89.04201749,ZZ,coal,Khulna,Bangladesh,operating,"8,886.81",0.007275,64.65154275,0.0051,45.322731,0.00345,30.6594945,0.003525,31.32600525,APAD
BKB-2559,22.81433352,89.60149293,ZZ,coal,Khulna,Bangladesh,operating,"8,886.81",0.007275,64.65154275,0.0051,45.322731,0.00345,30.6594945,0.003525,31.32600525,APAD
BKB-2560,23.78058599,90.25404765,ZZ,coal,Dhaka,Bangladesh,operating,"8,886.81",0.007275,64.65154275,0.0051,45.322731,0.00345,30.6594945,0.003525,31.32600525,APAD
BKB-2561,23.19670304,90.25175941,ZZ,coal,Dhaka,Bangladesh,operating,"8,886.81",0.007275,64.65154275,0.0051,45.322731,0.00345,30.6594945,0.003525,31.32600525,APAD
BKB-2562,22.80478985,90.27778869,ZZ,coal,Barisal,Bangladesh,operating,"8,886.81",0.007275,64.65154275,0.0051,45.322731,0.00345,30.6594945,0.003525,31.32600525,APAD
BKB-2563,22.80462551,90.27638582,ZZ,coal,Barisal,Bangladesh,operating,"8,886.81",0.007275,64.65154275,0.0051,45.322731,0.00345,30.6594945,0.003525,31.32600525,APAD
BKB-2564,22.95511812,89.8642563,ZZ,coal,Dhaka,Bangladesh,operating,"8,886.81",0.007275,64.65154275,0.0051,45.322731,0.00345,30.6594945,0.003525,31.32600525,APAD
BKB-2565,24.00296768,90.07819009,ZZ,coal,Dhaka,Bangladesh,operating,"8,886.81",0.007275,64.65154275,0.0051,45.322731,0.00345,30.6594945,0.003525,31.32600525,APAD
BKB-2566,23.89589808,90.1081536,ZZ,coal,Dhaka,Bangladesh,operating,"8,886.81",0.007275,64.65154275,0.0051,45.322731,0.00345,30.6594945,0.003525,31.32600525,APAD
BKB-2567,23.03979319,89.74208219,ZZ,coal,Khulna,Bangladesh,operating,"8,886.81",0.007275,64.65154275,0.0051,45.322731,0.00345,30.6594945,0.003525,31.32600525,APAD
BKB-2568,22.51543819,89.25162665,ZZ,coal,Khulna,Bangladesh,operating,"8,886.81",0.007275,64.65154275,0.0051,45.322731,0.00345,30.6594945,0.003525,31.32600525,APAD
BKB-2569,23.33118097,90.21126076,ZZ,coal,Dhaka,Bangladesh,operating,"8,886.81",0.007275,64.65154275,0.0051,45.322731,0.00345,30.6594945,0.003525,31.32600525,APAD
BKB-2570,22.7195408,89.26209161,ZZ,coal,Khulna,Bangladesh,operating,"8,886.81",0.007275,64.65154275,0.0051,45.322731,0.00345,30.6594945,0.003525,31.32600525,APAD
BKB-2571,23.62072729,90.40718437,ZZ,coal,Dhaka,Bangladesh,operating,"8,886.81",0.007275,64.65154275,0.0051,45.322731,0.00345,30.6594945,0.003525,31.32600525,APAD
BKB-2572,23.11499931,89.25301768,ZZ,coal,Khulna,Bangladesh,operating,"8,886.81",0.007275,64.65154275,0.0051,45.322731,0.00345,30.6594945,0.003525,31.32600525,APAD
BKB-2573,22.94484903,89.80001735,ZZ,coal,Khulna,Bangladesh,operating,"8,886.81",0.007275,64.65154275,0.0051,45.322731,0.00345,30.6594945,0.003525,31.32600525,APAD
BKB-2574,22.97872786,89.19376216,ZZ,coal,Khulna,Bangladesh,operating,"8,886.81",0.007275,64.65154275,0.0051,45.322731,0.00345,30.6594945,0.003525,31.32600525,APAD
BKB-2575,23.7510622,90.20465309,ZZ,coal,Dhaka,Bangladesh,operating,"8,886.81",0.007275,64.65154275,0.0051,45.322731,0.00345,30.6594945,0.003525,31.32600525,APAD
BKB-2576,23.83150984,89.42273194,ZZ,coal,Dhaka,Bangladesh,operating,"8,886.81",0.007275,64.65154275,0.0051,45.322731,0.00345,30.6594945,0.003525,31.32600525,APAD
BKB-2577,23.28370653,90.32591642,ZZ,coal,Dhaka,Bangladesh,operating,"8,886.81",0.007275,64.65154275,0.0051,45.322731,0.00345,30.6594945,0.003525,31.32600525,APAD
BKB-2578,23.9784367,90.20582862,ZZ,coal,Dhaka,Bangladesh,operating,"8,886.81",0.007275,64.65154275,0.0051,45.322731,0.00345,30.6594945,0.003525,31.32600525,APAD
BKB-2579,22.88719256,90.43790558,ZZ,coal,Barisal,Bangladesh,operating,"8,886.81",0.007275,64.65154275,0.0051,45.322731,0.00345,30.6594945,0.003525,31.32600525,APAD
BKB-2580,23.04802836,88.99859593,ZZ,coal,Khulna,Bangladesh,operating,"8,886.81",0.007275,64.65154275,0.0051,45.322731,0.00345,30.6594945,0.003525,31.32600525,APAD
BKB-2581,23.398385,89.61545856,ZZ,coal,Dhaka,Bangladesh,operating,"8,886.81",0.007275,64.65154275,0.0051,45.322731,0.00345,30.6594945,0.003525,31.32600525,APAD
BKB-2582,23.68134811,90.16985057,ZZ,coal,Dhaka,Bangladesh,operating,"8,886.81",0.007275,64.65154275,0.0051,45.322731,0.00345,30.6594945,0.003525,31.32600525,APAD
BKB-2583,22.83245921,89.35154451,ZZ,coal,Khulna,Bangladesh,operating,"8,886.81",0.007275,64.65154275,0.0051,45.322731,0.00345,30.6594945,0.003525,31.32600525,APAD
BKB-2584,22.85037208,89.31018909,ZZ,coal,Khulna,Bangladesh,operating,"8,886.81",0.007275,64.65154275,0.0051,45.322731,0.00345,30.6594945,0.003525,31.32600525,APAD
BKB-2585,22.48578884,89.11683476,ZZ,coal,Khulna,Bangladesh,operating,"8,886.81",0.007275,64.65154275,0.0051,45.322731,0.00345,30.6594945,0.003525,31.32600525,APAD
BKB-2586,24.1870577,89.003641,ZZ,coal,Rajshahi,Bangladesh,operating,"8,886.81",0.007275,64.65154275,0.0051,45.322731,0.00345,30.6594945,0.003525,31.32600525,APAD
BKB-2587,23.96814288,89.40744295,ZZ,coal,Rajshahi,Bangladesh,operating,"8,886.81",0.007275,64.65154275,0.0051,45.322731,0.00345,30.6594945,0.003525,31.32600525,APAD
BKB-2588,24.11539511,90.17581105,ZZ,coal,Dhaka,Bangladesh,operating,"8,886.81",0.007275,64.65154275,0.0051,45.322731,0.00345,30.6594945,0.003525,31.32600525,APAD
BKB-2589,24.11721689,90.1753488,ZZ,coal,Dhaka,Bangladesh,operating,"8,886.81",0.007275,64.65154275,0.0051,45.322731,0.00345,30.6594945,0.003525,31.32600525,APAD
BKB-2590,24.11733897,90.17710105,ZZ,coal,Dhaka,Bangladesh,operating,"8,886.81",0.007275,64.65154275,0.0051,45.322731,0.00345,30.6594945,0.003525,31.32600525,APAD
BKB-2591,22.9590972,90.56248878,ZZ,coal,Barisal,Bangladesh,operating,"8,886.81",0.007275,64.65154275,0.0051,45.322731,0.00345,30.6594945,0.003525,31.32600525,APAD
BKB-2592,24.37357703,88.89727018,ZZ,coal,Rajshahi,Bangladesh,operating,"8,886.81",0.007275,64.65154275,0.0051,45.322731,0.00345,30.6594945,0.003525,31.32600525,APAD
BKB-2593,24.37105095,88.90028555,ZZ,coal,Rajshahi,Bangladesh,operating,"8,886.81",0.007275,64.65154275,0.0051,45.322731,0.00345,30.6594945,0.003525,31.32600525,APAD
BKB-2594,23.61434868,89.30768185,ZZ,coal,Khulna,Bangladesh,operating,"8,886.81",0.007275,64.65154275,0.0051,45.322731,0.00345,30.6594945,0.003525,31.32600525,APAD
BKB-2595,22.81607748,89.58707159,ZZ,coal,Khulna,Bangladesh,operating,"8,886.81",0.007275,64.65154275,0.0051,45.322731,0.00345,30.6594945,0.003525,31.32600525,APAD
BKB-2596,22.81859484,89.60044378,ZZ,coal,Khulna,Bangladesh,operating,"8,886.81",0.007275,64.65154275,0.0051,45.322731,0.00345,30.6594945,0.003525,31.32600525,APAD
BKB-2597,23.22234434,90.3390832,ZZ,coal,Dhaka,Bangladesh,operating,"8,886.81",0.007275,64.65154275,0.0051,45.322731,0.00345,30.6594945,0.003525,31.32600525,APAD
BKB-2598,23.22215652,90.33601407,ZZ,coal,Dhaka,Bangladesh,operating,"8,886.81",0.007275,64.65154275,0.0051,45.322731,0.00345,30.6594945,0.003525,31.32600525,APAD
BKB-2599,22.81715954,89.61595089,ZZ,coal,Khulna,Bangladesh,operating,"8,886.81",0.007275,64.65154275,0.0051,45.322731,0.00345,30.6594945,0.003525,31.32600525,APAD
BKB-2600,22.81781219,89.61707965,ZZ,coal,Khulna,Bangladesh,operating,"8,886.81",0.007275,64.65154275,0.0051,45.322731,0.00345,30.6594945,0.003525,31.32600525,APAD
BKB-2601,22.81640359,89.6165744,ZZ,coal,Khulna,Bangladesh,operating,"8,886.81",0.007275,64.65154275,0.0051,45.322731,0.00345,30.6594945,0.003525,31.32600525,APAD
BKB-2602,23.19307468,90.3800637,ZZ,coal,Dhaka,Bangladesh,operating,"8,886.81",0.007275,64.65154275,0.0051,45.322731,0.00345,30.6594945,0.003525,31.32600525,APAD
BKB-2603,24.44074395,89.6315157,ZZ,coal,Rajshahi,Bangladesh,operating,"8,886.81",0.007275,64.65154275,0.0051,45.322731,0.00345,30.6594945,0.003525,31.32600525,APAD
BKB-2604,23.53659628,90.22495235,ZZ,coal,Dhaka,Bangladesh,operating,"8,886.81",0.007275,64.65154275,0.0051,45.322731,0.00345,30.6594945,0.003525,31.32600525,APAD
BKB-2605,23.53847435,89.23040789,ZZ,coal,Khulna,Bangladesh,operating,"8,886.81",0.007275,64.65154275,0.0051,45.322731,0.00345,30.6594945,0.003525,31.32600525,APAD
BKB-2606,22.82005371,89.64408844,ZZ,coal,Khulna,Bangladesh,operating,"8,886.81",0.007275,64.65154275,0.0051,45.322731,0.00345,30.6594945,0.003525,31.32600525,APAD
BKB-2607,24.10310714,89.88753993,ZZ,coal,Dhaka,Bangladesh,operating,"8,886.81",0.007275,64.65154275,0.0051,45.322731,0.00345,30.6594945,0.003525,31.32600525,APAD
BKB-2608,22.54859031,89.15133683,ZZ,coal,Khulna,Bangladesh,operating,"8,886.81",0.007275,64.65154275,0.0051,45.322731,0.00345,30.6594945,0.003525,31.32600525,APAD
BKB-2609,22.81369993,89.45279317,ZZ,coal,Khulna,Bangladesh,operating,"8,886.81",0.007275,64.65154275,0.0051,45.322731,0.00345,30.6594945,0.003525,31.32600525,APAD
BKB-2610,22.81401451,89.45403479,ZZ,coal,Khulna,Bangladesh,operating,"8,886.81",0.007275,64.65154275,0.0051,45.322731,0.00345,30.6594945,0.003525,31.32600525,APAD
BKB-2611,23.18744108,90.20804378,ZZ,coal,Dhaka,Bangladesh,operating,"8,886.81",0.007275,64.65154275,0.0051,45.322731,0.00345,30.6594945,0.003525,31.32600525,APAD
BKB-2612,23.18744578,90.2079309,ZZ,coal,Dhaka,Bangladesh,operating,"8,886.81",0.007275,64.65154275,0.0051,45.322731,0.00345,30.6594945,0.003525,31.32600525,APAD
BKB-2613,23.79236183,90.31596927,ZZ,coal,Dhaka,Bangladesh,operating,"8,886.81",0.007275,64.65154275,0.0051,45.322731,0.00345,30.6594945,0.003525,31.32600525,APAD
BKB-2614,23.66583863,90.22694412,ZZ,coal,Dhaka,Bangladesh,operating,"8,886.81",0.007275,64.65154275,0.0051,45.322731,0.00345,30.6594945,0.003525,31.32600525,APAD
BKB-2615,22.79313512,88.98786161,ZZ,coal,Khulna,Bangladesh,operating,"8,886.81",0.007275,64.65154275,0.0051,45.322731,0.00345,30.6594945,0.003525,31.32600525,APAD
BKB-2616,24.36316542,89.67150414,ZZ,coal,Rajshahi,Bangladesh,operating,"8,886.81",0.007275,64.65154275,0.0051,45.322731,0.00345,30.6594945,0.003525,31.32600525,APAD
BKB-2617,23.09587695,90.32213065,ZZ,coal,Dhaka,Bangladesh,operating,"8,886.81",0.007275,64.65154275,0.0051,45.322731,0.00345,30.6594945,0.003525,31.32600525,APAD
BKB-2618,23.00527423,88.99150146,ZZ,coal,Khulna,Bangladesh,operating,"8,886.81",0.007275,64.65154275,0.0051,45.322731,0.00345,30.6594945,0.003525,31.32600525,APAD
BKB-2619,23.0034055,88.98989433,ZZ,coal,Khulna,Bangladesh,operating,"8,886.81",0.007275,64.65154275,0.0051,45.322731,0.00345,30.6594945,0.003525,31.32600525,APAD
BKB-2620,23.00576255,88.98991583,ZZ,coal,Khulna,Bangladesh,operating,"8,886.81",0.007275,64.65154275,0.0051,45.322731,0.00345,30.6594945,0.003525,31.32600525,APAD
BKB-2621,22.55296306,89.2379879,ZZ,coal,Khulna,Bangladesh,operating,"8,886.81",0.007275,64.65154275,0.0051,45.322731,0.00345,30.6594945,0.003525,31.32600525,APAD
BKB-2622,23.68038334,88.64930737,ZZ,coal,Khulna,Bangladesh,operating,"8,886.81",0.007275,64.65154275,0.0051,45.322731,0.00345,30.6594945,0.003525,31.32600525,APAD
BKB-2623,22.96828694,90.50317478,ZZ,coal,Barisal,Bangladesh,operating,"8,886.81",0.007275,64.65154275,0.0051,45.322731,0.00345,30.6594945,0.003525,31.32600525,APAD
BKB-2624,23.75661966,90.11584301,ZZ,coal,Dhaka,Bangladesh,operating,"8,886.81",0.007275,64.65154275,0.0051,45.322731,0.00345,30.6594945,0.003525,31.32600525,APAD
BKB-2625,22.94586015,89.47828605,ZZ,coal,Khulna,Bangladesh,operating,"8,886.81",0.007275,64.65154275,0.0051,45.322731,0.00345,30.6594945,0.003525,31.32600525,APAD
BKB-2626,22.63009519,88.99076892,ZZ,coal,Khulna,Bangladesh,operating,"8,886.81",0.007275,64.65154275,0.0051,45.322731,0.00345,30.6594945,0.003525,31.32600525,APAD
BKB-2627,23.6832845,89.1791898,ZZ,coal,Khulna,Bangladesh,operating,"8,886.81",0.007275,64.65154275,0.0051,45.322731,0.00345,30.6594945,0.003525,31.32600525,APAD
BKB-2628,22.55333495,89.1837269,ZZ,coal,Khulna,Bangladesh,operating,"8,886.81",0.007275,64.65154275,0.0051,45.322731,0.00345,30.6594945,0.003525,31.32600525,APAD
BKB-2629,24.10936756,89.88384617,ZZ,coal,Dhaka,Bangladesh,operating,"8,886.81",0.007275,64.65154275,0.0051,45.322731,0.00345,30.6594945,0.003525,31.32600525,APAD
BKB-2630,24.04012611,89.91131644,ZZ,coal,Dhaka,Bangladesh,operating,"8,886.81",0.007275,64.65154275,0.0051,45.322731,0.00345,30.6594945,0.003525,31.32600525,APAD
BKB-2631,23.1638727,90.23609076,ZZ,coal,Dhaka,Bangladesh,operating,"8,886.81",0.007275,64.65154275,0.0051,45.322731,0.00345,30.6594945,0.003525,31.32600525,APAD
BKB-2632,23.79854935,88.90486177,ZZ,coal,Khulna,Bangladesh,operating,"8,886.81",0.007275,64.65154275,0.0051,45.322731,0.00345,30.6594945,0.003525,31.32600525,APAD
BKB-2633,22.65679746,89.29376634,ZZ,coal,Khulna,Bangladesh,operating,"8,886.81",0.007275,64.65154275,0.0051,45.322731,0.00345,30.6594945,0.003525,31.32600525,APAD
BKB-2634,23.63761581,90.44171916,ZZ,coal,Dhaka,Bangladesh,operating,"8,886.81",0.007275,64.65154275,0.0051,45.322731,0.00345,30.6594945,0.003525,31.32600525,APAD
BKB-2635,23.7346643,89.62444416,ZZ,coal,Dhaka,Bangladesh,operating,"8,886.81",0.007275,64.65154275,0.0051,45.322731,0.00345,30.6594945,0.003525,31.32600525,APAD
BKB-2636,23.78095433,90.32202933,ZZ,coal,Dhaka,Bangladesh,operating,"8,886.81",0.007275,64.65154275,0.0051,45.322731,0.00345,30.6594945,0.003525,31.32600525,APAD
BKB-2637,23.36874424,90.05859719,ZZ,coal,Dhaka,Bangladesh,operating,"8,886.81",0.007275,64.65154275,0.0051,45.322731,0.00345,30.6594945,0.003525,31.32600525,APAD
BKB-2638,23.00262348,89.06851491,ZZ,coal,Khulna,Bangladesh,operating,"8,886.81",0.007275,64.65154275,0.0051,45.322731,0.00345,30.6594945,0.003525,31.32600525,APAD
BKB-2639,23.22357904,89.99085424,ZZ,coal,Dhaka,Bangladesh,operating,"8,886.81",0.007275,64.65154275,0.0051,45.322731,0.00345,30.6594945,0.003525,31.32600525,APAD
BKB-2640,23.29063545,90.26849218,ZZ,coal,Dhaka,Bangladesh,operating,"8,886.81",0.007275,64.65154275,0.0051,45.322731,0.00345,30.6594945,0.003525,31.32600525,APAD
BKB-2641,23.85805462,88.75661605,ZZ,coal,Khulna,Bangladesh,operating,"8,886.81",0.007275,64.65154275,0.0051,45.322731,0.00345,30.6594945,0.003525,31.32600525,APAD
BKB-2642,22.68425147,89.52761209,ZZ,coal,Khulna,Bangladesh,operating,"8,886.81",0.007275,64.65154275,0.0051,45.322731,0.00345,30.6594945,0.003525,31.32600525,APAD
BKB-2643,22.81692118,89.6367032,ZZ,coal,Khulna,Bangladesh,operating,"8,886.81",0.007275,64.65154275,0.0051,45.322731,0.00345,30.6594945,0.003525,31.32600525,APAD
BKB-2644,23.2080032,89.80292429,ZZ,coal,Dhaka,Bangladesh,operating,"8,886.81",0.007275,64.65154275,0.0051,45.322731,0.00345,30.6594945,0.003525,31.32600525,APAD
BKB-2645,23.90732533,90.14371221,ZZ,coal,Dhaka,Bangladesh,operating,"8,886.81",0.007275,64.65154275,0.0051,45.322731,0.00345,30.6594945,0.003525,31.32600525,APAD
BKB-2646,23.90704831,90.14516346,ZZ,coal,Dhaka,Bangladesh,operating,"8,886.81",0.007275,64.65154275,0.0051,45.322731,0.00345,30.6594945,0.003525,31.32600525,APAD
BKB-2647,23.9048509,90.14471733,ZZ,coal,Dhaka,Bangladesh,operating,"8,886.81",0.007275,64.65154275,0.0051,45.322731,0.00345,30.6594945,0.003525,31.32600525,APAD
BKB-2648,22.9752323,89.79701592,ZZ,coal,Dhaka,Bangladesh,operating,"8,886.81",0.007275,64.65154275,0.0051,45.322731,0.00345,30.6594945,0.003525,31.32600525,APAD
BKB-2649,23.10551386,89.93830888,ZZ,coal,Dhaka,Bangladesh,operating,"8,886.81",0.007275,64.65154275,0.0051,45.322731,0.00345,30.6594945,0.003525,31.32600525,APAD
BKB-2650,22.68120386,89.1001619,ZZ,coal,Khulna,Bangladesh,operating,"8,886.81",0.007275,64.65154275,0.0051,45.322731,0.00345,30.6594945,0.003525,31.32600525,APAD
BKB-2651,22.66602949,89.01430086,ZZ,coal,Khulna,Bangladesh,operating,"8,886.81",0.007275,64.65154275,0.0051,45.322731,0.00345,30.6594945,0.003525,31.32600525,APAD
BKB-2652,23.78102087,90.08810818,ZZ,coal,Dhaka,Bangladesh,operating,"8,886.81",0.007275,64.65154275,0.0051,45.322731,0.00345,30.6594945,0.003525,31.32600525,APAD
BKB-2653,23.78528422,90.08298581,ZZ,coal,Dhaka,Bangladesh,operating,"8,886.81",0.007275,64.65154275,0.0051,45.322731,0.00345,30.6594945,0.003525,31.32600525,APAD
BKB-2654,23.7865003,90.08845756,ZZ,coal,Dhaka,Bangladesh,operating,"8,886.81",0.007275,64.65154275,0.0051,45.322731,0.00345,30.6594945,0.003525,31.32600525,APAD
BKB-2655,24.002057,89.19735327,ZZ,coal,Rajshahi,Bangladesh,operating,"8,886.81",0.007275,64.65154275,0.0051,45.322731,0.00345,30.6594945,0.003525,31.32600525,APAD
BKB-2656,23.12837472,89.26818167,ZZ,coal,Khulna,Bangladesh,operating,"8,886.81",0.007275,64.65154275,0.0051,45.322731,0.00345,30.6594945,0.003525,31.32600525,APAD
BKB-2657,23.51421022,89.19959415,ZZ,coal,Khulna,Bangladesh,operating,"8,886.81",0.007275,64.65154275,0.0051,45.322731,0.00345,30.6594945,0.003525,31.32600525,APAD
BKB-2658,23.02660549,89.75197809,ZZ,coal,Khulna,Bangladesh,operating,"8,886.81",0.007275,64.65154275,0.0051,45.322731,0.00345,30.6594945,0.003525,31.32600525,APAD
BKB-2659,23.0244973,89.75174159,ZZ,coal,Khulna,Bangladesh,operating,"8,886.81",0.007275,64.65154275,0.0051,45.322731,0.00345,30.6594945,0.003525,31.32600525,APAD
BKB-2660,23.02528611,89.7520426,ZZ,coal,Khulna,Bangladesh,operating,"8,886.81",0.007275,64.65154275,0.0051,45.322731,0.00345,30.6594945,0.003525,31.32600525,APAD
BKB-2661,23.85879197,89.19394619,ZZ,coal,Khulna,Bangladesh,operating,"8,886.81",0.007275,64.65154275,0.0051,45.322731,0.00345,30.6594945,0.003525,31.32600525,APAD
BKB-2662,23.01314562,89.39311814,ZZ,coal,Khulna,Bangladesh,operating,"8,886.81",0.007275,64.65154275,0.0051,45.322731,0.00345,30.6594945,0.003525,31.32600525,APAD
BKB-2663,23.09117438,89.3182237,ZZ,coal,Khulna,Bangladesh,operating,"8,886.81",0.007275,64.65154275,0.0051,45.322731,0.00345,30.6594945,0.003525,31.32600525,APAD
BKB-2664,22.75212979,89.05507243,ZZ,coal,Khulna,Bangladesh,operating,"8,886.81",0.007275,64.65154275,0.0051,45.322731,0.00345,30.6594945,0.003525,31.32600525,APAD
BKB-2665,23.61574103,90.38773182,ZZ,coal,Dhaka,Bangladesh,operating,"8,886.81",0.007275,64.65154275,0.0051,45.322731,0.00345,30.6594945,0.003525,31.32600525,APAD
BKB-2666,23.61614952,90.38673207,ZZ,coal,Dhaka,Bangladesh,operating,"8,886.81",0.007275,64.65154275,0.0051,45.322731,0.00345,30.6594945,0.003525,31.32600525,APAD
BKB-2667,23.34333916,90.29980919,ZZ,coal,Dhaka,Bangladesh,operating,"8,886.81",0.007275,64.65154275,0.0051,45.322731,0.00345,30.6594945,0.003525,31.32600525,APAD
BKB-2668,23.28874964,89.66229651,ZZ,coal,Dhaka,Bangladesh,operating,"8,886.81",0.007275,64.65154275,0.0051,45.322731,0.00345,30.6594945,0.003525,31.32600525,APAD
BKB-2669,23.62448287,90.3895204,ZZ,coal,Dhaka,Bangladesh,operating,"8,886.81",0.007275,64.65154275,0.0051,45.322731,0.00345,30.6594945,0.003525,31.32600525,APAD
BKB-2670,23.62582573,90.38809065,ZZ,coal,Dhaka,Bangladesh,operating,"8,886.81",0.007275,64.65154275,0.0051,45.322731,0.00345,30.6594945,0.003525,31.32600525,APAD
BKB-2671,23.0983344,90.441821,ZZ,coal,Dhaka,Bangladesh,operating,"8,886.81",0.007275,64.65154275,0.0051,45.322731,0.00345,30.6594945,0.003525,31.32600525,APAD
BKB-2672,23.43073764,89.16176484,ZZ,coal,Khulna,Bangladesh,operating,"8,886.81",0.007275,64.65154275,0.0051,45.322731,0.00345,30.6594945,0.003525,31.32600525,APAD
BKB-2673,23.25132705,88.77702209,ZZ,coal,Khulna,Bangladesh,operating,"8,886.81",0.007275,64.65154275,0.0051,45.322731,0.00345,30.6594945,0.003525,31.32600525,APAD
BKB-2674,22.99634038,89.80797163,ZZ,coal,Dhaka,Bangladesh,operating,"8,886.81",0.007275,64.65154275,0.0051,45.322731,0.00345,30.6594945,0.003525,31.32600525,APAD
BKB-2675,23.03598262,89.00086939,ZZ,coal,Khulna,Bangladesh,operating,"8,886.81",0.007275,64.65154275,0.0051,45.322731,0.00345,30.6594945,0.003525,31.32600525,APAD
BKB-2676,23.03693577,88.99685426,ZZ,coal,Khulna,Bangladesh,operating,"8,886.81",0.007275,64.65154275,0.0051,45.322731,0.00345,30.6594945,0.003525,31.32600525,APAD
BKB-2677,24.92754401,88.51676414,ZZ,coal,Rajshahi,Bangladesh,operating,"8,886.81",0.007275,64.65154275,0.0051,45.322731,0.00345,30.6594945,0.003525,31.32600525,APAD
BKB-2678,24.13966156,90.16591829,ZZ,coal,Dhaka,Bangladesh,operating,"8,886.81",0.007275,64.65154275,0.0051,45.322731,0.00345,30.6594945,0.003525,31.32600525,APAD
BKB-2679,22.80728748,89.35460964,ZZ,coal,Khulna,Bangladesh,operating,"8,886.81",0.007275,64.65154275,0.0051,45.322731,0.00345,30.6594945,0.003525,31.32600525,APAD
BKB-2680,22.82895555,89.46013763,ZZ,coal,Khulna,Bangladesh,operating,"8,886.81",0.007275,64.65154275,0.0051,45.322731,0.00345,30.6594945,0.003525,31.32600525,APAD
BKB-2681,22.82967514,89.46181237,ZZ,coal,Khulna,Bangladesh,operating,"8,886.81",0.007275,64.65154275,0.0051,45.322731,0.00345,30.6594945,0.003525,31.32600525,APAD
BKB-2682,23.71627543,89.32238601,ZZ,coal,Dhaka,Bangladesh,operating,"8,886.81",0.007275,64.65154275,0.0051,45.322731,0.00345,30.6594945,0.003525,31.32600525,APAD
BKB-2683,23.63271887,90.42478937,ZZ,coal,Dhaka,Bangladesh,operating,"8,886.81",0.007275,64.65154275,0.0051,45.322731,0.00345,30.6594945,0.003525,31.32600525,APAD
BKB-2684,23.63230568,90.42613312,ZZ,coal,Dhaka,Bangladesh,operating,"8,886.81",0.007275,64.65154275,0.0051,45.322731,0.00345,30.6594945,0.003525,31.32600525,APAD
BKB-2685,23.62974674,90.42180087,ZZ,coal,Dhaka,Bangladesh,operating,"8,886.81",0.007275,64.65154275,0.0051,45.322731,0.00345,30.6594945,0.003525,31.32600525,APAD
BKB-2686,23.92114072,90.09211556,ZZ,coal,Dhaka,Bangladesh,operating,"8,886.81",0.007275,64.65154275,0.0051,45.322731,0.00345,30.6594945,0.003525,31.32600525,APAD
BKB-2687,23.63856823,90.35247984,ZZ,coal,Dhaka,Bangladesh,operating,"8,886.81",0.007275,64.65154275,0.0051,45.322731,0.00345,30.6594945,0.003525,31.32600525,APAD
BKB-2688,23.91393156,90.1563622,ZZ,coal,Dhaka,Bangladesh,operating,"8,886.81",0.007275,64.65154275,0.0051,45.322731,0.00345,30.6594945,0.003525,31.32600525,APAD
BKB-2689,23.91650929,90.1578672,ZZ,coal,Dhaka,Bangladesh,operating,"8,886.81",0.007275,64.65154275,0.0051,45.322731,0.00345,30.6594945,0.003525,31.32600525,APAD
BKB-2690,23.29588779,90.27042273,ZZ,coal,Dhaka,Bangladesh,operating,"8,886.81",0.007275,64.65154275,0.0051,45.322731,0.00345,30.6594945,0.003525,31.32600525,APAD
BKB-2691,23.64325625,89.80847169,ZZ,coal,Dhaka,Bangladesh,operating,"8,886.81",0.007275,64.65154275,0.0051,45.322731,0.00345,30.6594945,0.003525,31.32600525,APAD
BKB-2692,24.90726075,88.92559845,ZZ,coal,Rajshahi,Bangladesh,operating,"8,886.81",0.007275,64.65154275,0.0051,45.322731,0.00345,30.6594945,0.003525,31.32600525,APAD
BKB-2693,23.84804316,88.72735751,ZZ,coal,Khulna,Bangladesh,operating,"8,886.81",0.007275,64.65154275,0.0051,45.322731,0.00345,30.6594945,0.003525,31.32600525,APAD
BKB-2694,23.11918874,89.2783068,ZZ,coal,Khulna,Bangladesh,operating,"8,886.81",0.007275,64.65154275,0.0051,45.322731,0.00345,30.6594945,0.003525,31.32600525,APAD
BKB-2695,23.27473775,90.17125067,ZZ,coal,Dhaka,Bangladesh,operating,"8,886.81",0.007275,64.65154275,0.0051,45.322731,0.00345,30.6594945,0.003525,31.32600525,APAD
BKB-2696,23.79902675,89.29838709,ZZ,coal,Khulna,Bangladesh,operating,"8,886.81",0.007275,64.65154275,0.0051,45.322731,0.00345,30.6594945,0.003525,31.32600525,APAD
BKB-2697,22.77292931,89.47622241,ZZ,coal,Khulna,Bangladesh,operating,"8,886.81",0.007275,64.65154275,0.0051,45.322731,0.00345,30.6594945,0.003525,31.32600525,APAD
BKB-2698,23.10971778,89.25050133,ZZ,coal,Khulna,Bangladesh,operating,"8,886.81",0.007275,64.65154275,0.0051,45.322731,0.00345,30.6594945,0.003525,31.32600525,APAD
BKB-2699,23.10916373,89.25293083,ZZ,coal,Khulna,Bangladesh,operating,"8,886.81",0.007275,64.65154275,0.0051,45.322731,0.00345,30.6594945,0.003525,31.32600525,APAD
BKB-2700,24.02721861,88.94445373,ZZ,coal,Khulna,Bangladesh,operating,"8,886.81",0.007275,64.65154275,0.0051,45.322731,0.00345,30.6594945,0.003525,31.32600525,APAD
BKB-2701,24.02387555,88.94595873,ZZ,coal,Khulna,Bangladesh,operating,"8,886.81",0.007275,64.65154275,0.0051,45.322731,0.00345,30.6594945,0.003525,31.32600525,APAD
BKB-2702,23.76816163,90.32232681,ZZ,coal,Dhaka,Bangladesh,operating,"8,886.81",0.007275,64.65154275,0.0051,45.322731,0.00345,30.6594945,0.003525,31.32600525,APAD
BKB-2703,23.76566373,90.32501431,ZZ,coal,Dhaka,Bangladesh,operating,"8,886.81",0.007275,64.65154275,0.0051,45.322731,0.00345,30.6594945,0.003525,31.32600525,APAD
BKB-2704,23.79259185,90.32335722,ZZ,coal,Dhaka,Bangladesh,operating,"8,886.81",0.007275,64.65154275,0.0051,45.322731,0.00345,30.6594945,0.003525,31.32600525,APAD
BKB-2705,23.7951508,90.32397534,ZZ,coal,Dhaka,Bangladesh,operating,"8,886.81",0.007275,64.65154275,0.0051,45.322731,0.00345,30.6594945,0.003525,31.32600525,APAD
BKB-2706,22.99057416,89.8054014,ZZ,coal,Dhaka,Bangladesh,operating,"8,886.81",0.007275,64.65154275,0.0051,45.322731,0.00345,30.6594945,0.003525,31.32600525,APAD
BKB-2707,23.62475669,89.83213606,ZZ,coal,Dhaka,Bangladesh,operating,"8,886.81",0.007275,64.65154275,0.0051,45.322731,0.00345,30.6594945,0.003525,31.32600525,APAD
BKB-2708,23.47365913,88.86448215,ZZ,coal,Khulna,Bangladesh,operating,"8,886.81",0.007275,64.65154275,0.0051,45.322731,0.00345,30.6594945,0.003525,31.32600525,APAD
BKB-2709,22.76209788,89.18444261,ZZ,coal,Khulna,Bangladesh,operating,"8,886.81",0.007275,64.65154275,0.0051,45.322731,0.00345,30.6594945,0.003525,31.32600525,APAD
BKB-2710,23.15904609,89.33913075,ZZ,coal,Khulna,Bangladesh,operating,"8,886.81",0.007275,64.65154275,0.0051,45.322731,0.00345,30.6594945,0.003525,31.32600525,APAD
BKB-2711,23.18084373,89.56978965,ZZ,coal,Khulna,Bangladesh,operating,"8,886.81",0.007275,64.65154275,0.0051,45.322731,0.00345,30.6594945,0.003525,31.32600525,APAD
BKB-2712,23.53818143,89.61528412,ZZ,coal,Dhaka,Bangladesh,operating,"8,886.81",0.007275,64.65154275,0.0051,45.322731,0.00345,30.6594945,0.003525,31.32600525,APAD
BKB-2713,23.26211621,90.20534947,ZZ,coal,Dhaka,Bangladesh,operating,"8,886.81",0.007275,64.65154275,0.0051,45.322731,0.00345,30.6594945,0.003525,31.32600525,APAD
BKB-2714,22.97168225,90.45299258,ZZ,coal,Barisal,Bangladesh,operating,"8,886.81",0.007275,64.65154275,0.0051,45.322731,0.00345,30.6594945,0.003525,31.32600525,APAD
BKB-2715,22.97021732,90.45138545,ZZ,coal,Barisal,Bangladesh,operating,"8,886.81",0.007275,64.65154275,0.0051,45.322731,0.00345,30.6594945,0.003525,31.32600525,APAD
BKB-2716,22.70783333,89.11661377,ZZ,coal,Khulna,Bangladesh,operating,"8,886.81",0.007275,64.65154275,0.0051,45.322731,0.00345,30.6594945,0.003525,31.32600525,APAD
BKB-2717,24.58392584,89.45917413,ZZ,coal,Rajshahi,Bangladesh,operating,"8,886.81",0.007275,64.65154275,0.0051,45.322731,0.00345,30.6594945,0.003525,31.32600525,APAD
BKB-2718,23.245235,90.36484219,ZZ,coal,Dhaka,Bangladesh,operating,"8,886.81",0.007275,64.65154275,0.0051,45.322731,0.00345,30.6594945,0.003525,31.32600525,APAD
BKB-2719,23.43402168,89.43624151,ZZ,coal,Khulna,Bangladesh,operating,"8,886.81",0.007275,64.65154275,0.0051,45.322731,0.00345,30.6594945,0.003525,31.32600525,APAD
BKB-2720,23.93702362,90.20741442,ZZ,coal,Dhaka,Bangladesh,operating,"8,886.81",0.007275,64.65154275,0.0051,45.322731,0.00345,30.6594945,0.003525,31.32600525,APAD
BKB-2721,23.30023564,90.39566357,ZZ,coal,Dhaka,Bangladesh,operating,"8,886.81",0.007275,64.65154275,0.0051,45.322731,0.00345,30.6594945,0.003525,31.32600525,APAD
BKB-2722,23.66636488,90.22692394,ZZ,coal,Dhaka,Bangladesh,operating,"8,886.81",0.007275,64.65154275,0.0051,45.322731,0.00345,30.6594945,0.003525,31.32600525,APAD
BKB-2723,22.82033687,89.34444559,ZZ,coal,Khulna,Bangladesh,operating,"8,886.81",0.007275,64.65154275,0.0051,45.322731,0.00345,30.6594945,0.003525,31.32600525,APAD
BKB-2724,22.92564325,89.13969033,ZZ,coal,Khulna,Bangladesh,operating,"8,886.81",0.007275,64.65154275,0.0051,45.322731,0.00345,30.6594945,0.003525,31.32600525,APAD
BKB-2725,23.86792897,90.37811102,ZZ,coal,Dhaka,Bangladesh,operating,"8,886.81",0.007275,64.65154275,0.0051,45.322731,0.00345,30.6594945,0.003525,31.32600525,APAD
BKB-2726,23.80556735,88.71619521,ZZ,coal,Khulna,Bangladesh,operating,"8,886.81",0.007275,64.65154275,0.0051,45.322731,0.00345,30.6594945,0.003525,31.32600525,APAD
BKB-2727,23.17744277,90.23296186,ZZ,coal,Dhaka,Bangladesh,operating,"8,886.81",0.007275,64.65154275,0.0051,45.322731,0.00345,30.6594945,0.003525,31.32600525,APAD
BKB-2728,23.1745082,90.23543437,ZZ,coal,Dhaka,Bangladesh,operating,"8,886.81",0.007275,64.65154275,0.0051,45.322731,0.00345,30.6594945,0.003525,31.32600525,APAD
BKB-2729,23.27486005,88.96711511,ZZ,coal,Khulna,Bangladesh,operating,"8,886.81",0.007275,64.65154275,0.0051,45.322731,0.00345,30.6594945,0.003525,31.32600525,APAD
BKB-2730,23.27349841,88.96462648,ZZ,coal,Khulna,Bangladesh,operating,"8,886.81",0.007275,64.65154275,0.0051,45.322731,0.00345,30.6594945,0.003525,31.32600525,APAD
BKB-2731,23.12690739,89.27546523,ZZ,coal,Khulna,Bangladesh,operating,"8,886.81",0.007275,64.65154275,0.0051,45.322731,0.00345,30.6594945,0.003525,31.32600525,APAD
BKB-2732,22.86767687,89.35595437,ZZ,coal,Khulna,Bangladesh,operating,"8,886.81",0.007275,64.65154275,0.0051,45.322731,0.00345,30.6594945,0.003525,31.32600525,APAD
BKB-2733,23.27246559,89.24683846,ZZ,coal,Khulna,Bangladesh,operating,"8,886.81",0.007275,64.65154275,0.0051,45.322731,0.00345,30.6594945,0.003525,31.32600525,APAD
BKB-2734,23.02975196,89.76023512,ZZ,coal,Dhaka,Bangladesh,operating,"8,886.81",0.007275,64.65154275,0.0051,45.322731,0.00345,30.6594945,0.003525,31.32600525,APAD
BKB-2735,23.76668257,88.83155032,ZZ,coal,Khulna,Bangladesh,operating,"8,886.81",0.007275,64.65154275,0.0051,45.322731,0.00345,30.6594945,0.003525,31.32600525,APAD
BKB-2736,23.77400408,90.21125131,ZZ,coal,Dhaka,Bangladesh,operating,"8,886.81",0.007275,64.65154275,0.0051,45.322731,0.00345,30.6594945,0.003525,31.32600525,APAD
BKB-2737,22.72332891,89.27668947,ZZ,coal,Khulna,Bangladesh,operating,"8,886.81",0.007275,64.65154275,0.0051,45.322731,0.00345,30.6594945,0.003525,31.32600525,APAD
BKB-2738,22.72326787,89.27823747,ZZ,coal,Khulna,Bangladesh,operating,"8,886.81",0.007275,64.65154275,0.0051,45.322731,0.00345,30.6594945,0.003525,31.32600525,APAD
BKB-2739,23.09247614,89.24447652,ZZ,coal,Khulna,Bangladesh,operating,"8,886.81",0.007275,64.65154275,0.0051,45.322731,0.00345,30.6594945,0.003525,31.32600525,APAD
BKB-2740,23.21430697,90.46586484,ZZ,coal,Dhaka,Bangladesh,operating,"8,886.81",0.007275,64.65154275,0.0051,45.322731,0.00345,30.6594945,0.003525,31.32600525,APAD
BKB-2741,25.17630795,89.75222677,ZZ,coal,Mymensingh,Bangladesh,operating,"8,886.81",0.007275,64.65154275,0.0051,45.322731,0.00345,30.6594945,0.003525,31.32600525,APAD
BKB-2742,25.17532194,89.75272127,ZZ,coal,Mymensingh,Bangladesh,operating,"8,886.81",0.007275,64.65154275,0.0051,45.322731,0.00345,30.6594945,0.003525,31.32600525,APAD
BKB-2743,22.74625302,89.19318307,ZZ,coal,Khulna,Bangladesh,operating,"8,886.81",0.007275,64.65154275,0.0051,45.322731,0.00345,30.6594945,0.003525,31.32600525,APAD
BKB-2744,23.00895675,89.76122349,ZZ,coal,Dhaka,Bangladesh,operating,"8,886.81",0.007275,64.65154275,0.0051,45.322731,0.00345,30.6594945,0.003525,31.32600525,APAD
BKB-2745,23.538442,89.23016174,ZZ,coal,Khulna,Bangladesh,operating,"8,886.81",0.007275,64.65154275,0.0051,45.322731,0.00345,30.6594945,0.003525,31.32600525,APAD
BKB-2746,23.08483968,89.86872833,ZZ,coal,Dhaka,Bangladesh,operating,"8,886.81",0.007275,64.65154275,0.0051,45.322731,0.00345,30.6594945,0.003525,31.32600525,APAD
BKB-2747,23.19365103,89.67285336,ZZ,coal,Khulna,Bangladesh,operating,"8,886.81",0.007275,64.65154275,0.0051,45.322731,0.00345,30.6594945,0.003525,31.32600525,APAD
BKB-2748,23.18805244,90.24231525,ZZ,coal,Dhaka,Bangladesh,operating,"8,886.81",0.007275,64.65154275,0.0051,45.322731,0.00345,30.6594945,0.003525,31.32600525,APAD
BKB-2749,25.91281404,88.75285123,ZZ,coal,Rangpur,Bangladesh,operating,"8,886.81",0.007275,64.65154275,0.0051,45.322731,0.00345,30.6594945,0.003525,31.32600525,APAD
BKB-2750,23.87702655,89.17560599,ZZ,coal,Khulna,Bangladesh,operating,"8,886.81",0.007275,64.65154275,0.0051,45.322731,0.00345,30.6594945,0.003525,31.32600525,APAD
BKB-2751,23.24344291,90.34788906,ZZ,coal,Dhaka,Bangladesh,operating,"8,886.81",0.007275,64.65154275,0.0051,45.322731,0.00345,30.6594945,0.003525,31.32600525,APAD
BKB-2752,23.33389753,90.15009672,ZZ,coal,Dhaka,Bangladesh,operating,"8,886.81",0.007275,64.65154275,0.0051,45.322731,0.00345,30.6594945,0.003525,31.32600525,APAD
BKB-2753,23.01484442,88.97185622,ZZ,coal,Khulna,Bangladesh,operating,"8,886.81",0.007275,64.65154275,0.0051,45.322731,0.00345,30.6594945,0.003525,31.32600525,APAD
BKB-2754,23.51830715,89.56306127,ZZ,coal,Dhaka,Bangladesh,operating,"8,886.81",0.007275,64.65154275,0.0051,45.322731,0.00345,30.6594945,0.003525,31.32600525,APAD
BKB-2755,23.73643336,90.18310111,ZZ,coal,Dhaka,Bangladesh,operating,"8,886.81",0.007275,64.65154275,0.0051,45.322731,0.00345,30.6594945,0.003525,31.32600525,APAD
BKB-2756,23.04114139,89.53686101,ZZ,coal,Khulna,Bangladesh,operating,"8,886.81",0.007275,64.65154275,0.0051,45.322731,0.00345,30.6594945,0.003525,31.32600525,APAD
BKB-2757,23.18413749,90.23829403,ZZ,coal,Dhaka,Bangladesh,operating,"8,886.81",0.007275,64.65154275,0.0051,45.322731,0.00345,30.6594945,0.003525,31.32600525,APAD
BKB-2758,23.18059253,90.23775115,ZZ,coal,Dhaka,Bangladesh,operating,"8,886.81",0.007275,64.65154275,0.0051,45.322731,0.00345,30.6594945,0.003525,31.32600525,APAD
BKB-2759,23.18471971,90.23817041,ZZ,coal,Dhaka,Bangladesh,operating,"8,886.81",0.007275,64.65154275,0.0051,45.322731,0.00345,30.6594945,0.003525,31.32600525,APAD
BKB-2760,23.18195886,90.23896053,ZZ,coal,Dhaka,Bangladesh,operating,"8,886.81",0.007275,64.65154275,0.0051,45.322731,0.00345,30.6594945,0.003525,31.32600525,APAD
BKB-2761,23.18020751,90.2360419,ZZ,coal,Dhaka,Bangladesh,operating,"8,886.81",0.007275,64.65154275,0.0051,45.322731,0.00345,30.6594945,0.003525,31.32600525,APAD
BKB-2762,22.96752093,89.47117292,ZZ,coal,Khulna,Bangladesh,operating,"8,886.81",0.007275,64.65154275,0.0051,45.322731,0.00345,30.6594945,0.003525,31.32600525,APAD
BKB-2763,23.12149435,89.05594045,ZZ,coal,Khulna,Bangladesh,operating,"8,886.81",0.007275,64.65154275,0.0051,45.322731,0.00345,30.6594945,0.003525,31.32600525,APAD
BKB-2764,23.09654707,89.08339785,ZZ,coal,Khulna,Bangladesh,operating,"8,886.81",0.007275,64.65154275,0.0051,45.322731,0.00345,30.6594945,0.003525,31.32600525,APAD
BKB-2765,23.09806119,90.32696504,ZZ,coal,Dhaka,Bangladesh,operating,"8,886.81",0.007275,64.65154275,0.0051,45.322731,0.00345,30.6594945,0.003525,31.32600525,APAD
BKB-2766,23.9440941,90.1529464,ZZ,coal,Dhaka,Bangladesh,operating,"8,886.81",0.007275,64.65154275,0.0051,45.322731,0.00345,30.6594945,0.003525,31.32600525,APAD
BKB-2767,23.94742777,90.15437077,ZZ,coal,Dhaka,Bangladesh,operating,"8,886.81",0.007275,64.65154275,0.0051,45.322731,0.00345,30.6594945,0.003525,31.32600525,APAD
BKB-2768,23.94741838,90.15447289,ZZ,coal,Dhaka,Bangladesh,operating,"8,886.81",0.007275,64.65154275,0.0051,45.322731,0.00345,30.6594945,0.003525,31.32600525,APAD
BKB-2769,23.12193744,89.12605207,ZZ,coal,Khulna,Bangladesh,operating,"8,886.81",0.007275,64.65154275,0.0051,45.322731,0.00345,30.6594945,0.003525,31.32600525,APAD
BKB-2770,23.09259967,90.31836823,ZZ,coal,Dhaka,Bangladesh,operating,"8,886.81",0.007275,64.65154275,0.0051,45.322731,0.00345,30.6594945,0.003525,31.32600525,APAD
BKB-2771,22.90063598,88.98738481,ZZ,coal,Khulna,Bangladesh,operating,"8,886.81",0.007275,64.65154275,0.0051,45.322731,0.00345,30.6594945,0.003525,31.32600525,APAD
BKB-2772,23.63092544,90.42913891,ZZ,coal,Dhaka,Bangladesh,operating,"8,886.81",0.007275,64.65154275,0.0051,45.322731,0.00345,30.6594945,0.003525,31.32600525,APAD
BKB-2773,23.63392105,90.42724691,ZZ,coal,Dhaka,Bangladesh,operating,"8,886.81",0.007275,64.65154275,0.0051,45.322731,0.00345,30.6594945,0.003525,31.32600525,APAD
BKB-2774,23.74759192,90.20213927,ZZ,coal,Dhaka,Bangladesh,operating,"8,886.81",0.007275,64.65154275,0.0051,45.322731,0.00345,30.6594945,0.003525,31.32600525,APAD
BKB-2775,23.39978229,89.10874535,ZZ,coal,Khulna,Bangladesh,operating,"8,886.81",0.007275,64.65154275,0.0051,45.322731,0.00345,30.6594945,0.003525,31.32600525,APAD
BKB-2776,23.40031286,89.1087561,ZZ,coal,Khulna,Bangladesh,operating,"8,886.81",0.007275,64.65154275,0.0051,45.322731,0.00345,30.6594945,0.003525,31.32600525,APAD
BKB-2777,23.6006954,88.68855493,ZZ,coal,Khulna,Bangladesh,operating,"8,886.81",0.007275,64.65154275,0.0051,45.322731,0.00345,30.6594945,0.003525,31.32600525,APAD
BKB-2778,23.62568248,90.42012838,ZZ,coal,Dhaka,Bangladesh,operating,"8,886.81",0.007275,64.65154275,0.0051,45.322731,0.00345,30.6594945,0.003525,31.32600525,APAD
BKB-2779,23.62472463,90.42162801,ZZ,coal,Dhaka,Bangladesh,operating,"8,886.81",0.007275,64.65154275,0.0051,45.322731,0.00345,30.6594945,0.003525,31.32600525,APAD
BKB-2780,23.62427388,90.41697864,ZZ,coal,Dhaka,Bangladesh,operating,"8,886.81",0.007275,64.65154275,0.0051,45.322731,0.00345,30.6594945,0.003525,31.32600525,APAD
BKB-2781,23.35402661,90.00636687,ZZ,coal,Dhaka,Bangladesh,operating,"8,886.81",0.007275,64.65154275,0.0051,45.322731,0.00345,30.6594945,0.003525,31.32600525,APAD
BKB-2782,23.60662373,89.73751637,ZZ,coal,Dhaka,Bangladesh,operating,"8,886.81",0.007275,64.65154275,0.0051,45.322731,0.00345,30.6594945,0.003525,31.32600525,APAD
BKB-2783,24.97502799,89.36942722,ZZ,coal,Rajshahi,Bangladesh,operating,"8,886.81",0.007275,64.65154275,0.0051,45.322731,0.00345,30.6594945,0.003525,31.32600525,APAD
BKB-2784,24.97589192,89.36558946,ZZ,coal,Rajshahi,Bangladesh,operating,"8,886.81",0.007275,64.65154275,0.0051,45.322731,0.00345,30.6594945,0.003525,31.32600525,APAD
BKB-2785,23.92465193,90.10642404,ZZ,coal,Dhaka,Bangladesh,operating,"8,886.81",0.007275,64.65154275,0.0051,45.322731,0.00345,30.6594945,0.003525,31.32600525,APAD
BKB-2786,22.93297984,89.81481119,ZZ,coal,Khulna,Bangladesh,operating,"8,886.81",0.007275,64.65154275,0.0051,45.322731,0.00345,30.6594945,0.003525,31.32600525,APAD
BKB-2787,23.42251779,89.67198287,ZZ,coal,Dhaka,Bangladesh,operating,"8,886.81",0.007275,64.65154275,0.0051,45.322731,0.00345,30.6594945,0.003525,31.32600525,APAD
BKB-2788,23.80826997,90.10586559,ZZ,coal,Dhaka,Bangladesh,operating,"8,886.81",0.007275,64.65154275,0.0051,45.322731,0.00345,30.6594945,0.003525,31.32600525,APAD
BKB-2789,22.96407796,88.96401196,ZZ,coal,Khulna,Bangladesh,operating,"8,886.81",0.007275,64.65154275,0.0051,45.322731,0.00345,30.6594945,0.003525,31.32600525,APAD
BKB-2790,23.03077044,89.60056473,ZZ,coal,Khulna,Bangladesh,operating,"8,886.81",0.007275,64.65154275,0.0051,45.322731,0.00345,30.6594945,0.003525,31.32600525,APAD
BKB-2791,23.55584609,88.84730536,ZZ,coal,Khulna,Bangladesh,operating,"8,886.81",0.007275,64.65154275,0.0051,45.322731,0.00345,30.6594945,0.003525,31.32600525,APAD
BKB-2792,23.01889116,88.89592971,ZZ,coal,Khulna,Bangladesh,operating,"8,886.81",0.007275,64.65154275,0.0051,45.322731,0.00345,30.6594945,0.003525,31.32600525,APAD
BKB-2793,23.482043,90.04098255,ZZ,coal,Dhaka,Bangladesh,operating,"8,886.81",0.007275,64.65154275,0.0051,45.322731,0.00345,30.6594945,0.003525,31.32600525,APAD
BKB-2794,23.88119346,90.15225776,ZZ,coal,Dhaka,Bangladesh,operating,"8,886.81",0.007275,64.65154275,0.0051,45.322731,0.00345,30.6594945,0.003525,31.32600525,APAD
BKB-2795,23.3232676,89.23375439,ZZ,coal,Khulna,Bangladesh,operating,"8,886.81",0.007275,64.65154275,0.0051,45.322731,0.00345,30.6594945,0.003525,31.32600525,APAD
BKB-2796,25.29429869,89.42145417,ZZ,coal,Rangpur,Bangladesh,operating,"8,886.81",0.007275,64.65154275,0.0051,45.322731,0.00345,30.6594945,0.003525,31.32600525,APAD
BKB-2797,24.75993328,88.68408545,ZZ,coal,Rajshahi,Bangladesh,operating,"8,886.81",0.007275,64.65154275,0.0051,45.322731,0.00345,30.6594945,0.003525,31.32600525,APAD
BKB-2798,23.00517906,89.79888351,ZZ,coal,Dhaka,Bangladesh,operating,"8,886.81",0.007275,64.65154275,0.0051,45.322731,0.00345,30.6594945,0.003525,31.32600525,APAD
BKB-2799,24.24605545,90.1079883,ZZ,coal,Dhaka,Bangladesh,operating,"8,886.81",0.007275,64.65154275,0.0051,45.322731,0.00345,30.6594945,0.003525,31.32600525,APAD
BKB-2800,24.2477082,90.10782167,ZZ,coal,Dhaka,Bangladesh,operating,"8,886.81",0.007275,64.65154275,0.0051,45.322731,0.00345,30.6594945,0.003525,31.32600525,APAD
BKB-2801,22.86038351,89.35881492,ZZ,coal,Khulna,Bangladesh,operating,"8,886.81",0.007275,64.65154275,0.0051,45.322731,0.00345,30.6594945,0.003525,31.32600525,APAD
BKB-2802,22.96326664,89.00306832,ZZ,coal,Khulna,Bangladesh,operating,"8,886.81",0.007275,64.65154275,0.0051,45.322731,0.00345,30.6594945,0.003525,31.32600525,APAD
BKB-2803,22.98450633,89.65712983,ZZ,coal,Khulna,Bangladesh,operating,"8,886.81",0.007275,64.65154275,0.0051,45.322731,0.00345,30.6594945,0.003525,31.32600525,APAD
BKB-2804,22.93273372,88.99621912,ZZ,coal,Khulna,Bangladesh,operating,"8,886.81",0.007275,64.65154275,0.0051,45.322731,0.00345,30.6594945,0.003525,31.32600525,APAD
BKB-2805,23.40296876,89.67488959,ZZ,coal,Dhaka,Bangladesh,operating,"8,886.81",0.007275,64.65154275,0.0051,45.322731,0.00345,30.6594945,0.003525,31.32600525,APAD
BKB-2806,23.91532082,90.16542784,ZZ,coal,Dhaka,Bangladesh,operating,"8,886.81",0.007275,64.65154275,0.0051,45.322731,0.00345,30.6594945,0.003525,31.32600525,APAD
BKB-2807,23.91610493,90.16718009,ZZ,coal,Dhaka,Bangladesh,operating,"8,886.81",0.007275,64.65154275,0.0051,45.322731,0.00345,30.6594945,0.003525,31.32600525,APAD
BKB-2808,23.91896907,90.16571809,ZZ,coal,Dhaka,Bangladesh,operating,"8,886.81",0.007275,64.65154275,0.0051,45.322731,0.00345,30.6594945,0.003525,31.32600525,APAD
BKB-2809,23.91955129,90.16778209,ZZ,coal,Dhaka,Bangladesh,operating,"8,886.81",0.007275,64.65154275,0.0051,45.322731,0.00345,30.6594945,0.003525,31.32600525,APAD
BKB-2810,23.6147729,90.41852126,ZZ,coal,Dhaka,Bangladesh,operating,"8,886.81",0.007275,64.65154275,0.0051,45.322731,0.00345,30.6594945,0.003525,31.32600525,APAD
BKB-2811,23.61432216,90.42086476,ZZ,coal,Dhaka,Bangladesh,operating,"8,886.81",0.007275,64.65154275,0.0051,45.322731,0.00345,30.6594945,0.003525,31.32600525,APAD
BKB-2812,23.61516262,90.41738713,ZZ,coal,Dhaka,Bangladesh,operating,"8,886.81",0.007275,64.65154275,0.0051,45.322731,0.00345,30.6594945,0.003525,31.32600525,APAD
BKB-2813,23.087154,89.21062339,ZZ,coal,Khulna,Bangladesh,operating,"8,886.81",0.007275,64.65154275,0.0051,45.322731,0.00345,30.6594945,0.003525,31.32600525,APAD
BKB-2814,23.89313234,90.33710533,ZZ,coal,Dhaka,Bangladesh,operating,"8,886.81",0.007275,64.65154275,0.0051,45.322731,0.00345,30.6594945,0.003525,31.32600525,APAD
BKB-2815,22.76902481,88.96648097,ZZ,coal,Khulna,Bangladesh,operating,"8,886.81",0.007275,64.65154275,0.0051,45.322731,0.00345,30.6594945,0.003525,31.32600525,APAD
BKB-2816,24.10059081,89.58508672,ZZ,coal,Rajshahi,Bangladesh,operating,"8,886.81",0.007275,64.65154275,0.0051,45.322731,0.00345,30.6594945,0.003525,31.32600525,APAD
BKB-2817,23.55359641,89.5005175,ZZ,coal,Khulna,Bangladesh,operating,"8,886.81",0.007275,64.65154275,0.0051,45.322731,0.00345,30.6594945,0.003525,31.32600525,APAD
BKB-2818,22.84072659,89.35287865,ZZ,coal,Khulna,Bangladesh,operating,"8,886.81",0.007275,64.65154275,0.0051,45.322731,0.00345,30.6594945,0.003525,31.32600525,APAD
BKB-2819,22.83892829,89.35373865,ZZ,coal,Khulna,Bangladesh,operating,"8,886.81",0.007275,64.65154275,0.0051,45.322731,0.00345,30.6594945,0.003525,31.32600525,APAD
BKB-2820,22.84253429,89.35330327,ZZ,coal,Khulna,Bangladesh,operating,"8,886.81",0.007275,64.65154275,0.0051,45.322731,0.00345,30.6594945,0.003525,31.32600525,APAD
BKB-2821,22.96537125,89.84227212,ZZ,coal,Dhaka,Bangladesh,operating,"8,886.81",0.007275,64.65154275,0.0051,45.322731,0.00345,30.6594945,0.003525,31.32600525,APAD
BKB-2822,23.37041743,90.06547733,ZZ,coal,Dhaka,Bangladesh,operating,"8,886.81",0.007275,64.65154275,0.0051,45.322731,0.00345,30.6594945,0.003525,31.32600525,APAD
BKB-2823,23.21611627,89.20563486,ZZ,coal,Khulna,Bangladesh,operating,"8,886.81",0.007275,64.65154275,0.0051,45.322731,0.00345,30.6594945,0.003525,31.32600525,APAD
BKB-2824,23.13160474,89.28324344,ZZ,coal,Khulna,Bangladesh,operating,"8,886.81",0.007275,64.65154275,0.0051,45.322731,0.00345,30.6594945,0.003525,31.32600525,APAD
BKB-2825,24.50077957,89.48764858,ZZ,coal,Rajshahi,Bangladesh,operating,"8,886.81",0.007275,64.65154275,0.0051,45.322731,0.00345,30.6594945,0.003525,31.32600525,APAD
BKB-2826,23.69108666,89.69646722,ZZ,coal,Dhaka,Bangladesh,operating,"8,886.81",0.007275,64.65154275,0.0051,45.322731,0.00345,30.6594945,0.003525,31.32600525,APAD
BKB-2827,22.9093047,88.92458418,ZZ,coal,Khulna,Bangladesh,operating,"8,886.81",0.007275,64.65154275,0.0051,45.322731,0.00345,30.6594945,0.003525,31.32600525,APAD
BKB-2828,23.92907123,90.1773884,ZZ,coal,Dhaka,Bangladesh,operating,"8,886.81",0.007275,64.65154275,0.0051,45.322731,0.00345,30.6594945,0.003525,31.32600525,APAD
BKB-2829,23.16556739,89.70422371,ZZ,coal,Khulna,Bangladesh,operating,"8,886.81",0.007275,64.65154275,0.0051,45.322731,0.00345,30.6594945,0.003525,31.32600525,APAD
BKB-2830,23.21218542,89.66718563,ZZ,coal,Khulna,Bangladesh,operating,"8,886.81",0.007275,64.65154275,0.0051,45.322731,0.00345,30.6594945,0.003525,31.32600525,APAD
BKB-2831,24.7982318,89.3949628,ZZ,coal,Rajshahi,Bangladesh,operating,"8,886.81",0.007275,64.65154275,0.0051,45.322731,0.00345,30.6594945,0.003525,31.32600525,APAD
BKB-2832,23.63759432,90.33502024,ZZ,coal,Dhaka,Bangladesh,operating,"8,886.81",0.007275,64.65154275,0.0051,45.322731,0.00345,30.6594945,0.003525,31.32600525,APAD
BKB-2833,23.79190424,90.09812048,ZZ,coal,Dhaka,Bangladesh,operating,"8,886.81",0.007275,64.65154275,0.0051,45.322731,0.00345,30.6594945,0.003525,31.32600525,APAD
BKB-2834,23.53507126,89.86666572,ZZ,coal,Dhaka,Bangladesh,operating,"8,886.81",0.007275,64.65154275,0.0051,45.322731,0.00345,30.6594945,0.003525,31.32600525,APAD
BKB-2835,23.6332513,90.41483357,ZZ,coal,Dhaka,Bangladesh,operating,"8,886.81",0.007275,64.65154275,0.0051,45.322731,0.00345,30.6594945,0.003525,31.32600525,APAD
BKB-2836,23.63388047,90.41240944,ZZ,coal,Dhaka,Bangladesh,operating,"8,886.81",0.007275,64.65154275,0.0051,45.322731,0.00345,30.6594945,0.003525,31.32600525,APAD
BKB-2837,23.89425347,90.2129311,ZZ,coal,Dhaka,Bangladesh,operating,"8,886.81",0.007275,64.65154275,0.0051,45.322731,0.00345,30.6594945,0.003525,31.32600525,APAD
BKB-2838,23.89610342,90.21219472,ZZ,coal,Dhaka,Bangladesh,operating,"8,886.81",0.007275,64.65154275,0.0051,45.322731,0.00345,30.6594945,0.003525,31.32600525,APAD
BKB-2839,23.01554417,89.75745418,ZZ,coal,Dhaka,Bangladesh,operating,"8,886.81",0.007275,64.65154275,0.0051,45.322731,0.00345,30.6594945,0.003525,31.32600525,APAD
BKB-2840,23.33685866,90.1366245,ZZ,coal,Dhaka,Bangladesh,operating,"8,886.81",0.007275,64.65154275,0.0051,45.322731,0.00345,30.6594945,0.003525,31.32600525,APAD
BKB-2841,23.61615842,90.44093186,ZZ,coal,Dhaka,Bangladesh,operating,"8,886.81",0.007275,64.65154275,0.0051,45.322731,0.00345,30.6594945,0.003525,31.32600525,APAD
BKB-2842,23.61499398,90.43895923,ZZ,coal,Dhaka,Bangladesh,operating,"8,886.81",0.007275,64.65154275,0.0051,45.322731,0.00345,30.6594945,0.003525,31.32600525,APAD
BKB-2843,23.61799898,90.43796486,ZZ,coal,Dhaka,Bangladesh,operating,"8,886.81",0.007275,64.65154275,0.0051,45.322731,0.00345,30.6594945,0.003525,31.32600525,APAD
BKB-2844,23.81498551,90.07506009,ZZ,coal,Dhaka,Bangladesh,operating,"8,886.81",0.007275,64.65154275,0.0051,45.322731,0.00345,30.6594945,0.003525,31.32600525,APAD
BKB-2845,23.93284848,90.09104023,ZZ,coal,Dhaka,Bangladesh,operating,"8,886.81",0.007275,64.65154275,0.0051,45.322731,0.00345,30.6594945,0.003525,31.32600525,APAD
BKB-2846,23.11959646,89.29039879,ZZ,coal,Khulna,Bangladesh,operating,"8,886.81",0.007275,64.65154275,0.0051,45.322731,0.00345,30.6594945,0.003525,31.32600525,APAD
BKB-2847,23.61988778,90.4089478,ZZ,coal,Dhaka,Bangladesh,operating,"8,886.81",0.007275,64.65154275,0.0051,45.322731,0.00345,30.6594945,0.003525,31.32600525,APAD
BKB-2848,23.58939384,89.7678328,ZZ,coal,Dhaka,Bangladesh,operating,"8,886.81",0.007275,64.65154275,0.0051,45.322731,0.00345,30.6594945,0.003525,31.32600525,APAD
BKB-2849,23.0798889,89.11625349,ZZ,coal,Khulna,Bangladesh,operating,"8,886.81",0.007275,64.65154275,0.0051,45.322731,0.00345,30.6594945,0.003525,31.32600525,APAD
BKB-2850,25.07044622,90.03004518,ZZ,coal,Mymensingh,Bangladesh,operating,"8,886.81",0.007275,64.65154275,0.0051,45.322731,0.00345,30.6594945,0.003525,31.32600525,APAD
BKB-2851,23.47199124,88.85813762,ZZ,coal,Khulna,Bangladesh,operating,"8,886.81",0.007275,64.65154275,0.0051,45.322731,0.00345,30.6594945,0.003525,31.32600525,APAD
BKB-2852,22.83906155,88.99969865,ZZ,coal,Khulna,Bangladesh,operating,"8,886.81",0.007275,64.65154275,0.0051,45.322731,0.00345,30.6594945,0.003525,31.32600525,APAD
BKB-2853,23.35696612,88.94191232,ZZ,coal,Khulna,Bangladesh,operating,"8,886.81",0.007275,64.65154275,0.0051,45.322731,0.00345,30.6594945,0.003525,31.32600525,APAD
BKB-2854,23.41373362,89.67263838,ZZ,coal,Dhaka,Bangladesh,operating,"8,886.81",0.007275,64.65154275,0.0051,45.322731,0.00345,30.6594945,0.003525,31.32600525,APAD
BKB-2855,23.41659307,89.67231589,ZZ,coal,Dhaka,Bangladesh,operating,"8,886.81",0.007275,64.65154275,0.0051,45.322731,0.00345,30.6594945,0.003525,31.32600525,APAD
BKB-2856,23.3132219,90.29069505,ZZ,coal,Dhaka,Bangladesh,operating,"8,886.81",0.007275,64.65154275,0.0051,45.322731,0.00345,30.6594945,0.003525,31.32600525,APAD
BKB-2857,23.3157198,90.29374268,ZZ,coal,Dhaka,Bangladesh,operating,"8,886.81",0.007275,64.65154275,0.0051,45.322731,0.00345,30.6594945,0.003525,31.32600525,APAD
BKB-2858,23.85642575,89.51232065,ZZ,coal,Rajshahi,Bangladesh,operating,"8,886.81",0.007275,64.65154275,0.0051,45.322731,0.00345,30.6594945,0.003525,31.32600525,APAD
BKB-2859,23.85498899,89.5113424,ZZ,coal,Rajshahi,Bangladesh,operating,"8,886.81",0.007275,64.65154275,0.0051,45.322731,0.00345,30.6594945,0.003525,31.32600525,APAD
BKB-2860,25.60774957,89.6494579,ZZ,coal,Rangpur,Bangladesh,operating,"8,886.81",0.007275,64.65154275,0.0051,45.322731,0.00345,30.6594945,0.003525,31.32600525,APAD
BKB-2861,23.03344704,89.75482599,ZZ,coal,Dhaka,Bangladesh,operating,"8,886.81",0.007275,64.65154275,0.0051,45.322731,0.00345,30.6594945,0.003525,31.32600525,APAD
BKB-2862,23.03216992,89.75728236,ZZ,coal,Dhaka,Bangladesh,operating,"8,886.81",0.007275,64.65154275,0.0051,45.322731,0.00345,30.6594945,0.003525,31.32600525,APAD
BKB-2863,23.30980121,89.30035077,ZZ,coal,Khulna,Bangladesh,operating,"8,886.81",0.007275,64.65154275,0.0051,45.322731,0.00345,30.6594945,0.003525,31.32600525,APAD
BKB-2864,23.36110372,90.12439928,ZZ,coal,Dhaka,Bangladesh,operating,"8,886.81",0.007275,64.65154275,0.0051,45.322731,0.00345,30.6594945,0.003525,31.32600525,APAD
BKB-2865,23.35985947,90.1245444,ZZ,coal,Dhaka,Bangladesh,operating,"8,886.81",0.007275,64.65154275,0.0051,45.322731,0.00345,30.6594945,0.003525,31.32600525,APAD
BKB-2866,23.69954135,90.04814183,ZZ,coal,Dhaka,Bangladesh,operating,"8,886.81",0.007275,64.65154275,0.0051,45.322731,0.00345,30.6594945,0.003525,31.32600525,APAD
BKB-2867,23.54713993,89.12563155,ZZ,coal,Khulna,Bangladesh,operating,"8,886.81",0.007275,64.65154275,0.0051,45.322731,0.00345,30.6594945,0.003525,31.32600525,APAD
BKB-2868,23.93147614,90.12745345,ZZ,coal,Dhaka,Bangladesh,operating,"8,886.81",0.007275,64.65154275,0.0051,45.322731,0.00345,30.6594945,0.003525,31.32600525,APAD
BKB-2869,23.93237764,90.12599682,ZZ,coal,Dhaka,Bangladesh,operating,"8,886.81",0.007275,64.65154275,0.0051,45.322731,0.00345,30.6594945,0.003525,31.32600525,APAD
BKB-2870,22.99907136,89.79055715,ZZ,coal,Khulna,Bangladesh,operating,"8,886.81",0.007275,64.65154275,0.0051,45.322731,0.00345,30.6594945,0.003525,31.32600525,APAD
BKB-2871,23.32980136,90.16047303,ZZ,coal,Dhaka,Bangladesh,operating,"8,886.81",0.007275,64.65154275,0.0051,45.322731,0.00345,30.6594945,0.003525,31.32600525,APAD
BKB-2872,22.98633174,89.08852649,ZZ,coal,Khulna,Bangladesh,operating,"8,886.81",0.007275,64.65154275,0.0051,45.322731,0.00345,30.6594945,0.003525,31.32600525,APAD
BKB-2873,23.04042768,89.25081646,ZZ,coal,Khulna,Bangladesh,operating,"8,886.81",0.007275,64.65154275,0.0051,45.322731,0.00345,30.6594945,0.003525,31.32600525,APAD
BKB-2874,25.13317908,88.84603128,ZZ,coal,Rajshahi,Bangladesh,operating,"8,886.81",0.007275,64.65154275,0.0051,45.322731,0.00345,30.6594945,0.003525,31.32600525,APAD
BKB-2875,23.09651442,89.68916594,ZZ,coal,Khulna,Bangladesh,operating,"8,886.81",0.007275,64.65154275,0.0051,45.322731,0.00345,30.6594945,0.003525,31.32600525,APAD
BKB-2876,23.8509804,89.41327963,ZZ,coal,Dhaka,Bangladesh,operating,"8,886.81",0.007275,64.65154275,0.0051,45.322731,0.00345,30.6594945,0.003525,31.32600525,APAD
BKB-2877,24.67421461,89.45188692,ZZ,coal,Rajshahi,Bangladesh,operating,"8,886.81",0.007275,64.65154275,0.0051,45.322731,0.00345,30.6594945,0.003525,31.32600525,APAD
BKB-2878,23.1729854,90.24079377,ZZ,coal,Dhaka,Bangladesh,operating,"8,886.81",0.007275,64.65154275,0.0051,45.322731,0.00345,30.6594945,0.003525,31.32600525,APAD
BKB-2879,23.52462652,89.67328482,ZZ,coal,Dhaka,Bangladesh,operating,"8,886.81",0.007275,64.65154275,0.0051,45.322731,0.00345,30.6594945,0.003525,31.32600525,APAD
BKB-2880,23.09246519,89.1590072,ZZ,coal,Khulna,Bangladesh,operating,"8,886.81",0.007275,64.65154275,0.0051,45.322731,0.00345,30.6594945,0.003525,31.32600525,APAD
BKB-2881,24.53716582,89.5419535,ZZ,coal,Rajshahi,Bangladesh,operating,"8,886.81",0.007275,64.65154275,0.0051,45.322731,0.00345,30.6594945,0.003525,31.32600525,APAD
BKB-2882,22.94695246,89.12320071,ZZ,coal,Khulna,Bangladesh,operating,"8,886.81",0.007275,64.65154275,0.0051,45.322731,0.00345,30.6594945,0.003525,31.32600525,APAD
BKB-2883,24.37500899,88.66796095,ZZ,coal,Rajshahi,Bangladesh,operating,"8,886.81",0.007275,64.65154275,0.0051,45.322731,0.00345,30.6594945,0.003525,31.32600525,APAD
BKB-2884,23.51977514,88.80718787,ZZ,coal,Khulna,Bangladesh,operating,"8,886.81",0.007275,64.65154275,0.0051,45.322731,0.00345,30.6594945,0.003525,31.32600525,APAD
BKB-2885,24.47064674,90.08850786,ZZ,coal,Dhaka,Bangladesh,operating,"8,886.81",0.007275,64.65154275,0.0051,45.322731,0.00345,30.6594945,0.003525,31.32600525,APAD
BKB-2886,23.62043829,88.80000498,ZZ,coal,Khulna,Bangladesh,operating,"8,886.81",0.007275,64.65154275,0.0051,45.322731,0.00345,30.6594945,0.003525,31.32600525,APAD
BKB-2887,23.97627071,89.27928107,ZZ,coal,Rajshahi,Bangladesh,operating,"8,886.81",0.007275,64.65154275,0.0051,45.322731,0.00345,30.6594945,0.003525,31.32600525,APAD
BKB-2888,23.97413904,89.28240931,ZZ,coal,Rajshahi,Bangladesh,operating,"8,886.81",0.007275,64.65154275,0.0051,45.322731,0.00345,30.6594945,0.003525,31.32600525,APAD
BKB-2889,23.97613455,89.28109244,ZZ,coal,Rajshahi,Bangladesh,operating,"8,886.81",0.007275,64.65154275,0.0051,45.322731,0.00345,30.6594945,0.003525,31.32600525,APAD
BKB-2890,23.05494168,88.92544267,ZZ,coal,Khulna,Bangladesh,operating,"8,886.81",0.007275,64.65154275,0.0051,45.322731,0.00345,30.6594945,0.003525,31.32600525,APAD
BKB-2891,23.3422427,89.68348153,ZZ,coal,Dhaka,Bangladesh,operating,"8,886.81",0.007275,64.65154275,0.0051,45.322731,0.00345,30.6594945,0.003525,31.32600525,APAD
BKB-2892,23.71073036,90.09564735,ZZ,coal,Dhaka,Bangladesh,operating,"8,886.81",0.007275,64.65154275,0.0051,45.322731,0.00345,30.6594945,0.003525,31.32600525,APAD
BKB-2893,22.96176082,89.2240536,ZZ,coal,Khulna,Bangladesh,operating,"8,886.81",0.007275,64.65154275,0.0051,45.322731,0.00345,30.6594945,0.003525,31.32600525,APAD
BKB-2894,23.781175,88.93243874,ZZ,coal,Khulna,Bangladesh,operating,"8,886.81",0.007275,64.65154275,0.0051,45.322731,0.00345,30.6594945,0.003525,31.32600525,APAD
BKB-2895,23.88932337,90.21221189,ZZ,coal,Dhaka,Bangladesh,operating,"8,886.81",0.007275,64.65154275,0.0051,45.322731,0.00345,30.6594945,0.003525,31.32600525,APAD
BKB-2896,23.22104595,90.47122243,ZZ,coal,Dhaka,Bangladesh,operating,"8,886.81",0.007275,64.65154275,0.0051,45.322731,0.00345,30.6594945,0.003525,31.32600525,APAD
BKB-2897,23.74831611,90.00733784,ZZ,coal,Dhaka,Bangladesh,operating,"8,886.81",0.007275,64.65154275,0.0051,45.322731,0.00345,30.6594945,0.003525,31.32600525,APAD
BKB-2898,22.98405055,89.56304911,ZZ,coal,Khulna,Bangladesh,operating,"8,886.81",0.007275,64.65154275,0.0051,45.322731,0.00345,30.6594945,0.003525,31.32600525,APAD
BKB-2899,23.47343453,88.8698862,ZZ,coal,Khulna,Bangladesh,operating,"8,886.81",0.007275,64.65154275,0.0051,45.322731,0.00345,30.6594945,0.003525,31.32600525,APAD
BKB-2900,23.30297672,89.26165808,ZZ,coal,Khulna,Bangladesh,operating,"8,886.81",0.007275,64.65154275,0.0051,45.322731,0.00345,30.6594945,0.003525,31.32600525,APAD
BKB-2901,23.61350749,90.42193423,ZZ,coal,Dhaka,Bangladesh,operating,"8,886.81",0.007275,64.65154275,0.0051,45.322731,0.00345,30.6594945,0.003525,31.32600525,APAD
BKB-2902,24.92233894,88.71769355,ZZ,coal,Rajshahi,Bangladesh,operating,"8,886.81",0.007275,64.65154275,0.0051,45.322731,0.00345,30.6594945,0.003525,31.32600525,APAD
BKB-2903,23.39929546,89.06467913,ZZ,coal,Khulna,Bangladesh,operating,"8,886.81",0.007275,64.65154275,0.0051,45.322731,0.00345,30.6594945,0.003525,31.32600525,APAD
BKB-2904,23.61999896,90.44101203,ZZ,coal,Dhaka,Bangladesh,operating,"8,886.81",0.007275,64.65154275,0.0051,45.322731,0.00345,30.6594945,0.003525,31.32600525,APAD
BKB-2905,23.62086759,90.44226441,ZZ,coal,Dhaka,Bangladesh,operating,"8,886.81",0.007275,64.65154275,0.0051,45.322731,0.00345,30.6594945,0.003525,31.32600525,APAD
BKB-2906,23.62144511,90.44300078,ZZ,coal,Dhaka,Bangladesh,operating,"8,886.81",0.007275,64.65154275,0.0051,45.322731,0.00345,30.6594945,0.003525,31.32600525,APAD
BKB-2907,23.62350636,90.44178603,ZZ,coal,Dhaka,Bangladesh,operating,"8,886.81",0.007275,64.65154275,0.0051,45.322731,0.00345,30.6594945,0.003525,31.32600525,APAD
BKB-2908,23.28531198,89.6818178,ZZ,coal,Dhaka,Bangladesh,operating,"8,886.81",0.007275,64.65154275,0.0051,45.322731,0.00345,30.6594945,0.003525,31.32600525,APAD
BKB-2909,22.98563476,88.8887229,ZZ,coal,Khulna,Bangladesh,operating,"8,886.81",0.007275,64.65154275,0.0051,45.322731,0.00345,30.6594945,0.003525,31.32600525,APAD
BKB-2910,23.67214525,89.7061963,ZZ,coal,Dhaka,Bangladesh,operating,"8,886.81",0.007275,64.65154275,0.0051,45.322731,0.00345,30.6594945,0.003525,31.32600525,APAD
BKB-2911,23.88458468,90.34151143,ZZ,coal,Dhaka,Bangladesh,operating,"8,886.81",0.007275,64.65154275,0.0051,45.322731,0.00345,30.6594945,0.003525,31.32600525,APAD
BKB-2912,22.99940298,89.08153902,ZZ,coal,Khulna,Bangladesh,operating,"8,886.81",0.007275,64.65154275,0.0051,45.322731,0.00345,30.6594945,0.003525,31.32600525,APAD
BKB-2913,23.35330567,89.34490986,ZZ,coal,Khulna,Bangladesh,operating,"8,886.81",0.007275,64.65154275,0.0051,45.322731,0.00345,30.6594945,0.003525,31.32600525,APAD
BKB-2914,23.28493825,88.75907631,ZZ,coal,Khulna,Bangladesh,operating,"8,886.81",0.007275,64.65154275,0.0051,45.322731,0.00345,30.6594945,0.003525,31.32600525,APAD
BKB-2915,23.28667551,88.76012981,ZZ,coal,Khulna,Bangladesh,operating,"8,886.81",0.007275,64.65154275,0.0051,45.322731,0.00345,30.6594945,0.003525,31.32600525,APAD
BKB-2916,23.90679358,90.1210103,ZZ,coal,Dhaka,Bangladesh,operating,"8,886.81",0.007275,64.65154275,0.0051,45.322731,0.00345,30.6594945,0.003525,31.32600525,APAD
BKB-2917,23.7508693,90.20030001,ZZ,coal,Dhaka,Bangladesh,operating,"8,886.81",0.007275,64.65154275,0.0051,45.322731,0.00345,30.6594945,0.003525,31.32600525,APAD
BKB-2918,23.61918223,89.8629319,ZZ,coal,Dhaka,Bangladesh,operating,"8,886.81",0.007275,64.65154275,0.0051,45.322731,0.00345,30.6594945,0.003525,31.32600525,APAD
BKB-2919,23.00333015,88.98987105,ZZ,coal,Khulna,Bangladesh,operating,"8,886.81",0.007275,64.65154275,0.0051,45.322731,0.00345,30.6594945,0.003525,31.32600525,APAD
BKB-2920,23.57916718,88.97787969,ZZ,coal,Khulna,Bangladesh,operating,"8,886.81",0.007275,64.65154275,0.0051,45.322731,0.00345,30.6594945,0.003525,31.32600525,APAD
BKB-2921,23.83510014,89.14246466,ZZ,coal,Khulna,Bangladesh,operating,"8,886.81",0.007275,64.65154275,0.0051,45.322731,0.00345,30.6594945,0.003525,31.32600525,APAD
BKB-2922,23.63146394,89.1974117,ZZ,coal,Khulna,Bangladesh,operating,"8,886.81",0.007275,64.65154275,0.0051,45.322731,0.00345,30.6594945,0.003525,31.32600525,APAD
BKB-2923,23.59166626,89.37504667,ZZ,coal,Khulna,Bangladesh,operating,"8,886.81",0.007275,64.65154275,0.0051,45.322731,0.00345,30.6594945,0.003525,31.32600525,APAD
BKB-2924,23.53867441,89.73850314,ZZ,coal,Dhaka,Bangladesh,operating,"8,886.81",0.007275,64.65154275,0.0051,45.322731,0.00345,30.6594945,0.003525,31.32600525,APAD
BKB-2925,23.99079787,90.22921917,ZZ,coal,Dhaka,Bangladesh,operating,"8,886.81",0.007275,64.65154275,0.0051,45.322731,0.00345,30.6594945,0.003525,31.32600525,APAD
BKB-2926,23.33294328,89.21788757,ZZ,coal,Khulna,Bangladesh,operating,"8,886.81",0.007275,64.65154275,0.0051,45.322731,0.00345,30.6594945,0.003525,31.32600525,APAD
BKB-2927,23.12905238,89.26422648,ZZ,coal,Khulna,Bangladesh,operating,"8,886.81",0.007275,64.65154275,0.0051,45.322731,0.00345,30.6594945,0.003525,31.32600525,APAD
BKB-2928,23.80260857,90.10458082,ZZ,coal,Dhaka,Bangladesh,operating,"8,886.81",0.007275,64.65154275,0.0051,45.322731,0.00345,30.6594945,0.003525,31.32600525,APAD
BKB-2929,23.79951436,90.10495707,ZZ,coal,Dhaka,Bangladesh,operating,"8,886.81",0.007275,64.65154275,0.0051,45.322731,0.00345,30.6594945,0.003525,31.32600525,APAD
BKB-2930,23.14064927,89.09344933,ZZ,coal,Khulna,Bangladesh,operating,"8,886.81",0.007275,64.65154275,0.0051,45.322731,0.00345,30.6594945,0.003525,31.32600525,APAD
BKB-2931,25.3052489,89.36406286,ZZ,coal,Rangpur,Bangladesh,operating,"8,886.81",0.007275,64.65154275,0.0051,45.322731,0.00345,30.6594945,0.003525,31.32600525,APAD
BKB-2932,23.93098788,89.14385628,ZZ,coal,Khulna,Bangladesh,operating,"8,886.81",0.007275,64.65154275,0.0051,45.322731,0.00345,30.6594945,0.003525,31.32600525,APAD
BKB-2933,23.5013275,89.47817362,ZZ,coal,Khulna,Bangladesh,operating,"8,886.81",0.007275,64.65154275,0.0051,45.322731,0.00345,30.6594945,0.003525,31.32600525,APAD
BKB-2934,23.05452808,88.92544007,ZZ,coal,Khulna,Bangladesh,operating,"8,886.81",0.007275,64.65154275,0.0051,45.322731,0.00345,30.6594945,0.003525,31.32600525,APAD
BKB-2935,23.3220837,89.23813394,ZZ,coal,Khulna,Bangladesh,operating,"8,886.81",0.007275,64.65154275,0.0051,45.322731,0.00345,30.6594945,0.003525,31.32600525,APAD
BKB-2936,23.32330448,89.23400057,ZZ,coal,Khulna,Bangladesh,operating,"8,886.81",0.007275,64.65154275,0.0051,45.322731,0.00345,30.6594945,0.003525,31.32600525,APAD
BKB-2937,23.0811552,89.15700601,ZZ,coal,Khulna,Bangladesh,operating,"8,886.81",0.007275,64.65154275,0.0051,45.322731,0.00345,30.6594945,0.003525,31.32600525,APAD
BKB-2938,23.37044077,89.14202121,ZZ,coal,Khulna,Bangladesh,operating,"8,886.81",0.007275,64.65154275,0.0051,45.322731,0.00345,30.6594945,0.003525,31.32600525,APAD
BKB-2939,23.92235942,89.15870471,ZZ,coal,Khulna,Bangladesh,operating,"8,886.81",0.007275,64.65154275,0.0051,45.322731,0.00345,30.6594945,0.003525,31.32600525,APAD
BKB-2940,24.08475738,90.12029352,ZZ,coal,Dhaka,Bangladesh,operating,"8,886.81",0.007275,64.65154275,0.0051,45.322731,0.00345,30.6594945,0.003525,31.32600525,APAD
BKB-2941,24.74145911,89.87085837,ZZ,coal,Mymensingh,Bangladesh,operating,"8,886.81",0.007275,64.65154275,0.0051,45.322731,0.00345,30.6594945,0.003525,31.32600525,APAD
BKB-2942,23.30437351,88.99310001,ZZ,coal,Khulna,Bangladesh,operating,"8,886.81",0.007275,64.65154275,0.0051,45.322731,0.00345,30.6594945,0.003525,31.32600525,APAD
BKB-2943,23.02484909,89.2051995,ZZ,coal,Khulna,Bangladesh,operating,"8,886.81",0.007275,64.65154275,0.0051,45.322731,0.00345,30.6594945,0.003525,31.32600525,APAD
BKB-2944,24.10797223,90.18096676,ZZ,coal,Dhaka,Bangladesh,operating,"8,886.81",0.007275,64.65154275,0.0051,45.322731,0.00345,30.6594945,0.003525,31.32600525,APAD
BKB-2945,24.10925405,90.17744613,ZZ,coal,Dhaka,Bangladesh,operating,"8,886.81",0.007275,64.65154275,0.0051,45.322731,0.00345,30.6594945,0.003525,31.32600525,APAD
BKB-2946,24.11104296,90.17747301,ZZ,coal,Dhaka,Bangladesh,operating,"8,886.81",0.007275,64.65154275,0.0051,45.322731,0.00345,30.6594945,0.003525,31.32600525,APAD
BKB-2947,24.10965315,90.18083239,ZZ,coal,Dhaka,Bangladesh,operating,"8,886.81",0.007275,64.65154275,0.0051,45.322731,0.00345,30.6594945,0.003525,31.32600525,APAD
BKB-2948,25.62836402,88.86562992,ZZ,coal,Rangpur,Bangladesh,operating,"8,886.81",0.007275,64.65154275,0.0051,45.322731,0.00345,30.6594945,0.003525,31.32600525,APAD
BKB-2949,23.35083187,89.3423711,ZZ,coal,Khulna,Bangladesh,operating,"8,886.81",0.007275,64.65154275,0.0051,45.322731,0.00345,30.6594945,0.003525,31.32600525,APAD
BKB-2950,23.3534049,89.34091448,ZZ,coal,Khulna,Bangladesh,operating,"8,886.81",0.007275,64.65154275,0.0051,45.322731,0.00345,30.6594945,0.003525,31.32600525,APAD
BKB-2951,23.02464416,89.03766816,ZZ,coal,Khulna,Bangladesh,operating,"8,886.81",0.007275,64.65154275,0.0051,45.322731,0.00345,30.6594945,0.003525,31.32600525,APAD
BKB-2952,23.53235539,89.15062129,ZZ,coal,Khulna,Bangladesh,operating,"8,886.81",0.007275,64.65154275,0.0051,45.322731,0.00345,30.6594945,0.003525,31.32600525,APAD
BKB-2953,23.77927071,90.25220292,ZZ,coal,Dhaka,Bangladesh,operating,"8,886.81",0.007275,64.65154275,0.0051,45.322731,0.00345,30.6594945,0.003525,31.32600525,APAD
BKB-2954,24.98706516,88.99264621,ZZ,coal,Rajshahi,Bangladesh,operating,"8,886.81",0.007275,64.65154275,0.0051,45.322731,0.00345,30.6594945,0.003525,31.32600525,APAD
BKB-2955,23.90888834,89.02813025,ZZ,coal,Khulna,Bangladesh,operating,"8,886.81",0.007275,64.65154275,0.0051,45.322731,0.00345,30.6594945,0.003525,31.32600525,APAD
BKB-2956,23.26384485,89.16288995,ZZ,coal,Khulna,Bangladesh,operating,"8,886.81",0.007275,64.65154275,0.0051,45.322731,0.00345,30.6594945,0.003525,31.32600525,APAD
BKB-2957,23.08093768,88.90980556,ZZ,coal,Khulna,Bangladesh,operating,"8,886.81",0.007275,64.65154275,0.0051,45.322731,0.00345,30.6594945,0.003525,31.32600525,APAD
BKB-2958,24.1273771,89.5364657,ZZ,coal,Rajshahi,Bangladesh,operating,"8,886.81",0.007275,64.65154275,0.0051,45.322731,0.00345,30.6594945,0.003525,31.32600525,APAD
BKB-2959,24.28347517,89.03441166,ZZ,coal,Rajshahi,Bangladesh,operating,"8,886.81",0.007275,64.65154275,0.0051,45.322731,0.00345,30.6594945,0.003525,31.32600525,APAD
BKB-2960,23.97503639,90.07680412,ZZ,coal,Dhaka,Bangladesh,operating,"8,886.81",0.007275,64.65154275,0.0051,45.322731,0.00345,30.6594945,0.003525,31.32600525,APAD
BKB-2961,23.97461381,90.07945399,ZZ,coal,Dhaka,Bangladesh,operating,"8,886.81",0.007275,64.65154275,0.0051,45.322731,0.00345,30.6594945,0.003525,31.32600525,APAD
BKB-2962,23.63019329,90.14967221,ZZ,coal,Dhaka,Bangladesh,operating,"8,886.81",0.007275,64.65154275,0.0051,45.322731,0.00345,30.6594945,0.003525,31.32600525,APAD
BKB-2963,23.63346593,90.14686108,ZZ,coal,Dhaka,Bangladesh,operating,"8,886.81",0.007275,64.65154275,0.0051,45.322731,0.00345,30.6594945,0.003525,31.32600525,APAD
BKB-2964,23.03938236,89.20927904,ZZ,coal,Khulna,Bangladesh,operating,"8,886.81",0.007275,64.65154275,0.0051,45.322731,0.00345,30.6594945,0.003525,31.32600525,APAD
BKB-2965,23.72111564,89.64670399,ZZ,coal,Dhaka,Bangladesh,operating,"8,886.81",0.007275,64.65154275,0.0051,45.322731,0.00345,30.6594945,0.003525,31.32600525,APAD
BKB-2966,23.33490456,89.68810215,ZZ,coal,Dhaka,Bangladesh,operating,"8,886.81",0.007275,64.65154275,0.0051,45.322731,0.00345,30.6594945,0.003525,31.32600525,APAD
BKB-2967,23.44644697,88.82598982,ZZ,coal,Khulna,Bangladesh,operating,"8,886.81",0.007275,64.65154275,0.0051,45.322731,0.00345,30.6594945,0.003525,31.32600525,APAD
BKB-2968,24.46547316,89.99708447,ZZ,coal,Dhaka,Bangladesh,operating,"8,886.81",0.007275,64.65154275,0.0051,45.322731,0.00345,30.6594945,0.003525,31.32600525,APAD
BKB-2969,23.63293172,90.3702298,ZZ,coal,Dhaka,Bangladesh,operating,"8,886.81",0.007275,64.65154275,0.0051,45.322731,0.00345,30.6594945,0.003525,31.32600525,APAD
BKB-2970,23.93229424,90.12572053,ZZ,coal,Dhaka,Bangladesh,operating,"8,886.81",0.007275,64.65154275,0.0051,45.322731,0.00345,30.6594945,0.003525,31.32600525,APAD
BKB-2971,23.42504071,88.78063755,ZZ,coal,Khulna,Bangladesh,operating,"8,886.81",0.007275,64.65154275,0.0051,45.322731,0.00345,30.6594945,0.003525,31.32600525,APAD
BKB-2972,23.94370053,90.20746866,ZZ,coal,Dhaka,Bangladesh,operating,"8,886.81",0.007275,64.65154275,0.0051,45.322731,0.00345,30.6594945,0.003525,31.32600525,APAD
BKB-2973,23.94294458,90.20917791,ZZ,coal,Dhaka,Bangladesh,operating,"8,886.81",0.007275,64.65154275,0.0051,45.322731,0.00345,30.6594945,0.003525,31.32600525,APAD
BKB-2974,23.05283598,89.00911913,ZZ,coal,Khulna,Bangladesh,operating,"8,886.81",0.007275,64.65154275,0.0051,45.322731,0.00345,30.6594945,0.003525,31.32600525,APAD
BKB-2975,23.47496139,90.00529488,ZZ,coal,Dhaka,Bangladesh,operating,"8,886.81",0.007275,64.65154275,0.0051,45.322731,0.00345,30.6594945,0.003525,31.32600525,APAD
BKB-2976,23.41517605,88.84062135,ZZ,coal,Khulna,Bangladesh,operating,"8,886.81",0.007275,64.65154275,0.0051,45.322731,0.00345,30.6594945,0.003525,31.32600525,APAD
BKB-2977,23.4141196,88.84165872,ZZ,coal,Khulna,Bangladesh,operating,"8,886.81",0.007275,64.65154275,0.0051,45.322731,0.00345,30.6594945,0.003525,31.32600525,APAD
BKB-2978,23.41619024,88.8399226,ZZ,coal,Khulna,Bangladesh,operating,"8,886.81",0.007275,64.65154275,0.0051,45.322731,0.00345,30.6594945,0.003525,31.32600525,APAD
BKB-2979,23.28883866,89.66420141,ZZ,coal,Dhaka,Bangladesh,operating,"8,886.81",0.007275,64.65154275,0.0051,45.322731,0.00345,30.6594945,0.003525,31.32600525,APAD
BKB-2980,23.61173293,90.42792752,ZZ,coal,Dhaka,Bangladesh,operating,"8,886.81",0.007275,64.65154275,0.0051,45.322731,0.00345,30.6594945,0.003525,31.32600525,APAD
BKB-2981,23.61412754,90.42756739,ZZ,coal,Dhaka,Bangladesh,operating,"8,886.81",0.007275,64.65154275,0.0051,45.322731,0.00345,30.6594945,0.003525,31.32600525,APAD
BKB-2982,23.61447969,90.42878752,ZZ,coal,Dhaka,Bangladesh,operating,"8,886.81",0.007275,64.65154275,0.0051,45.322731,0.00345,30.6594945,0.003525,31.32600525,APAD
BKB-2983,23.47973726,89.9807351,ZZ,coal,Dhaka,Bangladesh,operating,"8,886.81",0.007275,64.65154275,0.0051,45.322731,0.00345,30.6594945,0.003525,31.32600525,APAD
BKB-2984,23.47843666,89.9833796,ZZ,coal,Dhaka,Bangladesh,operating,"8,886.81",0.007275,64.65154275,0.0051,45.322731,0.00345,30.6594945,0.003525,31.32600525,APAD
BKB-2985,23.46168507,89.67213188,ZZ,coal,Dhaka,Bangladesh,operating,"8,886.81",0.007275,64.65154275,0.0051,45.322731,0.00345,30.6594945,0.003525,31.32600525,APAD
BKB-2986,23.46338008,89.67383576,ZZ,coal,Dhaka,Bangladesh,operating,"8,886.81",0.007275,64.65154275,0.0051,45.322731,0.00345,30.6594945,0.003525,31.32600525,APAD
BKB-2987,23.09190316,89.29111916,ZZ,coal,Khulna,Bangladesh,operating,"8,886.81",0.007275,64.65154275,0.0051,45.322731,0.00345,30.6594945,0.003525,31.32600525,APAD
BKB-2988,23.1097333,89.25030855,ZZ,coal,Khulna,Bangladesh,operating,"8,886.81",0.007275,64.65154275,0.0051,45.322731,0.00345,30.6594945,0.003525,31.32600525,APAD
BKB-2989,24.00971603,89.18757612,ZZ,coal,Rajshahi,Bangladesh,operating,"8,886.81",0.007275,64.65154275,0.0051,45.322731,0.00345,30.6594945,0.003525,31.32600525,APAD
BKB-2990,24.00857976,89.18979062,ZZ,coal,Rajshahi,Bangladesh,operating,"8,886.81",0.007275,64.65154275,0.0051,45.322731,0.00345,30.6594945,0.003525,31.32600525,APAD
BKB-2991,24.10752525,89.46635464,ZZ,coal,Rajshahi,Bangladesh,operating,"8,886.81",0.007275,64.65154275,0.0051,45.322731,0.00345,30.6594945,0.003525,31.32600525,APAD
BKB-2992,23.64320762,89.81012739,ZZ,coal,Dhaka,Bangladesh,operating,"8,886.81",0.007275,64.65154275,0.0051,45.322731,0.00345,30.6594945,0.003525,31.32600525,APAD
BKB-2993,23.3113758,88.9751612,ZZ,coal,Khulna,Bangladesh,operating,"8,886.81",0.007275,64.65154275,0.0051,45.322731,0.00345,30.6594945,0.003525,31.32600525,APAD
BKB-2994,23.92727095,89.15122358,ZZ,coal,Khulna,Bangladesh,operating,"8,886.81",0.007275,64.65154275,0.0051,45.322731,0.00345,30.6594945,0.003525,31.32600525,APAD
BKB-2995,25.58531386,88.80163853,ZZ,coal,Rangpur,Bangladesh,operating,"8,886.81",0.007275,64.65154275,0.0051,45.322731,0.00345,30.6594945,0.003525,31.32600525,APAD
BKB-2996,23.8347152,88.93836975,ZZ,coal,Khulna,Bangladesh,operating,"8,886.81",0.007275,64.65154275,0.0051,45.322731,0.00345,30.6594945,0.003525,31.32600525,APAD
BKB-2997,23.27396756,88.96299531,ZZ,coal,Khulna,Bangladesh,operating,"8,886.81",0.007275,64.65154275,0.0051,45.322731,0.00345,30.6594945,0.003525,31.32600525,APAD
BKB-2998,24.40272363,88.66970276,ZZ,coal,Rajshahi,Bangladesh,operating,"8,886.81",0.007275,64.65154275,0.0051,45.322731,0.00345,30.6594945,0.003525,31.32600525,APAD
BKB-2999,24.39867627,88.66735389,ZZ,coal,Rajshahi,Bangladesh,operating,"8,886.81",0.007275,64.65154275,0.0051,45.322731,0.00345,30.6594945,0.003525,31.32600525,APAD
BKB-3000,23.98044022,90.07995911,ZZ,coal,Dhaka,Bangladesh,operating,"8,886.81",0.007275,64.65154275,0.0051,45.322731,0.00345,30.6594945,0.003525,31.32600525,APAD
BKB-3001,23.02009738,88.90237583,ZZ,coal,Khulna,Bangladesh,operating,"8,886.81",0.007275,64.65154275,0.0051,45.322731,0.00345,30.6594945,0.003525,31.32600525,APAD
BKB-3002,23.02161396,88.89824783,ZZ,coal,Khulna,Bangladesh,operating,"8,886.81",0.007275,64.65154275,0.0051,45.322731,0.00345,30.6594945,0.003525,31.32600525,APAD
BKB-3003,23.1209598,88.97236266,ZZ,coal,Khulna,Bangladesh,operating,"8,886.81",0.007275,64.65154275,0.0051,45.322731,0.00345,30.6594945,0.003525,31.32600525,APAD
BKB-3004,25.75375069,88.60218183,ZZ,coal,Rangpur,Bangladesh,operating,"8,886.81",0.007275,64.65154275,0.0051,45.322731,0.00345,30.6594945,0.003525,31.32600525,APAD
BKB-3005,23.98470298,90.18219218,ZZ,coal,Dhaka,Bangladesh,operating,"8,886.81",0.007275,64.65154275,0.0051,45.322731,0.00345,30.6594945,0.003525,31.32600525,APAD
BKB-3006,24.41057095,88.52815879,ZZ,coal,Rajshahi,Bangladesh,operating,"8,886.81",0.007275,64.65154275,0.0051,45.322731,0.00345,30.6594945,0.003525,31.32600525,APAD
BKB-3007,23.08708012,89.06839801,ZZ,coal,Khulna,Bangladesh,operating,"8,886.81",0.007275,64.65154275,0.0051,45.322731,0.00345,30.6594945,0.003525,31.32600525,APAD
BKB-3008,23.61505313,90.41038844,ZZ,coal,Dhaka,Bangladesh,operating,"8,886.81",0.007275,64.65154275,0.0051,45.322731,0.00345,30.6594945,0.003525,31.32600525,APAD
BKB-3009,23.81399731,90.10567141,ZZ,coal,Dhaka,Bangladesh,operating,"8,886.81",0.007275,64.65154275,0.0051,45.322731,0.00345,30.6594945,0.003525,31.32600525,APAD
BKB-3010,23.81426964,90.10817616,ZZ,coal,Dhaka,Bangladesh,operating,"8,886.81",0.007275,64.65154275,0.0051,45.322731,0.00345,30.6594945,0.003525,31.32600525,APAD
BKB-3011,23.81479082,90.10579504,ZZ,coal,Dhaka,Bangladesh,operating,"8,886.81",0.007275,64.65154275,0.0051,45.322731,0.00345,30.6594945,0.003525,31.32600525,APAD
BKB-3012,23.39995545,88.89283946,ZZ,coal,Khulna,Bangladesh,operating,"8,886.81",0.007275,64.65154275,0.0051,45.322731,0.00345,30.6594945,0.003525,31.32600525,APAD
BKB-3013,24.66309942,89.97661136,ZZ,coal,Dhaka,Bangladesh,operating,"8,886.81",0.007275,64.65154275,0.0051,45.322731,0.00345,30.6594945,0.003525,31.32600525,APAD
BKB-3014,23.6268248,89.28700394,ZZ,coal,Khulna,Bangladesh,operating,"8,886.81",0.007275,64.65154275,0.0051,45.322731,0.00345,30.6594945,0.003525,31.32600525,APAD
BKB-3015,23.27046784,89.26023818,ZZ,coal,Khulna,Bangladesh,operating,"8,886.81",0.007275,64.65154275,0.0051,45.322731,0.00345,30.6594945,0.003525,31.32600525,APAD
BKB-3016,23.87689258,88.95591518,ZZ,coal,Khulna,Bangladesh,operating,"8,886.81",0.007275,64.65154275,0.0051,45.322731,0.00345,30.6594945,0.003525,31.32600525,APAD
BKB-3017,23.60620118,89.73756911,ZZ,coal,Dhaka,Bangladesh,operating,"8,886.81",0.007275,64.65154275,0.0051,45.322731,0.00345,30.6594945,0.003525,31.32600525,APAD
BKB-3018,23.63551908,90.13946477,ZZ,coal,Dhaka,Bangladesh,operating,"8,886.81",0.007275,64.65154275,0.0051,45.322731,0.00345,30.6594945,0.003525,31.32600525,APAD
BKB-3019,23.89482413,90.05488232,ZZ,coal,Dhaka,Bangladesh,operating,"8,886.81",0.007275,64.65154275,0.0051,45.322731,0.00345,30.6594945,0.003525,31.32600525,APAD
BKB-3020,23.76781892,90.31997652,ZZ,coal,Dhaka,Bangladesh,operating,"8,886.81",0.007275,64.65154275,0.0051,45.322731,0.00345,30.6594945,0.003525,31.32600525,APAD
BKB-3021,23.76890354,90.3172729,ZZ,coal,Dhaka,Bangladesh,operating,"8,886.81",0.007275,64.65154275,0.0051,45.322731,0.00345,30.6594945,0.003525,31.32600525,APAD
BKB-3022,23.98096747,90.20794826,ZZ,coal,Dhaka,Bangladesh,operating,"8,886.81",0.007275,64.65154275,0.0051,45.322731,0.00345,30.6594945,0.003525,31.32600525,APAD
BKB-3023,24.9747029,90.22943477,ZZ,coal,Mymensingh,Bangladesh,operating,"8,886.81",0.007275,64.65154275,0.0051,45.322731,0.00345,30.6594945,0.003525,31.32600525,APAD
BKB-3024,23.54703277,89.21042001,ZZ,coal,Khulna,Bangladesh,operating,"8,886.81",0.007275,64.65154275,0.0051,45.322731,0.00345,30.6594945,0.003525,31.32600525,APAD
BKB-3025,23.88194828,90.18043235,ZZ,coal,Dhaka,Bangladesh,operating,"8,886.81",0.007275,64.65154275,0.0051,45.322731,0.00345,30.6594945,0.003525,31.32600525,APAD
BKB-3026,23.73893396,90.20703016,ZZ,coal,Dhaka,Bangladesh,operating,"8,886.81",0.007275,64.65154275,0.0051,45.322731,0.00345,30.6594945,0.003525,31.32600525,APAD
BKB-3027,23.52803425,89.13733912,ZZ,coal,Khulna,Bangladesh,operating,"8,886.81",0.007275,64.65154275,0.0051,45.322731,0.00345,30.6594945,0.003525,31.32600525,APAD
BKB-3028,23.43629093,89.43634343,ZZ,coal,Khulna,Bangladesh,operating,"8,886.81",0.007275,64.65154275,0.0051,45.322731,0.00345,30.6594945,0.003525,31.32600525,APAD
BKB-3029,23.27971319,89.26677811,ZZ,coal,Khulna,Bangladesh,operating,"8,886.81",0.007275,64.65154275,0.0051,45.322731,0.00345,30.6594945,0.003525,31.32600525,APAD
BKB-3030,23.6267675,90.42218773,ZZ,coal,Dhaka,Bangladesh,operating,"8,886.81",0.007275,64.65154275,0.0051,45.322731,0.00345,30.6594945,0.003525,31.32600525,APAD
BKB-3031,23.62477668,90.42192436,ZZ,coal,Dhaka,Bangladesh,operating,"8,886.81",0.007275,64.65154275,0.0051,45.322731,0.00345,30.6594945,0.003525,31.32600525,APAD
BKB-3032,23.82983496,89.9807073,ZZ,coal,Dhaka,Bangladesh,operating,"8,886.81",0.007275,64.65154275,0.0051,45.322731,0.00345,30.6594945,0.003525,31.32600525,APAD
BKB-3033,23.33467624,89.77986881,ZZ,coal,Dhaka,Bangladesh,operating,"8,886.81",0.007275,64.65154275,0.0051,45.322731,0.00345,30.6594945,0.003525,31.32600525,APAD
BKB-3034,23.63749729,90.40696807,ZZ,coal,Dhaka,Bangladesh,operating,"8,886.81",0.007275,64.65154275,0.0051,45.322731,0.00345,30.6594945,0.003525,31.32600525,APAD
BKB-3035,23.64210808,90.40697345,ZZ,coal,Dhaka,Bangladesh,operating,"8,886.81",0.007275,64.65154275,0.0051,45.322731,0.00345,30.6594945,0.003525,31.32600525,APAD
BKB-3036,23.62721291,90.39210974,ZZ,coal,Dhaka,Bangladesh,operating,"8,886.81",0.007275,64.65154275,0.0051,45.322731,0.00345,30.6594945,0.003525,31.32600525,APAD
BKB-3037,23.62701101,90.38667023,ZZ,coal,Dhaka,Bangladesh,operating,"8,886.81",0.007275,64.65154275,0.0051,45.322731,0.00345,30.6594945,0.003525,31.32600525,APAD
BKB-3038,24.11909772,90.16747709,ZZ,coal,Dhaka,Bangladesh,operating,"8,886.81",0.007275,64.65154275,0.0051,45.322731,0.00345,30.6594945,0.003525,31.32600525,APAD
BKB-3039,24.12059083,90.16891759,ZZ,coal,Dhaka,Bangladesh,operating,"8,886.81",0.007275,64.65154275,0.0051,45.322731,0.00345,30.6594945,0.003525,31.32600525,APAD
BKB-3040,24.12055327,90.16999797,ZZ,coal,Dhaka,Bangladesh,operating,"8,886.81",0.007275,64.65154275,0.0051,45.322731,0.00345,30.6594945,0.003525,31.32600525,APAD
BKB-3041,23.79537777,90.12357803,ZZ,coal,Dhaka,Bangladesh,operating,"8,886.81",0.007275,64.65154275,0.0051,45.322731,0.00345,30.6594945,0.003525,31.32600525,APAD
BKB-3042,23.7216724,90.2301661,ZZ,coal,Dhaka,Bangladesh,operating,"8,886.81",0.007275,64.65154275,0.0051,45.322731,0.00345,30.6594945,0.003525,31.32600525,APAD
BKB-3043,23.81394596,90.30323633,ZZ,coal,Dhaka,Bangladesh,operating,"8,886.81",0.007275,64.65154275,0.0051,45.322731,0.00345,30.6594945,0.003525,31.32600525,APAD
BKB-3044,23.66822504,89.70816475,ZZ,coal,Dhaka,Bangladesh,operating,"8,886.81",0.007275,64.65154275,0.0051,45.322731,0.00345,30.6594945,0.003525,31.32600525,APAD
BKB-3045,24.09240445,90.10439282,ZZ,coal,Dhaka,Bangladesh,operating,"8,886.81",0.007275,64.65154275,0.0051,45.322731,0.00345,30.6594945,0.003525,31.32600525,APAD
BKB-3046,24.09648937,90.1088272,ZZ,coal,Dhaka,Bangladesh,operating,"8,886.81",0.007275,64.65154275,0.0051,45.322731,0.00345,30.6594945,0.003525,31.32600525,APAD
BKB-3047,24.09118367,90.10606982,ZZ,coal,Dhaka,Bangladesh,operating,"8,886.81",0.007275,64.65154275,0.0051,45.322731,0.00345,30.6594945,0.003525,31.32600525,APAD
BKB-3048,23.42987957,89.54468854,ZZ,coal,Khulna,Bangladesh,operating,"8,886.81",0.007275,64.65154275,0.0051,45.322731,0.00345,30.6594945,0.003525,31.32600525,APAD
BKB-3049,23.37162142,90.04153897,ZZ,coal,Dhaka,Bangladesh,operating,"8,886.81",0.007275,64.65154275,0.0051,45.322731,0.00345,30.6594945,0.003525,31.32600525,APAD
BKB-3050,23.37180924,90.04546809,ZZ,coal,Dhaka,Bangladesh,operating,"8,886.81",0.007275,64.65154275,0.0051,45.322731,0.00345,30.6594945,0.003525,31.32600525,APAD
BKB-3051,24.12055483,90.17879831,ZZ,coal,Dhaka,Bangladesh,operating,"8,886.81",0.007275,64.65154275,0.0051,45.322731,0.00345,30.6594945,0.003525,31.32600525,APAD
BKB-3052,23.80099785,90.11047249,ZZ,coal,Dhaka,Bangladesh,operating,"8,886.81",0.007275,64.65154275,0.0051,45.322731,0.00345,30.6594945,0.003525,31.32600525,APAD
BKB-3053,23.80061753,90.1067315,ZZ,coal,Dhaka,Bangladesh,operating,"8,886.81",0.007275,64.65154275,0.0051,45.322731,0.00345,30.6594945,0.003525,31.32600525,APAD
BKB-3054,23.89223033,90.12610775,ZZ,coal,Dhaka,Bangladesh,operating,"8,886.81",0.007275,64.65154275,0.0051,45.322731,0.00345,30.6594945,0.003525,31.32600525,APAD
BKB-3055,26.06981074,89.219052,ZZ,coal,Rangpur,Bangladesh,operating,"8,886.81",0.007275,64.65154275,0.0051,45.322731,0.00345,30.6594945,0.003525,31.32600525,APAD
BKB-3056,23.77342183,90.20938571,ZZ,coal,Dhaka,Bangladesh,operating,"8,886.81",0.007275,64.65154275,0.0051,45.322731,0.00345,30.6594945,0.003525,31.32600525,APAD
BKB-3057,23.76572244,90.09454947,ZZ,coal,Dhaka,Bangladesh,operating,"8,886.81",0.007275,64.65154275,0.0051,45.322731,0.00345,30.6594945,0.003525,31.32600525,APAD
BKB-3058,23.6213944,89.86524809,ZZ,coal,Dhaka,Bangladesh,operating,"8,886.81",0.007275,64.65154275,0.0051,45.322731,0.00345,30.6594945,0.003525,31.32600525,APAD
BKB-3059,24.23285337,89.56448738,ZZ,coal,Rajshahi,Bangladesh,operating,"8,886.81",0.007275,64.65154275,0.0051,45.322731,0.00345,30.6594945,0.003525,31.32600525,APAD
BKB-3060,23.41367805,89.57021473,ZZ,coal,Khulna,Bangladesh,operating,"8,886.81",0.007275,64.65154275,0.0051,45.322731,0.00345,30.6594945,0.003525,31.32600525,APAD
BKB-3061,23.56520277,89.80287596,ZZ,coal,Dhaka,Bangladesh,operating,"8,886.81",0.007275,64.65154275,0.0051,45.322731,0.00345,30.6594945,0.003525,31.32600525,APAD
BKB-3062,24.13223583,90.17025453,ZZ,coal,Dhaka,Bangladesh,operating,"8,886.81",0.007275,64.65154275,0.0051,45.322731,0.00345,30.6594945,0.003525,31.32600525,APAD
BKB-3063,23.89365724,90.20941462,ZZ,coal,Dhaka,Bangladesh,operating,"8,886.81",0.007275,64.65154275,0.0051,45.322731,0.00345,30.6594945,0.003525,31.32600525,APAD
BKB-3064,23.89221578,90.21197312,ZZ,coal,Dhaka,Bangladesh,operating,"8,886.81",0.007275,64.65154275,0.0051,45.322731,0.00345,30.6594945,0.003525,31.32600525,APAD
BKB-3065,23.76367043,90.14466947,ZZ,coal,Dhaka,Bangladesh,operating,"8,886.81",0.007275,64.65154275,0.0051,45.322731,0.00345,30.6594945,0.003525,31.32600525,APAD
BKB-3066,23.88800062,90.12964525,ZZ,coal,Dhaka,Bangladesh,operating,"8,886.81",0.007275,64.65154275,0.0051,45.322731,0.00345,30.6594945,0.003525,31.32600525,APAD
BKB-3067,23.88999613,90.126044,ZZ,coal,Dhaka,Bangladesh,operating,"8,886.81",0.007275,64.65154275,0.0051,45.322731,0.00345,30.6594945,0.003525,31.32600525,APAD
BKB-3068,23.88957825,90.12863474,ZZ,coal,Dhaka,Bangladesh,operating,"8,886.81",0.007275,64.65154275,0.0051,45.322731,0.00345,30.6594945,0.003525,31.32600525,APAD
BKB-3069,23.88838094,90.12636649,ZZ,coal,Dhaka,Bangladesh,operating,"8,886.81",0.007275,64.65154275,0.0051,45.322731,0.00345,30.6594945,0.003525,31.32600525,APAD
BKB-3070,24.43888697,89.88172114,ZZ,coal,Dhaka,Bangladesh,operating,"8,886.81",0.007275,64.65154275,0.0051,45.322731,0.00345,30.6594945,0.003525,31.32600525,APAD
BKB-3071,24.23151839,89.98961249,ZZ,coal,Dhaka,Bangladesh,operating,"8,886.81",0.007275,64.65154275,0.0051,45.322731,0.00345,30.6594945,0.003525,31.32600525,APAD
BKB-3072,23.32467888,89.08361177,ZZ,coal,Khulna,Bangladesh,operating,"8,886.81",0.007275,64.65154275,0.0051,45.322731,0.00345,30.6594945,0.003525,31.32600525,APAD
BKB-3073,23.82516358,89.31355302,ZZ,coal,Khulna,Bangladesh,operating,"8,886.81",0.007275,64.65154275,0.0051,45.322731,0.00345,30.6594945,0.003525,31.32600525,APAD
BKB-3074,23.52954905,89.59297403,ZZ,coal,Dhaka,Bangladesh,operating,"8,886.81",0.007275,64.65154275,0.0051,45.322731,0.00345,30.6594945,0.003525,31.32600525,APAD
BKB-3075,23.61990871,88.79475551,ZZ,coal,Khulna,Bangladesh,operating,"8,886.81",0.007275,64.65154275,0.0051,45.322731,0.00345,30.6594945,0.003525,31.32600525,APAD
BKB-3076,23.92535225,90.04107208,ZZ,coal,Dhaka,Bangladesh,operating,"8,886.81",0.007275,64.65154275,0.0051,45.322731,0.00345,30.6594945,0.003525,31.32600525,APAD
BKB-3077,23.59935631,88.78661144,ZZ,coal,Khulna,Bangladesh,operating,"8,886.81",0.007275,64.65154275,0.0051,45.322731,0.00345,30.6594945,0.003525,31.32600525,APAD
BKB-3078,23.31559414,89.02460117,ZZ,coal,Khulna,Bangladesh,operating,"8,886.81",0.007275,64.65154275,0.0051,45.322731,0.00345,30.6594945,0.003525,31.32600525,APAD
BKB-3079,23.27253477,89.24706089,ZZ,coal,Khulna,Bangladesh,operating,"8,886.81",0.007275,64.65154275,0.0051,45.322731,0.00345,30.6594945,0.003525,31.32600525,APAD
BKB-3080,23.6264228,89.76737436,ZZ,coal,Dhaka,Bangladesh,operating,"8,886.81",0.007275,64.65154275,0.0051,45.322731,0.00345,30.6594945,0.003525,31.32600525,APAD
BKB-3081,23.2223421,89.15764896,ZZ,coal,Khulna,Bangladesh,operating,"8,886.81",0.007275,64.65154275,0.0051,45.322731,0.00345,30.6594945,0.003525,31.32600525,APAD
BKB-3082,23.67967709,89.30584971,ZZ,coal,Khulna,Bangladesh,operating,"8,886.81",0.007275,64.65154275,0.0051,45.322731,0.00345,30.6594945,0.003525,31.32600525,APAD
BKB-3083,23.40556839,89.46352438,ZZ,coal,Khulna,Bangladesh,operating,"8,886.81",0.007275,64.65154275,0.0051,45.322731,0.00345,30.6594945,0.003525,31.32600525,APAD
BKB-3084,23.40377008,89.46480901,ZZ,coal,Khulna,Bangladesh,operating,"8,886.81",0.007275,64.65154275,0.0051,45.322731,0.00345,30.6594945,0.003525,31.32600525,APAD
BKB-3085,23.65937734,89.95834878,ZZ,coal,Dhaka,Bangladesh,operating,"8,886.81",0.007275,64.65154275,0.0051,45.322731,0.00345,30.6594945,0.003525,31.32600525,APAD
BKB-3086,24.77555469,89.40457901,ZZ,coal,Rajshahi,Bangladesh,operating,"8,886.81",0.007275,64.65154275,0.0051,45.322731,0.00345,30.6594945,0.003525,31.32600525,APAD
BKB-3087,24.77216937,89.40350938,ZZ,coal,Rajshahi,Bangladesh,operating,"8,886.81",0.007275,64.65154275,0.0051,45.322731,0.00345,30.6594945,0.003525,31.32600525,APAD
BKB-3088,24.77541383,89.40358463,ZZ,coal,Rajshahi,Bangladesh,operating,"8,886.81",0.007275,64.65154275,0.0051,45.322731,0.00345,30.6594945,0.003525,31.32600525,APAD
BKB-3089,23.38798708,89.72441318,ZZ,coal,Dhaka,Bangladesh,operating,"8,886.81",0.007275,64.65154275,0.0051,45.322731,0.00345,30.6594945,0.003525,31.32600525,APAD
BKB-3090,23.62438015,89.85082873,ZZ,coal,Dhaka,Bangladesh,operating,"8,886.81",0.007275,64.65154275,0.0051,45.322731,0.00345,30.6594945,0.003525,31.32600525,APAD
BKB-3091,23.62389184,89.85608548,ZZ,coal,Dhaka,Bangladesh,operating,"8,886.81",0.007275,64.65154275,0.0051,45.322731,0.00345,30.6594945,0.003525,31.32600525,APAD
BKB-3092,23.62462431,89.85489761,ZZ,coal,Dhaka,Bangladesh,operating,"8,886.81",0.007275,64.65154275,0.0051,45.322731,0.00345,30.6594945,0.003525,31.32600525,APAD
BKB-3093,23.57779397,89.13049546,ZZ,coal,Khulna,Bangladesh,operating,"8,886.81",0.007275,64.65154275,0.0051,45.322731,0.00345,30.6594945,0.003525,31.32600525,APAD
BKB-3094,24.8873581,89.20705492,ZZ,coal,Rajshahi,Bangladesh,operating,"8,886.81",0.007275,64.65154275,0.0051,45.322731,0.00345,30.6594945,0.003525,31.32600525,APAD
BKB-3095,23.8158146,90.0418053,ZZ,coal,Dhaka,Bangladesh,operating,"8,886.81",0.007275,64.65154275,0.0051,45.322731,0.00345,30.6594945,0.003525,31.32600525,APAD
BKB-3096,23.81725136,90.04316517,ZZ,coal,Dhaka,Bangladesh,operating,"8,886.81",0.007275,64.65154275,0.0051,45.322731,0.00345,30.6594945,0.003525,31.32600525,APAD
BKB-3097,23.67652489,90.43429373,ZZ,coal,Dhaka,Bangladesh,operating,"8,886.81",0.007275,64.65154275,0.0051,45.322731,0.00345,30.6594945,0.003525,31.32600525,APAD
BKB-3098,23.75604866,89.5976676,ZZ,coal,Dhaka,Bangladesh,operating,"8,886.81",0.007275,64.65154275,0.0051,45.322731,0.00345,30.6594945,0.003525,31.32600525,APAD
BKB-3099,23.38647467,89.13660149,ZZ,coal,Khulna,Bangladesh,operating,"8,886.81",0.007275,64.65154275,0.0051,45.322731,0.00345,30.6594945,0.003525,31.32600525,APAD
BKB-3100,23.61049876,89.46992779,ZZ,coal,Khulna,Bangladesh,operating,"8,886.81",0.007275,64.65154275,0.0051,45.322731,0.00345,30.6594945,0.003525,31.32600525,APAD
BKB-3101,24.11550923,90.16262933,ZZ,coal,Dhaka,Bangladesh,operating,"8,886.81",0.007275,64.65154275,0.0051,45.322731,0.00345,30.6594945,0.003525,31.32600525,APAD
BKB-3102,24.11154638,90.16750983,ZZ,coal,Dhaka,Bangladesh,operating,"8,886.81",0.007275,64.65154275,0.0051,45.322731,0.00345,30.6594945,0.003525,31.32600525,APAD
BKB-3103,24.11480493,90.16443533,ZZ,coal,Dhaka,Bangladesh,operating,"8,886.81",0.007275,64.65154275,0.0051,45.322731,0.00345,30.6594945,0.003525,31.32600525,APAD
BKB-3104,23.53362249,89.28126387,ZZ,coal,Khulna,Bangladesh,operating,"8,886.81",0.007275,64.65154275,0.0051,45.322731,0.00345,30.6594945,0.003525,31.32600525,APAD
BKB-3105,23.53437374,89.27908161,ZZ,coal,Khulna,Bangladesh,operating,"8,886.81",0.007275,64.65154275,0.0051,45.322731,0.00345,30.6594945,0.003525,31.32600525,APAD
BKB-3106,24.4585715,89.85407389,ZZ,coal,Dhaka,Bangladesh,operating,"8,886.81",0.007275,64.65154275,0.0051,45.322731,0.00345,30.6594945,0.003525,31.32600525,APAD
BKB-3107,24.07635752,90.12326272,ZZ,coal,Dhaka,Bangladesh,operating,"8,886.81",0.007275,64.65154275,0.0051,45.322731,0.00345,30.6594945,0.003525,31.32600525,APAD
BKB-3108,24.08115143,90.12418722,ZZ,coal,Dhaka,Bangladesh,operating,"8,886.81",0.007275,64.65154275,0.0051,45.322731,0.00345,30.6594945,0.003525,31.32600525,APAD
BKB-3109,24.07842815,90.12259085,ZZ,coal,Dhaka,Bangladesh,operating,"8,886.81",0.007275,64.65154275,0.0051,45.322731,0.00345,30.6594945,0.003525,31.32600525,APAD
BKB-3110,23.39859843,89.08923028,ZZ,coal,Khulna,Bangladesh,operating,"8,886.81",0.007275,64.65154275,0.0051,45.322731,0.00345,30.6594945,0.003525,31.32600525,APAD
BKB-3111,23.54113599,89.11030837,ZZ,coal,Khulna,Bangladesh,operating,"8,886.81",0.007275,64.65154275,0.0051,45.322731,0.00345,30.6594945,0.003525,31.32600525,APAD
BKB-3112,23.63424218,90.35068788,ZZ,coal,Dhaka,Bangladesh,operating,"8,886.81",0.007275,64.65154275,0.0051,45.322731,0.00345,30.6594945,0.003525,31.32600525,APAD
BKB-3113,23.6352235,90.35052126,ZZ,coal,Dhaka,Bangladesh,operating,"8,886.81",0.007275,64.65154275,0.0051,45.322731,0.00345,30.6594945,0.003525,31.32600525,APAD
BKB-3114,23.63549113,90.35246163,ZZ,coal,Dhaka,Bangladesh,operating,"8,886.81",0.007275,64.65154275,0.0051,45.322731,0.00345,30.6594945,0.003525,31.32600525,APAD
BKB-3115,23.96169266,90.19883311,ZZ,coal,Dhaka,Bangladesh,operating,"8,886.81",0.007275,64.65154275,0.0051,45.322731,0.00345,30.6594945,0.003525,31.32600525,APAD
BKB-3116,23.62574594,90.44508779,ZZ,coal,Dhaka,Bangladesh,operating,"8,886.81",0.007275,64.65154275,0.0051,45.322731,0.00345,30.6594945,0.003525,31.32600525,APAD
BKB-3117,23.62226201,90.44393754,ZZ,coal,Dhaka,Bangladesh,operating,"8,886.81",0.007275,64.65154275,0.0051,45.322731,0.00345,30.6594945,0.003525,31.32600525,APAD
BKB-3118,23.62112105,90.44690992,ZZ,coal,Dhaka,Bangladesh,operating,"8,886.81",0.007275,64.65154275,0.0051,45.322731,0.00345,30.6594945,0.003525,31.32600525,APAD
BKB-3119,23.62150137,90.44320654,ZZ,coal,Dhaka,Bangladesh,operating,"8,886.81",0.007275,64.65154275,0.0051,45.322731,0.00345,30.6594945,0.003525,31.32600525,APAD
BKB-3120,23.62198499,90.44825904,ZZ,coal,Dhaka,Bangladesh,operating,"8,886.81",0.007275,64.65154275,0.0051,45.322731,0.00345,30.6594945,0.003525,31.32600525,APAD
BKB-3121,23.42450886,89.87873691,ZZ,coal,Dhaka,Bangladesh,operating,"8,886.81",0.007275,64.65154275,0.0051,45.322731,0.00345,30.6594945,0.003525,31.32600525,APAD
BKB-3122,23.79742092,90.11221975,ZZ,coal,Dhaka,Bangladesh,operating,"8,886.81",0.007275,64.65154275,0.0051,45.322731,0.00345,30.6594945,0.003525,31.32600525,APAD
BKB-3123,23.79681053,90.10954838,ZZ,coal,Dhaka,Bangladesh,operating,"8,886.81",0.007275,64.65154275,0.0051,45.322731,0.00345,30.6594945,0.003525,31.32600525,APAD
BKB-3124,23.79395108,90.10983863,ZZ,coal,Dhaka,Bangladesh,operating,"8,886.81",0.007275,64.65154275,0.0051,45.322731,0.00345,30.6594945,0.003525,31.32600525,APAD
BKB-3125,23.87870312,90.15912608,ZZ,coal,Dhaka,Bangladesh,operating,"8,886.81",0.007275,64.65154275,0.0051,45.322731,0.00345,30.6594945,0.003525,31.32600525,APAD
BKB-3126,23.24726262,89.02258672,ZZ,coal,Khulna,Bangladesh,operating,"8,886.81",0.007275,64.65154275,0.0051,45.322731,0.00345,30.6594945,0.003525,31.32600525,APAD
BKB-3127,23.65912108,89.72402782,ZZ,coal,Dhaka,Bangladesh,operating,"8,886.81",0.007275,64.65154275,0.0051,45.322731,0.00345,30.6594945,0.003525,31.32600525,APAD
BKB-3128,24.00674058,89.19094892,ZZ,coal,Rajshahi,Bangladesh,operating,"8,886.81",0.007275,64.65154275,0.0051,45.322731,0.00345,30.6594945,0.003525,31.32600525,APAD
BKB-3129,23.34206026,88.89198359,ZZ,coal,Khulna,Bangladesh,operating,"8,886.81",0.007275,64.65154275,0.0051,45.322731,0.00345,30.6594945,0.003525,31.32600525,APAD
BKB-3130,25.09650106,89.51801666,ZZ,coal,Rangpur,Bangladesh,operating,"8,886.81",0.007275,64.65154275,0.0051,45.322731,0.00345,30.6594945,0.003525,31.32600525,APAD
BKB-3131,23.51905579,89.86802837,ZZ,coal,Dhaka,Bangladesh,operating,"8,886.81",0.007275,64.65154275,0.0051,45.322731,0.00345,30.6594945,0.003525,31.32600525,APAD
BKB-3132,23.58884267,88.71916994,ZZ,coal,Khulna,Bangladesh,operating,"8,886.81",0.007275,64.65154275,0.0051,45.322731,0.00345,30.6594945,0.003525,31.32600525,APAD
BKB-3133,23.64381478,90.37981053,ZZ,coal,Dhaka,Bangladesh,operating,"8,886.81",0.007275,64.65154275,0.0051,45.322731,0.00345,30.6594945,0.003525,31.32600525,APAD
BKB-3134,23.64382886,90.37789165,ZZ,coal,Dhaka,Bangladesh,operating,"8,886.81",0.007275,64.65154275,0.0051,45.322731,0.00345,30.6594945,0.003525,31.32600525,APAD
BKB-3135,23.70217754,89.72329332,ZZ,coal,Dhaka,Bangladesh,operating,"8,886.81",0.007275,64.65154275,0.0051,45.322731,0.00345,30.6594945,0.003525,31.32600525,APAD
BKB-3136,23.70363309,89.72419632,ZZ,coal,Dhaka,Bangladesh,operating,"8,886.81",0.007275,64.65154275,0.0051,45.322731,0.00345,30.6594945,0.003525,31.32600525,APAD
BKB-3137,23.69898473,89.72070257,ZZ,coal,Dhaka,Bangladesh,operating,"8,886.81",0.007275,64.65154275,0.0051,45.322731,0.00345,30.6594945,0.003525,31.32600525,APAD
BKB-3138,23.61594357,88.82876758,ZZ,coal,Khulna,Bangladesh,operating,"8,886.81",0.007275,64.65154275,0.0051,45.322731,0.00345,30.6594945,0.003525,31.32600525,APAD
BKB-3139,23.85651473,88.62476586,ZZ,coal,Khulna,Bangladesh,operating,"8,886.81",0.007275,64.65154275,0.0051,45.322731,0.00345,30.6594945,0.003525,31.32600525,APAD
BKB-3140,23.35454261,89.23262679,ZZ,coal,Khulna,Bangladesh,operating,"8,886.81",0.007275,64.65154275,0.0051,45.322731,0.00345,30.6594945,0.003525,31.32600525,APAD
BKB-3141,24.55396546,88.23529206,ZZ,coal,Rajshahi,Bangladesh,operating,"8,886.81",0.007275,64.65154275,0.0051,45.322731,0.00345,30.6594945,0.003525,31.32600525,APAD
BKB-3142,23.98535022,90.08215352,ZZ,coal,Dhaka,Bangladesh,operating,"8,886.81",0.007275,64.65154275,0.0051,45.322731,0.00345,30.6594945,0.003525,31.32600525,APAD
BKB-3143,23.75759813,89.49903301,ZZ,coal,Dhaka,Bangladesh,operating,"8,886.81",0.007275,64.65154275,0.0051,45.322731,0.00345,30.6594945,0.003525,31.32600525,APAD
BKB-3144,23.7570253,89.49753876,ZZ,coal,Dhaka,Bangladesh,operating,"8,886.81",0.007275,64.65154275,0.0051,45.322731,0.00345,30.6594945,0.003525,31.32600525,APAD
BKB-3145,23.39726723,89.11782346,ZZ,coal,Khulna,Bangladesh,operating,"8,886.81",0.007275,64.65154275,0.0051,45.322731,0.00345,30.6594945,0.003525,31.32600525,APAD
BKB-3146,23.54060976,88.81318094,ZZ,coal,Khulna,Bangladesh,operating,"8,886.81",0.007275,64.65154275,0.0051,45.322731,0.00345,30.6594945,0.003525,31.32600525,APAD
BKB-3147,23.4756329,90.03622551,ZZ,coal,Dhaka,Bangladesh,operating,"8,886.81",0.007275,64.65154275,0.0051,45.322731,0.00345,30.6594945,0.003525,31.32600525,APAD
BKB-3148,24.07011075,90.11415308,ZZ,coal,Dhaka,Bangladesh,operating,"8,886.81",0.007275,64.65154275,0.0051,45.322731,0.00345,30.6594945,0.003525,31.32600525,APAD
BKB-3149,24.06981025,90.11583008,ZZ,coal,Dhaka,Bangladesh,operating,"8,886.81",0.007275,64.65154275,0.0051,45.322731,0.00345,30.6594945,0.003525,31.32600525,APAD
BKB-3150,24.45630774,89.97578751,ZZ,coal,Dhaka,Bangladesh,operating,"8,886.81",0.007275,64.65154275,0.0051,45.322731,0.00345,30.6594945,0.003525,31.32600525,APAD
BKB-3151,23.57871929,88.69745599,ZZ,coal,Khulna,Bangladesh,operating,"8,886.81",0.007275,64.65154275,0.0051,45.322731,0.00345,30.6594945,0.003525,31.32600525,APAD
BKB-3152,23.39779323,89.15537319,ZZ,coal,Khulna,Bangladesh,operating,"8,886.81",0.007275,64.65154275,0.0051,45.322731,0.00345,30.6594945,0.003525,31.32600525,APAD
BKB-3153,23.95826927,90.08734802,ZZ,coal,Dhaka,Bangladesh,operating,"8,886.81",0.007275,64.65154275,0.0051,45.322731,0.00345,30.6594945,0.003525,31.32600525,APAD
BKB-3154,23.95735368,90.08549365,ZZ,coal,Dhaka,Bangladesh,operating,"8,886.81",0.007275,64.65154275,0.0051,45.322731,0.00345,30.6594945,0.003525,31.32600525,APAD
BKB-3155,23.95660713,90.08680515,ZZ,coal,Dhaka,Bangladesh,operating,"8,886.81",0.007275,64.65154275,0.0051,45.322731,0.00345,30.6594945,0.003525,31.32600525,APAD
BKB-3156,23.57622107,89.28256201,ZZ,coal,Khulna,Bangladesh,operating,"8,886.81",0.007275,64.65154275,0.0051,45.322731,0.00345,30.6594945,0.003525,31.32600525,APAD
BKB-3157,23.73663264,90.21957324,ZZ,coal,Dhaka,Bangladesh,operating,"8,886.81",0.007275,64.65154275,0.0051,45.322731,0.00345,30.6594945,0.003525,31.32600525,APAD
BKB-3158,23.7584803,90.22430297,ZZ,coal,Dhaka,Bangladesh,operating,"8,886.81",0.007275,64.65154275,0.0051,45.322731,0.00345,30.6594945,0.003525,31.32600525,APAD
BKB-3159,23.92815968,90.16082056,ZZ,coal,Dhaka,Bangladesh,operating,"8,886.81",0.007275,64.65154275,0.0051,45.322731,0.00345,30.6594945,0.003525,31.32600525,APAD
BKB-3160,23.92796248,90.16155694,ZZ,coal,Dhaka,Bangladesh,operating,"8,886.81",0.007275,64.65154275,0.0051,45.322731,0.00345,30.6594945,0.003525,31.32600525,APAD
BKB-3161,23.64289539,90.3422737,ZZ,coal,Dhaka,Bangladesh,operating,"8,886.81",0.007275,64.65154275,0.0051,45.322731,0.00345,30.6594945,0.003525,31.32600525,APAD
BKB-3162,23.62467409,89.83695696,ZZ,coal,Dhaka,Bangladesh,operating,"8,886.81",0.007275,64.65154275,0.0051,45.322731,0.00345,30.6594945,0.003525,31.32600525,APAD
BKB-3163,23.62538308,89.83669358,ZZ,coal,Dhaka,Bangladesh,operating,"8,886.81",0.007275,64.65154275,0.0051,45.322731,0.00345,30.6594945,0.003525,31.32600525,APAD
BKB-3164,23.70002557,88.88260209,ZZ,coal,Khulna,Bangladesh,operating,"8,886.81",0.007275,64.65154275,0.0051,45.322731,0.00345,30.6594945,0.003525,31.32600525,APAD
BKB-3165,24.79550734,89.22238699,ZZ,coal,Rajshahi,Bangladesh,operating,"8,886.81",0.007275,64.65154275,0.0051,45.322731,0.00345,30.6594945,0.003525,31.32600525,APAD
BKB-3166,23.6071644,90.16701361,ZZ,coal,Dhaka,Bangladesh,operating,"8,886.81",0.007275,64.65154275,0.0051,45.322731,0.00345,30.6594945,0.003525,31.32600525,APAD
BKB-3167,23.60624412,90.16945386,ZZ,coal,Dhaka,Bangladesh,operating,"8,886.81",0.007275,64.65154275,0.0051,45.322731,0.00345,30.6594945,0.003525,31.32600525,APAD
BKB-3168,23.60579807,90.17125449,ZZ,coal,Dhaka,Bangladesh,operating,"8,886.81",0.007275,64.65154275,0.0051,45.322731,0.00345,30.6594945,0.003525,31.32600525,APAD
BKB-3169,23.60441295,90.17060411,ZZ,coal,Dhaka,Bangladesh,operating,"8,886.81",0.007275,64.65154275,0.0051,45.322731,0.00345,30.6594945,0.003525,31.32600525,APAD
BKB-3170,23.34696005,88.91296188,ZZ,coal,Khulna,Bangladesh,operating,"8,886.81",0.007275,64.65154275,0.0051,45.322731,0.00345,30.6594945,0.003525,31.32600525,APAD
BKB-3171,23.92753718,89.61609642,ZZ,coal,Rajshahi,Bangladesh,operating,"8,886.81",0.007275,64.65154275,0.0051,45.322731,0.00345,30.6594945,0.003525,31.32600525,APAD
BKB-3172,23.64388476,90.43675217,ZZ,coal,Dhaka,Bangladesh,operating,"8,886.81",0.007275,64.65154275,0.0051,45.322731,0.00345,30.6594945,0.003525,31.32600525,APAD
BKB-3173,23.65121038,90.12537002,ZZ,coal,Dhaka,Bangladesh,operating,"8,886.81",0.007275,64.65154275,0.0051,45.322731,0.00345,30.6594945,0.003525,31.32600525,APAD
BKB-3174,25.36279298,89.55634235,ZZ,coal,Rangpur,Bangladesh,operating,"8,886.81",0.007275,64.65154275,0.0051,45.322731,0.00345,30.6594945,0.003525,31.32600525,APAD
BKB-3175,25.36315921,89.5549986,ZZ,coal,Rangpur,Bangladesh,operating,"8,886.81",0.007275,64.65154275,0.0051,45.322731,0.00345,30.6594945,0.003525,31.32600525,APAD
BKB-3176,25.36170836,89.55496097,ZZ,coal,Rangpur,Bangladesh,operating,"8,886.81",0.007275,64.65154275,0.0051,45.322731,0.00345,30.6594945,0.003525,31.32600525,APAD
BKB-3177,25.36447859,89.55571885,ZZ,coal,Rangpur,Bangladesh,operating,"8,886.81",0.007275,64.65154275,0.0051,45.322731,0.00345,30.6594945,0.003525,31.32600525,APAD
BKB-3178,25.36506081,89.55553072,ZZ,coal,Rangpur,Bangladesh,operating,"8,886.81",0.007275,64.65154275,0.0051,45.322731,0.00345,30.6594945,0.003525,31.32600525,APAD
BKB-3179,23.61588946,88.82846306,ZZ,coal,Khulna,Bangladesh,operating,"8,886.81",0.007275,64.65154275,0.0051,45.322731,0.00345,30.6594945,0.003525,31.32600525,APAD
BKB-3180,23.34255875,89.334085,ZZ,coal,Khulna,Bangladesh,operating,"8,886.81",0.007275,64.65154275,0.0051,45.322731,0.00345,30.6594945,0.003525,31.32600525,APAD
BKB-3181,23.7095505,89.74799539,ZZ,coal,Dhaka,Bangladesh,operating,"8,886.81",0.007275,64.65154275,0.0051,45.322731,0.00345,30.6594945,0.003525,31.32600525,APAD
BKB-3182,23.8943655,90.05483799,ZZ,coal,Dhaka,Bangladesh,operating,"8,886.81",0.007275,64.65154275,0.0051,45.322731,0.00345,30.6594945,0.003525,31.32600525,APAD
BKB-3183,23.80318235,90.3158695,ZZ,coal,Dhaka,Bangladesh,operating,"8,886.81",0.007275,64.65154275,0.0051,45.322731,0.00345,30.6594945,0.003525,31.32600525,APAD
BKB-3184,23.82123732,88.6484833,ZZ,coal,Khulna,Bangladesh,operating,"8,886.81",0.007275,64.65154275,0.0051,45.322731,0.00345,30.6594945,0.003525,31.32600525,APAD
BKB-3185,24.01983554,90.00779107,ZZ,coal,Dhaka,Bangladesh,operating,"8,886.81",0.007275,64.65154275,0.0051,45.322731,0.00345,30.6594945,0.003525,31.32600525,APAD
BKB-3186,25.8606369,88.37680082,ZZ,coal,Rangpur,Bangladesh,operating,"8,886.81",0.007275,64.65154275,0.0051,45.322731,0.00345,30.6594945,0.003525,31.32600525,APAD
BKB-3187,25.86333201,88.37675782,ZZ,coal,Rangpur,Bangladesh,operating,"8,886.81",0.007275,64.65154275,0.0051,45.322731,0.00345,30.6594945,0.003525,31.32600525,APAD
BKB-3188,25.8634447,88.37895082,ZZ,coal,Rangpur,Bangladesh,operating,"8,886.81",0.007275,64.65154275,0.0051,45.322731,0.00345,30.6594945,0.003525,31.32600525,APAD
BKB-3189,25.04989932,89.45366789,ZZ,coal,Rajshahi,Bangladesh,operating,"8,886.81",0.007275,64.65154275,0.0051,45.322731,0.00345,30.6594945,0.003525,31.32600525,APAD
BKB-3190,23.69810354,88.69876232,ZZ,coal,Khulna,Bangladesh,operating,"8,886.81",0.007275,64.65154275,0.0051,45.322731,0.00345,30.6594945,0.003525,31.32600525,APAD
BKB-3191,24.90180553,88.82664277,ZZ,coal,Rajshahi,Bangladesh,operating,"8,886.81",0.007275,64.65154275,0.0051,45.322731,0.00345,30.6594945,0.003525,31.32600525,APAD
BKB-3192,23.70279465,89.75505499,ZZ,coal,Dhaka,Bangladesh,operating,"8,886.81",0.007275,64.65154275,0.0051,45.322731,0.00345,30.6594945,0.003525,31.32600525,APAD
BKB-3193,23.9481578,90.15718508,ZZ,coal,Dhaka,Bangladesh,operating,"8,886.81",0.007275,64.65154275,0.0051,45.322731,0.00345,30.6594945,0.003525,31.32600525,APAD
BKB-3194,23.66736981,90.3804666,ZZ,coal,Dhaka,Bangladesh,operating,"8,886.81",0.007275,64.65154275,0.0051,45.322731,0.00345,30.6594945,0.003525,31.32600525,APAD
BKB-3195,23.66670777,90.3801226,ZZ,coal,Dhaka,Bangladesh,operating,"8,886.81",0.007275,64.65154275,0.0051,45.322731,0.00345,30.6594945,0.003525,31.32600525,APAD
BKB-3196,23.66582505,90.37971947,ZZ,coal,Dhaka,Bangladesh,operating,"8,886.81",0.007275,64.65154275,0.0051,45.322731,0.00345,30.6594945,0.003525,31.32600525,APAD
BKB-3197,23.71785207,89.20372267,ZZ,coal,Khulna,Bangladesh,operating,"8,886.81",0.007275,64.65154275,0.0051,45.322731,0.00345,30.6594945,0.003525,31.32600525,APAD
BKB-3198,23.5195674,89.01688995,ZZ,coal,Khulna,Bangladesh,operating,"8,886.81",0.007275,64.65154275,0.0051,45.322731,0.00345,30.6594945,0.003525,31.32600525,APAD
BKB-3199,23.33898804,88.92816838,ZZ,coal,Khulna,Bangladesh,operating,"8,886.81",0.007275,64.65154275,0.0051,45.322731,0.00345,30.6594945,0.003525,31.32600525,APAD
BKB-3200,23.81895116,90.01515428,ZZ,coal,Dhaka,Bangladesh,operating,"8,886.81",0.007275,64.65154275,0.0051,45.322731,0.00345,30.6594945,0.003525,31.32600525,APAD
BKB-3201,24.01884058,88.88031294,ZZ,coal,Khulna,Bangladesh,operating,"8,886.81",0.007275,64.65154275,0.0051,45.322731,0.00345,30.6594945,0.003525,31.32600525,APAD
BKB-3202,24.75759685,89.8833152,ZZ,coal,Mymensingh,Bangladesh,operating,"8,886.81",0.007275,64.65154275,0.0051,45.322731,0.00345,30.6594945,0.003525,31.32600525,APAD
BKB-3203,24.35604405,90.00281759,ZZ,coal,Dhaka,Bangladesh,operating,"8,886.81",0.007275,64.65154275,0.0051,45.322731,0.00345,30.6594945,0.003525,31.32600525,APAD
BKB-3204,25.1998294,89.02976488,ZZ,coal,Rajshahi,Bangladesh,operating,"8,886.81",0.007275,64.65154275,0.0051,45.322731,0.00345,30.6594945,0.003525,31.32600525,APAD
BKB-3205,23.31481628,88.77904248,ZZ,coal,Khulna,Bangladesh,operating,"8,886.81",0.007275,64.65154275,0.0051,45.322731,0.00345,30.6594945,0.003525,31.32600525,APAD
BKB-3206,25.79854324,88.33138168,ZZ,coal,Rangpur,Bangladesh,operating,"8,886.81",0.007275,64.65154275,0.0051,45.322731,0.00345,30.6594945,0.003525,31.32600525,APAD
BKB-3207,24.30870341,88.72959277,ZZ,coal,Rajshahi,Bangladesh,operating,"8,886.81",0.007275,64.65154275,0.0051,45.322731,0.00345,30.6594945,0.003525,31.32600525,APAD
BKB-3208,23.8687271,89.98230689,ZZ,coal,Dhaka,Bangladesh,operating,"8,886.81",0.007275,64.65154275,0.0051,45.322731,0.00345,30.6594945,0.003525,31.32600525,APAD
BKB-3209,23.87019674,89.98300027,ZZ,coal,Dhaka,Bangladesh,operating,"8,886.81",0.007275,64.65154275,0.0051,45.322731,0.00345,30.6594945,0.003525,31.32600525,APAD
BKB-3210,23.99692614,89.29832384,ZZ,coal,Rajshahi,Bangladesh,operating,"8,886.81",0.007275,64.65154275,0.0051,45.322731,0.00345,30.6594945,0.003525,31.32600525,APAD
BKB-3211,23.64093905,89.81103719,ZZ,coal,Dhaka,Bangladesh,operating,"8,886.81",0.007275,64.65154275,0.0051,45.322731,0.00345,30.6594945,0.003525,31.32600525,APAD
BKB-3212,23.62826014,90.44599666,ZZ,coal,Dhaka,Bangladesh,operating,"8,886.81",0.007275,64.65154275,0.0051,45.322731,0.00345,30.6594945,0.003525,31.32600525,APAD
BKB-3213,23.97028529,89.48772381,ZZ,coal,Rajshahi,Bangladesh,operating,"8,886.81",0.007275,64.65154275,0.0051,45.322731,0.00345,30.6594945,0.003525,31.32600525,APAD
BKB-3214,23.97059987,89.48698207,ZZ,coal,Rajshahi,Bangladesh,operating,"8,886.81",0.007275,64.65154275,0.0051,45.322731,0.00345,30.6594945,0.003525,31.32600525,APAD
BKB-3215,23.29276011,88.80715514,ZZ,coal,Khulna,Bangladesh,operating,"8,886.81",0.007275,64.65154275,0.0051,45.322731,0.00345,30.6594945,0.003525,31.32600525,APAD
BKB-3216,23.56298211,88.76813261,ZZ,coal,Khulna,Bangladesh,operating,"8,886.81",0.007275,64.65154275,0.0051,45.322731,0.00345,30.6594945,0.003525,31.32600525,APAD
BKB-3217,23.63419648,90.35045636,ZZ,coal,Dhaka,Bangladesh,operating,"8,886.81",0.007275,64.65154275,0.0051,45.322731,0.00345,30.6594945,0.003525,31.32600525,APAD
BKB-3218,23.6351778,90.35029511,ZZ,coal,Dhaka,Bangladesh,operating,"8,886.81",0.007275,64.65154275,0.0051,45.322731,0.00345,30.6594945,0.003525,31.32600525,APAD
BKB-3219,23.3997354,89.10871168,ZZ,coal,Khulna,Bangladesh,operating,"8,886.81",0.007275,64.65154275,0.0051,45.322731,0.00345,30.6594945,0.003525,31.32600525,APAD
BKB-3220,23.75206066,89.63072723,ZZ,coal,Dhaka,Bangladesh,operating,"8,886.81",0.007275,64.65154275,0.0051,45.322731,0.00345,30.6594945,0.003525,31.32600525,APAD
BKB-3221,24.54551361,89.98366603,ZZ,coal,Dhaka,Bangladesh,operating,"8,886.81",0.007275,64.65154275,0.0051,45.322731,0.00345,30.6594945,0.003525,31.32600525,APAD
BKB-3222,24.73759871,88.95783766,ZZ,coal,Rajshahi,Bangladesh,operating,"8,886.81",0.007275,64.65154275,0.0051,45.322731,0.00345,30.6594945,0.003525,31.32600525,APAD
BKB-3223,24.17167308,90.11774791,ZZ,coal,Dhaka,Bangladesh,operating,"8,886.81",0.007275,64.65154275,0.0051,45.322731,0.00345,30.6594945,0.003525,31.32600525,APAD
BKB-3224,23.45522655,89.43112817,ZZ,coal,Khulna,Bangladesh,operating,"8,886.81",0.007275,64.65154275,0.0051,45.322731,0.00345,30.6594945,0.003525,31.32600525,APAD
BKB-3225,25.40055392,89.09686283,ZZ,coal,Rangpur,Bangladesh,operating,"8,886.81",0.007275,64.65154275,0.0051,45.322731,0.00345,30.6594945,0.003525,31.32600525,APAD
BKB-3226,24.4363884,88.9562745,ZZ,coal,Rajshahi,Bangladesh,operating,"8,886.81",0.007275,64.65154275,0.0051,45.322731,0.00345,30.6594945,0.003525,31.32600525,APAD
BKB-3227,24.43428021,88.95971988,ZZ,coal,Rajshahi,Bangladesh,operating,"8,886.81",0.007275,64.65154275,0.0051,45.322731,0.00345,30.6594945,0.003525,31.32600525,APAD
BKB-3228,23.37363079,89.23696704,ZZ,coal,Khulna,Bangladesh,operating,"8,886.81",0.007275,64.65154275,0.0051,45.322731,0.00345,30.6594945,0.003525,31.32600525,APAD
BKB-3229,23.37157894,89.23786466,ZZ,coal,Khulna,Bangladesh,operating,"8,886.81",0.007275,64.65154275,0.0051,45.322731,0.00345,30.6594945,0.003525,31.32600525,APAD
BKB-3230,24.40587221,89.4521689,ZZ,coal,Rajshahi,Bangladesh,operating,"8,886.81",0.007275,64.65154275,0.0051,45.322731,0.00345,30.6594945,0.003525,31.32600525,APAD
BKB-3231,23.7573773,89.48539763,ZZ,coal,Dhaka,Bangladesh,operating,"8,886.81",0.007275,64.65154275,0.0051,45.322731,0.00345,30.6594945,0.003525,31.32600525,APAD
BKB-3232,23.75784214,89.48712838,ZZ,coal,Dhaka,Bangladesh,operating,"8,886.81",0.007275,64.65154275,0.0051,45.322731,0.00345,30.6594945,0.003525,31.32600525,APAD
BKB-3233,23.95122691,90.19913044,ZZ,coal,Dhaka,Bangladesh,operating,"8,886.81",0.007275,64.65154275,0.0051,45.322731,0.00345,30.6594945,0.003525,31.32600525,APAD
BKB-3234,23.7547044,90.11025984,ZZ,coal,Dhaka,Bangladesh,operating,"8,886.81",0.007275,64.65154275,0.0051,45.322731,0.00345,30.6594945,0.003525,31.32600525,APAD
BKB-3235,23.75627264,90.10950197,ZZ,coal,Dhaka,Bangladesh,operating,"8,886.81",0.007275,64.65154275,0.0051,45.322731,0.00345,30.6594945,0.003525,31.32600525,APAD
BKB-3236,23.58610189,90.17104088,ZZ,coal,Dhaka,Bangladesh,operating,"8,886.81",0.007275,64.65154275,0.0051,45.322731,0.00345,30.6594945,0.003525,31.32600525,APAD
BKB-3237,23.70965639,89.70531746,ZZ,coal,Dhaka,Bangladesh,operating,"8,886.81",0.007275,64.65154275,0.0051,45.322731,0.00345,30.6594945,0.003525,31.32600525,APAD
BKB-3238,23.53491135,89.21200224,ZZ,coal,Khulna,Bangladesh,operating,"8,886.81",0.007275,64.65154275,0.0051,45.322731,0.00345,30.6594945,0.003525,31.32600525,APAD
BKB-3239,23.28135694,88.75670849,ZZ,coal,Khulna,Bangladesh,operating,"8,886.81",0.007275,64.65154275,0.0051,45.322731,0.00345,30.6594945,0.003525,31.32600525,APAD
BKB-3240,24.86576173,89.4104906,ZZ,coal,Rajshahi,Bangladesh,operating,"8,886.81",0.007275,64.65154275,0.0051,45.322731,0.00345,30.6594945,0.003525,31.32600525,APAD
BKB-3241,23.98929765,90.07981665,ZZ,coal,Dhaka,Bangladesh,operating,"8,886.81",0.007275,64.65154275,0.0051,45.322731,0.00345,30.6594945,0.003525,31.32600525,APAD
BKB-3242,23.55598874,89.78484547,ZZ,coal,Dhaka,Bangladesh,operating,"8,886.81",0.007275,64.65154275,0.0051,45.322731,0.00345,30.6594945,0.003525,31.32600525,APAD
BKB-3243,23.6327042,90.37175149,ZZ,coal,Dhaka,Bangladesh,operating,"8,886.81",0.007275,64.65154275,0.0051,45.322731,0.00345,30.6594945,0.003525,31.32600525,APAD
BKB-3244,23.63222058,90.37428311,ZZ,coal,Dhaka,Bangladesh,operating,"8,886.81",0.007275,64.65154275,0.0051,45.322731,0.00345,30.6594945,0.003525,31.32600525,APAD
BKB-3245,23.79358304,90.30344931,ZZ,coal,Dhaka,Bangladesh,operating,"8,886.81",0.007275,64.65154275,0.0051,45.322731,0.00345,30.6594945,0.003525,31.32600525,APAD
BKB-3246,23.7936159,90.30408894,ZZ,coal,Dhaka,Bangladesh,operating,"8,886.81",0.007275,64.65154275,0.0051,45.322731,0.00345,30.6594945,0.003525,31.32600525,APAD
BKB-3247,23.60282935,89.60773595,ZZ,coal,Dhaka,Bangladesh,operating,"8,886.81",0.007275,64.65154275,0.0051,45.322731,0.00345,30.6594945,0.003525,31.32600525,APAD
BKB-3248,23.52637021,88.98729759,ZZ,coal,Khulna,Bangladesh,operating,"8,886.81",0.007275,64.65154275,0.0051,45.322731,0.00345,30.6594945,0.003525,31.32600525,APAD
BKB-3249,23.64359943,88.87138837,ZZ,coal,Khulna,Bangladesh,operating,"8,886.81",0.007275,64.65154275,0.0051,45.322731,0.00345,30.6594945,0.003525,31.32600525,APAD
BKB-3250,24.39047505,89.45149123,ZZ,coal,Rajshahi,Bangladesh,operating,"8,886.81",0.007275,64.65154275,0.0051,45.322731,0.00345,30.6594945,0.003525,31.32600525,APAD
BKB-3251,23.76415986,90.32633727,ZZ,coal,Dhaka,Bangladesh,operating,"8,886.81",0.007275,64.65154275,0.0051,45.322731,0.00345,30.6594945,0.003525,31.32600525,APAD
BKB-3252,23.55797632,89.90523118,ZZ,coal,Dhaka,Bangladesh,operating,"8,886.81",0.007275,64.65154275,0.0051,45.322731,0.00345,30.6594945,0.003525,31.32600525,APAD
BKB-3253,23.8985193,90.14059952,ZZ,coal,Dhaka,Bangladesh,operating,"8,886.81",0.007275,64.65154275,0.0051,45.322731,0.00345,30.6594945,0.003525,31.32600525,APAD
BKB-3254,23.89643928,90.13947077,ZZ,coal,Dhaka,Bangladesh,operating,"8,886.81",0.007275,64.65154275,0.0051,45.322731,0.00345,30.6594945,0.003525,31.32600525,APAD
BKB-3255,23.89476775,90.13918052,ZZ,coal,Dhaka,Bangladesh,operating,"8,886.81",0.007275,64.65154275,0.0051,45.322731,0.00345,30.6594945,0.003525,31.32600525,APAD
BKB-3256,23.91779302,90.11708939,ZZ,coal,Dhaka,Bangladesh,operating,"8,886.81",0.007275,64.65154275,0.0051,45.322731,0.00345,30.6594945,0.003525,31.32600525,APAD
BKB-3257,23.81811414,90.10678859,ZZ,coal,Dhaka,Bangladesh,operating,"8,886.81",0.007275,64.65154275,0.0051,45.322731,0.00345,30.6594945,0.003525,31.32600525,APAD
BKB-3258,23.8053072,90.03997942,ZZ,coal,Dhaka,Bangladesh,operating,"8,886.81",0.007275,64.65154275,0.0051,45.322731,0.00345,30.6594945,0.003525,31.32600525,APAD
BKB-3259,23.80373427,90.03965693,ZZ,coal,Dhaka,Bangladesh,operating,"8,886.81",0.007275,64.65154275,0.0051,45.322731,0.00345,30.6594945,0.003525,31.32600525,APAD
BKB-3260,23.80258861,90.04130705,ZZ,coal,Dhaka,Bangladesh,operating,"8,886.81",0.007275,64.65154275,0.0051,45.322731,0.00345,30.6594945,0.003525,31.32600525,APAD
BKB-3261,23.80338212,90.03760905,ZZ,coal,Dhaka,Bangladesh,operating,"8,886.81",0.007275,64.65154275,0.0051,45.322731,0.00345,30.6594945,0.003525,31.32600525,APAD
BKB-3262,23.80531659,90.04085018,ZZ,coal,Dhaka,Bangladesh,operating,"8,886.81",0.007275,64.65154275,0.0051,45.322731,0.00345,30.6594945,0.003525,31.32600525,APAD
BKB-3263,23.67839105,90.38602765,ZZ,coal,Dhaka,Bangladesh,operating,"8,886.81",0.007275,64.65154275,0.0051,45.322731,0.00345,30.6594945,0.003525,31.32600525,APAD
BKB-3264,24.21389428,89.32412512,ZZ,coal,Rajshahi,Bangladesh,operating,"8,886.81",0.007275,64.65154275,0.0051,45.322731,0.00345,30.6594945,0.003525,31.32600525,APAD
BKB-3265,23.79196502,90.09081576,ZZ,coal,Dhaka,Bangladesh,operating,"8,886.81",0.007275,64.65154275,0.0051,45.322731,0.00345,30.6594945,0.003525,31.32600525,APAD
BKB-3266,23.79364595,90.09126188,ZZ,coal,Dhaka,Bangladesh,operating,"8,886.81",0.007275,64.65154275,0.0051,45.322731,0.00345,30.6594945,0.003525,31.32600525,APAD
BKB-3267,23.83464606,90.02345079,ZZ,coal,Dhaka,Bangladesh,operating,"8,886.81",0.007275,64.65154275,0.0051,45.322731,0.00345,30.6594945,0.003525,31.32600525,APAD
BKB-3268,23.41821748,88.95085258,ZZ,coal,Khulna,Bangladesh,operating,"8,886.81",0.007275,64.65154275,0.0051,45.322731,0.00345,30.6594945,0.003525,31.32600525,APAD
BKB-3269,24.15291711,90.17048555,ZZ,coal,Dhaka,Bangladesh,operating,"8,886.81",0.007275,64.65154275,0.0051,45.322731,0.00345,30.6594945,0.003525,31.32600525,APAD
BKB-3270,24.15081831,90.16881931,ZZ,coal,Dhaka,Bangladesh,operating,"8,886.81",0.007275,64.65154275,0.0051,45.322731,0.00345,30.6594945,0.003525,31.32600525,APAD
BKB-3271,24.14978064,90.17068443,ZZ,coal,Dhaka,Bangladesh,operating,"8,886.81",0.007275,64.65154275,0.0051,45.322731,0.00345,30.6594945,0.003525,31.32600525,APAD
BKB-3272,24.10193562,90.18928542,ZZ,coal,Dhaka,Bangladesh,operating,"8,886.81",0.007275,64.65154275,0.0051,45.322731,0.00345,30.6594945,0.003525,31.32600525,APAD
BKB-3273,23.98602878,90.21631786,ZZ,coal,Dhaka,Bangladesh,operating,"8,886.81",0.007275,64.65154275,0.0051,45.322731,0.00345,30.6594945,0.003525,31.32600525,APAD
BKB-3274,23.92594086,90.16381678,ZZ,coal,Dhaka,Bangladesh,operating,"8,886.81",0.007275,64.65154275,0.0051,45.322731,0.00345,30.6594945,0.003525,31.32600525,APAD
BKB-3275,23.92803028,90.16179578,ZZ,coal,Dhaka,Bangladesh,operating,"8,886.81",0.007275,64.65154275,0.0051,45.322731,0.00345,30.6594945,0.003525,31.32600525,APAD
BKB-3276,23.80292099,90.07866512,ZZ,coal,Dhaka,Bangladesh,operating,"8,886.81",0.007275,64.65154275,0.0051,45.322731,0.00345,30.6594945,0.003525,31.32600525,APAD
BKB-3277,23.63469354,89.81605335,ZZ,coal,Dhaka,Bangladesh,operating,"8,886.81",0.007275,64.65154275,0.0051,45.322731,0.00345,30.6594945,0.003525,31.32600525,APAD
BKB-3278,23.93201306,90.09433144,ZZ,coal,Dhaka,Bangladesh,operating,"8,886.81",0.007275,64.65154275,0.0051,45.322731,0.00345,30.6594945,0.003525,31.32600525,APAD
BKB-3279,23.94387527,90.24131551,ZZ,coal,Dhaka,Bangladesh,operating,"8,886.81",0.007275,64.65154275,0.0051,45.322731,0.00345,30.6594945,0.003525,31.32600525,APAD
BKB-3280,23.62996402,89.85059281,ZZ,coal,Dhaka,Bangladesh,operating,"8,886.81",0.007275,64.65154275,0.0051,45.322731,0.00345,30.6594945,0.003525,31.32600525,APAD
BKB-3281,23.62978091,89.85190968,ZZ,coal,Dhaka,Bangladesh,operating,"8,886.81",0.007275,64.65154275,0.0051,45.322731,0.00345,30.6594945,0.003525,31.32600525,APAD
BKB-3282,23.62774314,89.85153343,ZZ,coal,Dhaka,Bangladesh,operating,"8,886.81",0.007275,64.65154275,0.0051,45.322731,0.00345,30.6594945,0.003525,31.32600525,APAD
BKB-3283,23.62622186,89.85437144,ZZ,coal,Dhaka,Bangladesh,operating,"8,886.81",0.007275,64.65154275,0.0051,45.322731,0.00345,30.6594945,0.003525,31.32600525,APAD
BKB-3284,24.14185645,90.07595371,ZZ,coal,Dhaka,Bangladesh,operating,"8,886.81",0.007275,64.65154275,0.0051,45.322731,0.00345,30.6594945,0.003525,31.32600525,APAD
BKB-3285,24.47486774,89.93767806,ZZ,coal,Dhaka,Bangladesh,operating,"8,886.81",0.007275,64.65154275,0.0051,45.322731,0.00345,30.6594945,0.003525,31.32600525,APAD
BKB-3286,24.47640781,89.93780705,ZZ,coal,Dhaka,Bangladesh,operating,"8,886.81",0.007275,64.65154275,0.0051,45.322731,0.00345,30.6594945,0.003525,31.32600525,APAD
BKB-3287,23.76860135,90.0691618,ZZ,coal,Dhaka,Bangladesh,operating,"8,886.81",0.007275,64.65154275,0.0051,45.322731,0.00345,30.6594945,0.003525,31.32600525,APAD
BKB-3288,23.99805963,89.29060813,ZZ,coal,Rajshahi,Bangladesh,operating,"8,886.81",0.007275,64.65154275,0.0051,45.322731,0.00345,30.6594945,0.003525,31.32600525,APAD
BKB-3289,23.91883767,90.15615818,ZZ,coal,Dhaka,Bangladesh,operating,"8,886.81",0.007275,64.65154275,0.0051,45.322731,0.00345,30.6594945,0.003525,31.32600525,APAD
BKB-3290,23.78272988,90.30879594,ZZ,coal,Dhaka,Bangladesh,operating,"8,886.81",0.007275,64.65154275,0.0051,45.322731,0.00345,30.6594945,0.003525,31.32600525,APAD
BKB-3291,24.10641071,90.15090168,ZZ,coal,Dhaka,Bangladesh,operating,"8,886.81",0.007275,64.65154275,0.0051,45.322731,0.00345,30.6594945,0.003525,31.32600525,APAD
BKB-3292,24.10568763,90.15217556,ZZ,coal,Dhaka,Bangladesh,operating,"8,886.81",0.007275,64.65154275,0.0051,45.322731,0.00345,30.6594945,0.003525,31.32600525,APAD
BKB-3293,23.41040022,89.12001127,ZZ,coal,Khulna,Bangladesh,operating,"8,886.81",0.007275,64.65154275,0.0051,45.322731,0.00345,30.6594945,0.003525,31.32600525,APAD
BKB-3294,24.44774108,89.60915076,ZZ,coal,Rajshahi,Bangladesh,operating,"8,886.81",0.007275,64.65154275,0.0051,45.322731,0.00345,30.6594945,0.003525,31.32600525,APAD
BKB-3295,25.06653485,89.37460407,ZZ,coal,Rangpur,Bangladesh,operating,"8,886.81",0.007275,64.65154275,0.0051,45.322731,0.00345,30.6594945,0.003525,31.32600525,APAD
BKB-3296,25.60915578,88.83499389,ZZ,coal,Rangpur,Bangladesh,operating,"8,886.81",0.007275,64.65154275,0.0051,45.322731,0.00345,30.6594945,0.003525,31.32600525,APAD
BKB-3297,24.15876835,89.58194719,ZZ,coal,Rajshahi,Bangladesh,operating,"8,886.81",0.007275,64.65154275,0.0051,45.322731,0.00345,30.6594945,0.003525,31.32600525,APAD
BKB-3298,23.79913197,88.68872081,ZZ,coal,Khulna,Bangladesh,operating,"8,886.81",0.007275,64.65154275,0.0051,45.322731,0.00345,30.6594945,0.003525,31.32600525,APAD
BKB-3299,24.562843,90.06936289,ZZ,coal,Dhaka,Bangladesh,operating,"8,886.81",0.007275,64.65154275,0.0051,45.322731,0.00345,30.6594945,0.003525,31.32600525,APAD
BKB-3300,24.4762273,89.44095376,ZZ,coal,Rajshahi,Bangladesh,operating,"8,886.81",0.007275,64.65154275,0.0051,45.322731,0.00345,30.6594945,0.003525,31.32600525,APAD
BKB-3301,23.44668049,89.09490818,ZZ,coal,Khulna,Bangladesh,operating,"8,886.81",0.007275,64.65154275,0.0051,45.322731,0.00345,30.6594945,0.003525,31.32600525,APAD
BKB-3302,25.30713855,89.58907386,ZZ,coal,Rangpur,Bangladesh,operating,"8,886.81",0.007275,64.65154275,0.0051,45.322731,0.00345,30.6594945,0.003525,31.32600525,APAD
BKB-3303,23.86037633,90.20709746,ZZ,coal,Dhaka,Bangladesh,operating,"8,886.81",0.007275,64.65154275,0.0051,45.322731,0.00345,30.6594945,0.003525,31.32600525,APAD
BKB-3304,23.44404889,89.13449414,ZZ,coal,Khulna,Bangladesh,operating,"8,886.81",0.007275,64.65154275,0.0051,45.322731,0.00345,30.6594945,0.003525,31.32600525,APAD
BKB-3305,23.44641064,89.13734827,ZZ,coal,Khulna,Bangladesh,operating,"8,886.81",0.007275,64.65154275,0.0051,45.322731,0.00345,30.6594945,0.003525,31.32600525,APAD
BKB-3306,23.90852036,90.12806318,ZZ,coal,Dhaka,Bangladesh,operating,"8,886.81",0.007275,64.65154275,0.0051,45.322731,0.00345,30.6594945,0.003525,31.32600525,APAD
BKB-3307,23.98418504,89.15523514,ZZ,coal,Rajshahi,Bangladesh,operating,"8,886.81",0.007275,64.65154275,0.0051,45.322731,0.00345,30.6594945,0.003525,31.32600525,APAD
BKB-3308,23.39882683,88.9514302,ZZ,coal,Khulna,Bangladesh,operating,"8,886.81",0.007275,64.65154275,0.0051,45.322731,0.00345,30.6594945,0.003525,31.32600525,APAD
BKB-3309,24.39751073,88.95271007,ZZ,coal,Rajshahi,Bangladesh,operating,"8,886.81",0.007275,64.65154275,0.0051,45.322731,0.00345,30.6594945,0.003525,31.32600525,APAD
BKB-3310,24.46913739,89.99306068,ZZ,coal,Dhaka,Bangladesh,operating,"8,886.81",0.007275,64.65154275,0.0051,45.322731,0.00345,30.6594945,0.003525,31.32600525,APAD
BKB-3311,23.51113183,89.20597826,ZZ,coal,Khulna,Bangladesh,operating,"8,886.81",0.007275,64.65154275,0.0051,45.322731,0.00345,30.6594945,0.003525,31.32600525,APAD
BKB-3312,23.71780332,88.62986668,ZZ,coal,Khulna,Bangladesh,operating,"8,886.81",0.007275,64.65154275,0.0051,45.322731,0.00345,30.6594945,0.003525,31.32600525,APAD
BKB-3313,23.90367672,90.11428006,ZZ,coal,Dhaka,Bangladesh,operating,"8,886.81",0.007275,64.65154275,0.0051,45.322731,0.00345,30.6594945,0.003525,31.32600525,APAD
BKB-3314,25.62473209,89.12736595,ZZ,coal,Rangpur,Bangladesh,operating,"8,886.81",0.007275,64.65154275,0.0051,45.322731,0.00345,30.6594945,0.003525,31.32600525,APAD
BKB-3315,25.6247274,89.12723157,ZZ,coal,Rangpur,Bangladesh,operating,"8,886.81",0.007275,64.65154275,0.0051,45.322731,0.00345,30.6594945,0.003525,31.32600525,APAD
BKB-3316,23.9678559,90.0527968,ZZ,coal,Dhaka,Bangladesh,operating,"8,886.81",0.007275,64.65154275,0.0051,45.322731,0.00345,30.6594945,0.003525,31.32600525,APAD
BKB-3317,23.69217358,89.53456926,ZZ,coal,Dhaka,Bangladesh,operating,"8,886.81",0.007275,64.65154275,0.0051,45.322731,0.00345,30.6594945,0.003525,31.32600525,APAD
BKB-3318,24.98238912,89.36900123,ZZ,coal,Rajshahi,Bangladesh,operating,"8,886.81",0.007275,64.65154275,0.0051,45.322731,0.00345,30.6594945,0.003525,31.32600525,APAD
BKB-3319,24.79149001,88.72745946,ZZ,coal,Rajshahi,Bangladesh,operating,"8,886.81",0.007275,64.65154275,0.0051,45.322731,0.00345,30.6594945,0.003525,31.32600525,APAD
BKB-3320,24.68573566,88.6748395,ZZ,coal,Rajshahi,Bangladesh,operating,"8,886.81",0.007275,64.65154275,0.0051,45.322731,0.00345,30.6594945,0.003525,31.32600525,APAD
BKB-3321,23.92098558,90.14781979,ZZ,coal,Dhaka,Bangladesh,operating,"8,886.81",0.007275,64.65154275,0.0051,45.322731,0.00345,30.6594945,0.003525,31.32600525,APAD
BKB-3322,23.91900919,90.10167474,ZZ,coal,Dhaka,Bangladesh,operating,"8,886.81",0.007275,64.65154275,0.0051,45.322731,0.00345,30.6594945,0.003525,31.32600525,APAD
BKB-3323,23.91884016,90.1050395,ZZ,coal,Dhaka,Bangladesh,operating,"8,886.81",0.007275,64.65154275,0.0051,45.322731,0.00345,30.6594945,0.003525,31.32600525,APAD
BKB-3324,23.92367633,90.10399675,ZZ,coal,Dhaka,Bangladesh,operating,"8,886.81",0.007275,64.65154275,0.0051,45.322731,0.00345,30.6594945,0.003525,31.32600525,APAD
BKB-3325,23.4044958,88.87796543,ZZ,coal,Khulna,Bangladesh,operating,"8,886.81",0.007275,64.65154275,0.0051,45.322731,0.00345,30.6594945,0.003525,31.32600525,APAD
BKB-3326,23.67203713,88.60446697,ZZ,coal,Khulna,Bangladesh,operating,"8,886.81",0.007275,64.65154275,0.0051,45.322731,0.00345,30.6594945,0.003525,31.32600525,APAD
BKB-3327,24.47901883,89.45909617,ZZ,coal,Rajshahi,Bangladesh,operating,"8,886.81",0.007275,64.65154275,0.0051,45.322731,0.00345,30.6594945,0.003525,31.32600525,APAD
BKB-3328,23.63153993,89.19750634,ZZ,coal,Khulna,Bangladesh,operating,"8,886.81",0.007275,64.65154275,0.0051,45.322731,0.00345,30.6594945,0.003525,31.32600525,APAD
BKB-3329,24.30208586,89.01399688,ZZ,coal,Rajshahi,Bangladesh,operating,"8,886.81",0.007275,64.65154275,0.0051,45.322731,0.00345,30.6594945,0.003525,31.32600525,APAD
BKB-3330,23.9505989,90.15800214,ZZ,coal,Dhaka,Bangladesh,operating,"8,886.81",0.007275,64.65154275,0.0051,45.322731,0.00345,30.6594945,0.003525,31.32600525,APAD
BKB-3331,24.58584993,89.29235698,ZZ,coal,Rajshahi,Bangladesh,operating,"8,886.81",0.007275,64.65154275,0.0051,45.322731,0.00345,30.6594945,0.003525,31.32600525,APAD
BKB-3332,24.66977706,89.44981648,ZZ,coal,Rajshahi,Bangladesh,operating,"8,886.81",0.007275,64.65154275,0.0051,45.322731,0.00345,30.6594945,0.003525,31.32600525,APAD
BKB-3333,23.51440141,88.92992845,ZZ,coal,Khulna,Bangladesh,operating,"8,886.81",0.007275,64.65154275,0.0051,45.322731,0.00345,30.6594945,0.003525,31.32600525,APAD
BKB-3334,23.71778913,90.08232988,ZZ,coal,Dhaka,Bangladesh,operating,"8,886.81",0.007275,64.65154275,0.0051,45.322731,0.00345,30.6594945,0.003525,31.32600525,APAD
BKB-3335,23.85073803,89.3992283,ZZ,coal,Dhaka,Bangladesh,operating,"8,886.81",0.007275,64.65154275,0.0051,45.322731,0.00345,30.6594945,0.003525,31.32600525,APAD
BKB-3336,24.72675541,89.52083445,ZZ,coal,Rajshahi,Bangladesh,operating,"8,886.81",0.007275,64.65154275,0.0051,45.322731,0.00345,30.6594945,0.003525,31.32600525,APAD
BKB-3337,23.85626569,90.18715901,ZZ,coal,Dhaka,Bangladesh,operating,"8,886.81",0.007275,64.65154275,0.0051,45.322731,0.00345,30.6594945,0.003525,31.32600525,APAD
BKB-3338,23.85480075,90.18453601,ZZ,coal,Dhaka,Bangladesh,operating,"8,886.81",0.007275,64.65154275,0.0051,45.322731,0.00345,30.6594945,0.003525,31.32600525,APAD
BKB-3339,23.54474583,89.23637878,ZZ,coal,Khulna,Bangladesh,operating,"8,886.81",0.007275,64.65154275,0.0051,45.322731,0.00345,30.6594945,0.003525,31.32600525,APAD
BKB-3340,23.59936702,89.71574222,ZZ,coal,Dhaka,Bangladesh,operating,"8,886.81",0.007275,64.65154275,0.0051,45.322731,0.00345,30.6594945,0.003525,31.32600525,APAD
BKB-3341,24.23866203,90.09595169,ZZ,coal,Dhaka,Bangladesh,operating,"8,886.81",0.007275,64.65154275,0.0051,45.322731,0.00345,30.6594945,0.003525,31.32600525,APAD
BKB-3342,23.96179825,90.08115489,ZZ,coal,Dhaka,Bangladesh,operating,"8,886.81",0.007275,64.65154275,0.0051,45.322731,0.00345,30.6594945,0.003525,31.32600525,APAD
BKB-3343,23.95780723,90.08373488,ZZ,coal,Dhaka,Bangladesh,operating,"8,886.81",0.007275,64.65154275,0.0051,45.322731,0.00345,30.6594945,0.003525,31.32600525,APAD
BKB-3344,24.62897271,89.53959192,ZZ,coal,Rajshahi,Bangladesh,operating,"8,886.81",0.007275,64.65154275,0.0051,45.322731,0.00345,30.6594945,0.003525,31.32600525,APAD
BKB-3345,23.57203991,88.96082247,ZZ,coal,Khulna,Bangladesh,operating,"8,886.81",0.007275,64.65154275,0.0051,45.322731,0.00345,30.6594945,0.003525,31.32600525,APAD
BKB-3346,23.62807003,89.77960877,ZZ,coal,Dhaka,Bangladesh,operating,"8,886.81",0.007275,64.65154275,0.0051,45.322731,0.00345,30.6594945,0.003525,31.32600525,APAD
BKB-3347,23.80119772,90.02739121,ZZ,coal,Dhaka,Bangladesh,operating,"8,886.81",0.007275,64.65154275,0.0051,45.322731,0.00345,30.6594945,0.003525,31.32600525,APAD
BKB-3348,23.8037191,90.02709559,ZZ,coal,Dhaka,Bangladesh,operating,"8,886.81",0.007275,64.65154275,0.0051,45.322731,0.00345,30.6594945,0.003525,31.32600525,APAD
BKB-3349,25.2630625,89.34654276,ZZ,coal,Rangpur,Bangladesh,operating,"8,886.81",0.007275,64.65154275,0.0051,45.322731,0.00345,30.6594945,0.003525,31.32600525,APAD
BKB-3350,24.31307515,89.01601571,ZZ,coal,Rajshahi,Bangladesh,operating,"8,886.81",0.007275,64.65154275,0.0051,45.322731,0.00345,30.6594945,0.003525,31.32600525,APAD
BKB-3351,23.7856194,90.14077168,ZZ,coal,Dhaka,Bangladesh,operating,"8,886.81",0.007275,64.65154275,0.0051,45.322731,0.00345,30.6594945,0.003525,31.32600525,APAD
BKB-3352,23.80834811,90.03482636,ZZ,coal,Dhaka,Bangladesh,operating,"8,886.81",0.007275,64.65154275,0.0051,45.322731,0.00345,30.6594945,0.003525,31.32600525,APAD
BKB-3353,25.02007443,89.42742843,ZZ,coal,Rajshahi,Bangladesh,operating,"8,886.81",0.007275,64.65154275,0.0051,45.322731,0.00345,30.6594945,0.003525,31.32600525,APAD
BKB-3354,24.37055655,89.26701725,ZZ,coal,Rajshahi,Bangladesh,operating,"8,886.81",0.007275,64.65154275,0.0051,45.322731,0.00345,30.6594945,0.003525,31.32600525,APAD
BKB-3355,24.36902588,89.26949513,ZZ,coal,Rajshahi,Bangladesh,operating,"8,886.81",0.007275,64.65154275,0.0051,45.322731,0.00345,30.6594945,0.003525,31.32600525,APAD
BKB-3356,23.8826567,89.26560138,ZZ,coal,Rajshahi,Bangladesh,operating,"8,886.81",0.007275,64.65154275,0.0051,45.322731,0.00345,30.6594945,0.003525,31.32600525,APAD
BKB-3357,24.70324095,88.62194983,ZZ,coal,Rajshahi,Bangladesh,operating,"8,886.81",0.007275,64.65154275,0.0051,45.322731,0.00345,30.6594945,0.003525,31.32600525,APAD
BKB-3358,23.53736368,88.77599036,ZZ,coal,Khulna,Bangladesh,operating,"8,886.81",0.007275,64.65154275,0.0051,45.322731,0.00345,30.6594945,0.003525,31.32600525,APAD
BKB-3359,24.16270934,90.17737562,ZZ,coal,Dhaka,Bangladesh,operating,"8,886.81",0.007275,64.65154275,0.0051,45.322731,0.00345,30.6594945,0.003525,31.32600525,APAD
BKB-3360,23.9532092,90.09815235,ZZ,coal,Dhaka,Bangladesh,operating,"8,886.81",0.007275,64.65154275,0.0051,45.322731,0.00345,30.6594945,0.003525,31.32600525,APAD
BKB-3361,23.9540121,90.09366422,ZZ,coal,Dhaka,Bangladesh,operating,"8,886.81",0.007275,64.65154275,0.0051,45.322731,0.00345,30.6594945,0.003525,31.32600525,APAD
BKB-3362,25.67142179,88.96445098,ZZ,coal,Rangpur,Bangladesh,operating,"8,886.81",0.007275,64.65154275,0.0051,45.322731,0.00345,30.6594945,0.003525,31.32600525,APAD
BKB-3363,23.77407436,90.31988401,ZZ,coal,Dhaka,Bangladesh,operating,"8,886.81",0.007275,64.65154275,0.0051,45.322731,0.00345,30.6594945,0.003525,31.32600525,APAD
BKB-3364,24.20120197,88.96792753,ZZ,coal,Rajshahi,Bangladesh,operating,"8,886.81",0.007275,64.65154275,0.0051,45.322731,0.00345,30.6594945,0.003525,31.32600525,APAD
BKB-3365,24.41036445,88.67435111,ZZ,coal,Rajshahi,Bangladesh,operating,"8,886.81",0.007275,64.65154275,0.0051,45.322731,0.00345,30.6594945,0.003525,31.32600525,APAD
BKB-3366,23.76326303,90.10800765,ZZ,coal,Dhaka,Bangladesh,operating,"8,886.81",0.007275,64.65154275,0.0051,45.322731,0.00345,30.6594945,0.003525,31.32600525,APAD
BKB-3367,23.47499387,88.8762579,ZZ,coal,Khulna,Bangladesh,operating,"8,886.81",0.007275,64.65154275,0.0051,45.322731,0.00345,30.6594945,0.003525,31.32600525,APAD
BKB-3368,23.67547288,89.83076703,ZZ,coal,Dhaka,Bangladesh,operating,"8,886.81",0.007275,64.65154275,0.0051,45.322731,0.00345,30.6594945,0.003525,31.32600525,APAD
BKB-3369,23.40779219,88.88354363,ZZ,coal,Khulna,Bangladesh,operating,"8,886.81",0.007275,64.65154275,0.0051,45.322731,0.00345,30.6594945,0.003525,31.32600525,APAD
BKB-3370,23.79896746,89.3148282,ZZ,coal,Khulna,Bangladesh,operating,"8,886.81",0.007275,64.65154275,0.0051,45.322731,0.00345,30.6594945,0.003525,31.32600525,APAD
BKB-3371,23.79897685,89.3160322,ZZ,coal,Khulna,Bangladesh,operating,"8,886.81",0.007275,64.65154275,0.0051,45.322731,0.00345,30.6594945,0.003525,31.32600525,APAD
BKB-3372,23.87007492,89.98828124,ZZ,coal,Dhaka,Bangladesh,operating,"8,886.81",0.007275,64.65154275,0.0051,45.322731,0.00345,30.6594945,0.003525,31.32600525,APAD
BKB-3373,23.80481196,90.04562337,ZZ,coal,Dhaka,Bangladesh,operating,"8,886.81",0.007275,64.65154275,0.0051,45.322731,0.00345,30.6594945,0.003525,31.32600525,APAD
BKB-3374,23.80910594,90.03125703,ZZ,coal,Dhaka,Bangladesh,operating,"8,886.81",0.007275,64.65154275,0.0051,45.322731,0.00345,30.6594945,0.003525,31.32600525,APAD
BKB-3375,24.73247674,89.86504201,ZZ,coal,Mymensingh,Bangladesh,operating,"8,886.81",0.007275,64.65154275,0.0051,45.322731,0.00345,30.6594945,0.003525,31.32600525,APAD
BKB-3376,24.49384464,89.45378666,ZZ,coal,Rajshahi,Bangladesh,operating,"8,886.81",0.007275,64.65154275,0.0051,45.322731,0.00345,30.6594945,0.003525,31.32600525,APAD
BKB-3377,24.11060213,89.88741266,ZZ,coal,Dhaka,Bangladesh,operating,"8,886.81",0.007275,64.65154275,0.0051,45.322731,0.00345,30.6594945,0.003525,31.32600525,APAD
BKB-3378,24.10544668,89.88839091,ZZ,coal,Dhaka,Bangladesh,operating,"8,886.81",0.007275,64.65154275,0.0051,45.322731,0.00345,30.6594945,0.003525,31.32600525,APAD
BKB-3379,23.43334027,88.92462104,ZZ,coal,Khulna,Bangladesh,operating,"8,886.81",0.007275,64.65154275,0.0051,45.322731,0.00345,30.6594945,0.003525,31.32600525,APAD
BKB-3380,24.26662483,89.08910354,ZZ,coal,Rajshahi,Bangladesh,operating,"8,886.81",0.007275,64.65154275,0.0051,45.322731,0.00345,30.6594945,0.003525,31.32600525,APAD
BKB-3381,23.79135481,90.12096001,ZZ,coal,Dhaka,Bangladesh,operating,"8,886.81",0.007275,64.65154275,0.0051,45.322731,0.00345,30.6594945,0.003525,31.32600525,APAD
BKB-3382,23.78915271,90.121046,ZZ,coal,Dhaka,Bangladesh,operating,"8,886.81",0.007275,64.65154275,0.0051,45.322731,0.00345,30.6594945,0.003525,31.32600525,APAD
BKB-3383,23.79217649,90.11727276,ZZ,coal,Dhaka,Bangladesh,operating,"8,886.81",0.007275,64.65154275,0.0051,45.322731,0.00345,30.6594945,0.003525,31.32600525,APAD
BKB-3384,23.83682806,88.87922061,ZZ,coal,Khulna,Bangladesh,operating,"8,886.81",0.007275,64.65154275,0.0051,45.322731,0.00345,30.6594945,0.003525,31.32600525,APAD
BKB-3385,23.94262863,90.19159113,ZZ,coal,Dhaka,Bangladesh,operating,"8,886.81",0.007275,64.65154275,0.0051,45.322731,0.00345,30.6594945,0.003525,31.32600525,APAD
BKB-3386,24.02448262,89.02399232,ZZ,coal,Khulna,Bangladesh,operating,"8,886.81",0.007275,64.65154275,0.0051,45.322731,0.00345,30.6594945,0.003525,31.32600525,APAD
BKB-3387,23.60302377,88.733551,ZZ,coal,Khulna,Bangladesh,operating,"8,886.81",0.007275,64.65154275,0.0051,45.322731,0.00345,30.6594945,0.003525,31.32600525,APAD
BKB-3388,23.87974929,90.142798,ZZ,coal,Dhaka,Bangladesh,operating,"8,886.81",0.007275,64.65154275,0.0051,45.322731,0.00345,30.6594945,0.003525,31.32600525,APAD
BKB-3389,23.79855525,88.73635844,ZZ,coal,Khulna,Bangladesh,operating,"8,886.81",0.007275,64.65154275,0.0051,45.322731,0.00345,30.6594945,0.003525,31.32600525,APAD
BKB-3390,23.73611047,90.19107055,ZZ,coal,Dhaka,Bangladesh,operating,"8,886.81",0.007275,64.65154275,0.0051,45.322731,0.00345,30.6594945,0.003525,31.32600525,APAD
BKB-3391,24.17137508,89.01787348,ZZ,coal,Rajshahi,Bangladesh,operating,"8,886.81",0.007275,64.65154275,0.0051,45.322731,0.00345,30.6594945,0.003525,31.32600525,APAD
BKB-3392,23.71752541,89.8223125,ZZ,coal,Dhaka,Bangladesh,operating,"8,886.81",0.007275,64.65154275,0.0051,45.322731,0.00345,30.6594945,0.003525,31.32600525,APAD
BKB-3393,24.07250812,89.40320114,ZZ,coal,Rajshahi,Bangladesh,operating,"8,886.81",0.007275,64.65154275,0.0051,45.322731,0.00345,30.6594945,0.003525,31.32600525,APAD
BKB-3394,23.57100658,89.17936026,ZZ,coal,Khulna,Bangladesh,operating,"8,886.81",0.007275,64.65154275,0.0051,45.322731,0.00345,30.6594945,0.003525,31.32600525,APAD
BKB-3395,24.54861576,90.0055999,ZZ,coal,Dhaka,Bangladesh,operating,"8,886.81",0.007275,64.65154275,0.0051,45.322731,0.00345,30.6594945,0.003525,31.32600525,APAD
BKB-3396,23.70754381,89.82903307,ZZ,coal,Dhaka,Bangladesh,operating,"8,886.81",0.007275,64.65154275,0.0051,45.322731,0.00345,30.6594945,0.003525,31.32600525,APAD
BKB-3397,23.93868824,90.09016641,ZZ,coal,Dhaka,Bangladesh,operating,"8,886.81",0.007275,64.65154275,0.0051,45.322731,0.00345,30.6594945,0.003525,31.32600525,APAD
BKB-3398,23.9374252,90.08785516,ZZ,coal,Dhaka,Bangladesh,operating,"8,886.81",0.007275,64.65154275,0.0051,45.322731,0.00345,30.6594945,0.003525,31.32600525,APAD
BKB-3399,23.87554847,89.26813049,ZZ,coal,Khulna,Bangladesh,operating,"8,886.81",0.007275,64.65154275,0.0051,45.322731,0.00345,30.6594945,0.003525,31.32600525,APAD
BKB-3400,23.74886108,89.4565108,ZZ,coal,Dhaka,Bangladesh,operating,"8,886.81",0.007275,64.65154275,0.0051,45.322731,0.00345,30.6594945,0.003525,31.32600525,APAD
BKB-3401,24.38775075,89.53475858,ZZ,coal,Rajshahi,Bangladesh,operating,"8,886.81",0.007275,64.65154275,0.0051,45.322731,0.00345,30.6594945,0.003525,31.32600525,APAD
BKB-3402,25.7298976,89.14386536,ZZ,coal,Rangpur,Bangladesh,operating,"8,886.81",0.007275,64.65154275,0.0051,45.322731,0.00345,30.6594945,0.003525,31.32600525,APAD
BKB-3403,23.59034124,88.6913207,ZZ,coal,Khulna,Bangladesh,operating,"8,886.81",0.007275,64.65154275,0.0051,45.322731,0.00345,30.6594945,0.003525,31.32600525,APAD
BKB-3404,24.80518953,88.92201507,ZZ,coal,Rajshahi,Bangladesh,operating,"8,886.81",0.007275,64.65154275,0.0051,45.322731,0.00345,30.6594945,0.003525,31.32600525,APAD
BKB-3405,23.98787483,89.17706539,ZZ,coal,Rajshahi,Bangladesh,operating,"8,886.81",0.007275,64.65154275,0.0051,45.322731,0.00345,30.6594945,0.003525,31.32600525,APAD
BKB-3406,24.35408194,88.99434494,ZZ,coal,Rajshahi,Bangladesh,operating,"8,886.81",0.007275,64.65154275,0.0051,45.322731,0.00345,30.6594945,0.003525,31.32600525,APAD
BKB-3407,25.15405952,89.39918945,ZZ,coal,Rangpur,Bangladesh,operating,"8,886.81",0.007275,64.65154275,0.0051,45.322731,0.00345,30.6594945,0.003525,31.32600525,APAD
BKB-3408,23.70792904,89.71769686,ZZ,coal,Dhaka,Bangladesh,operating,"8,886.81",0.007275,64.65154275,0.0051,45.322731,0.00345,30.6594945,0.003525,31.32600525,APAD
BKB-3409,23.91291128,89.60448143,ZZ,coal,Rajshahi,Bangladesh,operating,"8,886.81",0.007275,64.65154275,0.0051,45.322731,0.00345,30.6594945,0.003525,31.32600525,APAD
BKB-3410,24.41654487,89.15130419,ZZ,coal,Rajshahi,Bangladesh,operating,"8,886.81",0.007275,64.65154275,0.0051,45.322731,0.00345,30.6594945,0.003525,31.32600525,APAD
BKB-3411,23.91137207,90.13915939,ZZ,coal,Dhaka,Bangladesh,operating,"8,886.81",0.007275,64.65154275,0.0051,45.322731,0.00345,30.6594945,0.003525,31.32600525,APAD
BKB-3412,23.85259278,89.90548791,ZZ,coal,Dhaka,Bangladesh,operating,"8,886.81",0.007275,64.65154275,0.0051,45.322731,0.00345,30.6594945,0.003525,31.32600525,APAD
BKB-3413,24.12840024,90.17376594,ZZ,coal,Dhaka,Bangladesh,operating,"8,886.81",0.007275,64.65154275,0.0051,45.322731,0.00345,30.6594945,0.003525,31.32600525,APAD
BKB-3414,23.91348302,90.16120132,ZZ,coal,Dhaka,Bangladesh,operating,"8,886.81",0.007275,64.65154275,0.0051,45.322731,0.00345,30.6594945,0.003525,31.32600525,APAD
BKB-3415,24.98018883,89.40265816,ZZ,coal,Rajshahi,Bangladesh,operating,"8,886.81",0.007275,64.65154275,0.0051,45.322731,0.00345,30.6594945,0.003525,31.32600525,APAD
BKB-3416,23.96923356,90.05806202,ZZ,coal,Dhaka,Bangladesh,operating,"8,886.81",0.007275,64.65154275,0.0051,45.322731,0.00345,30.6594945,0.003525,31.32600525,APAD
BKB-3417,23.96943545,90.0557239,ZZ,coal,Dhaka,Bangladesh,operating,"8,886.81",0.007275,64.65154275,0.0051,45.322731,0.00345,30.6594945,0.003525,31.32600525,APAD
BKB-3418,23.96879689,90.05529927,ZZ,coal,Dhaka,Bangladesh,operating,"8,886.81",0.007275,64.65154275,0.0051,45.322731,0.00345,30.6594945,0.003525,31.32600525,APAD
BKB-3419,23.83985624,88.74162881,ZZ,coal,Khulna,Bangladesh,operating,"8,886.81",0.007275,64.65154275,0.0051,45.322731,0.00345,30.6594945,0.003525,31.32600525,APAD
BKB-3420,23.70860246,89.72605737,ZZ,coal,Dhaka,Bangladesh,operating,"8,886.81",0.007275,64.65154275,0.0051,45.322731,0.00345,30.6594945,0.003525,31.32600525,APAD
BKB-3421,23.89228402,90.10837557,ZZ,coal,Dhaka,Bangladesh,operating,"8,886.81",0.007275,64.65154275,0.0051,45.322731,0.00345,30.6594945,0.003525,31.32600525,APAD
BKB-3422,23.89052797,90.10690281,ZZ,coal,Dhaka,Bangladesh,operating,"8,886.81",0.007275,64.65154275,0.0051,45.322731,0.00345,30.6594945,0.003525,31.32600525,APAD
BKB-3423,23.89456494,90.10727731,ZZ,coal,Dhaka,Bangladesh,operating,"8,886.81",0.007275,64.65154275,0.0051,45.322731,0.00345,30.6594945,0.003525,31.32600525,APAD
BKB-3424,23.89585615,90.10789544,ZZ,coal,Dhaka,Bangladesh,operating,"8,886.81",0.007275,64.65154275,0.0051,45.322731,0.00345,30.6594945,0.003525,31.32600525,APAD
BKB-3425,23.98926333,90.22816494,ZZ,coal,Dhaka,Bangladesh,operating,"8,886.81",0.007275,64.65154275,0.0051,45.322731,0.00345,30.6594945,0.003525,31.32600525,APAD
BKB-3426,23.93368659,89.61696928,ZZ,coal,Rajshahi,Bangladesh,operating,"8,886.81",0.007275,64.65154275,0.0051,45.322731,0.00345,30.6594945,0.003525,31.32600525,APAD
BKB-3427,23.84065432,89.80718454,ZZ,coal,Dhaka,Bangladesh,operating,"8,886.81",0.007275,64.65154275,0.0051,45.322731,0.00345,30.6594945,0.003525,31.32600525,APAD
BKB-3428,23.89533489,90.11766345,ZZ,coal,Dhaka,Bangladesh,operating,"8,886.81",0.007275,64.65154275,0.0051,45.322731,0.00345,30.6594945,0.003525,31.32600525,APAD
BKB-3429,23.89549922,90.12068421,ZZ,coal,Dhaka,Bangladesh,operating,"8,886.81",0.007275,64.65154275,0.0051,45.322731,0.00345,30.6594945,0.003525,31.32600525,APAD
BKB-3430,23.79584695,90.0907984,ZZ,coal,Dhaka,Bangladesh,operating,"8,886.81",0.007275,64.65154275,0.0051,45.322731,0.00345,30.6594945,0.003525,31.32600525,APAD
BKB-3431,24.32758682,88.74394267,ZZ,coal,Rajshahi,Bangladesh,operating,"8,886.81",0.007275,64.65154275,0.0051,45.322731,0.00345,30.6594945,0.003525,31.32600525,APAD
BKB-3432,23.81815732,90.27064001,ZZ,coal,Dhaka,Bangladesh,operating,"8,886.81",0.007275,64.65154275,0.0051,45.322731,0.00345,30.6594945,0.003525,31.32600525,APAD
BKB-3433,23.90489788,89.25375649,ZZ,coal,Khulna,Bangladesh,operating,"8,886.81",0.007275,64.65154275,0.0051,45.322731,0.00345,30.6594945,0.003525,31.32600525,APAD
BKB-3434,25.83803907,89.66756541,ZZ,coal,Rangpur,Bangladesh,operating,"8,886.81",0.007275,64.65154275,0.0051,45.322731,0.00345,30.6594945,0.003525,31.32600525,APAD
BKB-3435,23.77066915,90.06340446,ZZ,coal,Dhaka,Bangladesh,operating,"8,886.81",0.007275,64.65154275,0.0051,45.322731,0.00345,30.6594945,0.003525,31.32600525,APAD
BKB-3436,23.76986626,90.06341521,ZZ,coal,Dhaka,Bangladesh,operating,"8,886.81",0.007275,64.65154275,0.0051,45.322731,0.00345,30.6594945,0.003525,31.32600525,APAD
BKB-3437,24.96464766,90.19504609,ZZ,coal,Mymensingh,Bangladesh,operating,"8,886.81",0.007275,64.65154275,0.0051,45.322731,0.00345,30.6594945,0.003525,31.32600525,APAD
BKB-3438,23.77510489,89.28983268,ZZ,coal,Khulna,Bangladesh,operating,"8,886.81",0.007275,64.65154275,0.0051,45.322731,0.00345,30.6594945,0.003525,31.32600525,APAD
BKB-3439,24.09292121,90.14105688,ZZ,coal,Dhaka,Bangladesh,operating,"8,886.81",0.007275,64.65154275,0.0051,45.322731,0.00345,30.6594945,0.003525,31.32600525,APAD
BKB-3440,23.76748287,89.35287039,ZZ,coal,Dhaka,Bangladesh,operating,"8,886.81",0.007275,64.65154275,0.0051,45.322731,0.00345,30.6594945,0.003525,31.32600525,APAD
BKB-3441,23.88238849,90.15702529,ZZ,coal,Dhaka,Bangladesh,operating,"8,886.81",0.007275,64.65154275,0.0051,45.322731,0.00345,30.6594945,0.003525,31.32600525,APAD
BKB-3442,23.88042115,90.15765955,ZZ,coal,Dhaka,Bangladesh,operating,"8,886.81",0.007275,64.65154275,0.0051,45.322731,0.00345,30.6594945,0.003525,31.32600525,APAD
BKB-3443,23.88168889,90.15432705,ZZ,coal,Dhaka,Bangladesh,operating,"8,886.81",0.007275,64.65154275,0.0051,45.322731,0.00345,30.6594945,0.003525,31.32600525,APAD
BKB-3444,23.96987012,89.25399297,ZZ,coal,Rajshahi,Bangladesh,operating,"8,886.81",0.007275,64.65154275,0.0051,45.322731,0.00345,30.6594945,0.003525,31.32600525,APAD
BKB-3445,24.43567874,89.99660221,ZZ,coal,Dhaka,Bangladesh,operating,"8,886.81",0.007275,64.65154275,0.0051,45.322731,0.00345,30.6594945,0.003525,31.32600525,APAD
BKB-3446,24.43864148,89.99380183,ZZ,coal,Dhaka,Bangladesh,operating,"8,886.81",0.007275,64.65154275,0.0051,45.322731,0.00345,30.6594945,0.003525,31.32600525,APAD
BKB-3447,23.55477508,88.88772217,ZZ,coal,Khulna,Bangladesh,operating,"8,886.81",0.007275,64.65154275,0.0051,45.322731,0.00345,30.6594945,0.003525,31.32600525,APAD
BKB-3448,23.92191081,88.97287807,ZZ,coal,Khulna,Bangladesh,operating,"8,886.81",0.007275,64.65154275,0.0051,45.322731,0.00345,30.6594945,0.003525,31.32600525,APAD
BKB-3449,24.01437873,89.01163141,ZZ,coal,Khulna,Bangladesh,operating,"8,886.81",0.007275,64.65154275,0.0051,45.322731,0.00345,30.6594945,0.003525,31.32600525,APAD
BKB-3450,24.13473675,90.16714575,ZZ,coal,Dhaka,Bangladesh,operating,"8,886.81",0.007275,64.65154275,0.0051,45.322731,0.00345,30.6594945,0.003525,31.32600525,APAD
BKB-3451,23.94404958,90.11906312,ZZ,coal,Dhaka,Bangladesh,operating,"8,886.81",0.007275,64.65154275,0.0051,45.322731,0.00345,30.6594945,0.003525,31.32600525,APAD
BKB-3452,23.94243685,90.19337899,ZZ,coal,Dhaka,Bangladesh,operating,"8,886.81",0.007275,64.65154275,0.0051,45.322731,0.00345,30.6594945,0.003525,31.32600525,APAD
BKB-3453,23.57598503,88.96183609,ZZ,coal,Khulna,Bangladesh,operating,"8,886.81",0.007275,64.65154275,0.0051,45.322731,0.00345,30.6594945,0.003525,31.32600525,APAD
BKB-3454,23.57363737,88.95971296,ZZ,coal,Khulna,Bangladesh,operating,"8,886.81",0.007275,64.65154275,0.0051,45.322731,0.00345,30.6594945,0.003525,31.32600525,APAD
BKB-3455,23.83820401,89.25931663,ZZ,coal,Khulna,Bangladesh,operating,"8,886.81",0.007275,64.65154275,0.0051,45.322731,0.00345,30.6594945,0.003525,31.32600525,APAD
BKB-3456,23.96238114,90.08895177,ZZ,coal,Dhaka,Bangladesh,operating,"8,886.81",0.007275,64.65154275,0.0051,45.322731,0.00345,30.6594945,0.003525,31.32600525,APAD
BKB-3457,23.96034338,90.08384553,ZZ,coal,Dhaka,Bangladesh,operating,"8,886.81",0.007275,64.65154275,0.0051,45.322731,0.00345,30.6594945,0.003525,31.32600525,APAD
BKB-3458,23.98161274,89.1805028,ZZ,coal,Khulna,Bangladesh,operating,"8,886.81",0.007275,64.65154275,0.0051,45.322731,0.00345,30.6594945,0.003525,31.32600525,APAD
BKB-3459,24.11388094,89.8804666,ZZ,coal,Dhaka,Bangladesh,operating,"8,886.81",0.007275,64.65154275,0.0051,45.322731,0.00345,30.6594945,0.003525,31.32600525,APAD
BKB-3460,24.55829204,88.93528081,ZZ,coal,Rajshahi,Bangladesh,operating,"8,886.81",0.007275,64.65154275,0.0051,45.322731,0.00345,30.6594945,0.003525,31.32600525,APAD
BKB-3461,23.90847973,89.6306399,ZZ,coal,Rajshahi,Bangladesh,operating,"8,886.81",0.007275,64.65154275,0.0051,45.322731,0.00345,30.6594945,0.003525,31.32600525,APAD
BKB-3462,23.95584121,89.22037244,ZZ,coal,Khulna,Bangladesh,operating,"8,886.81",0.007275,64.65154275,0.0051,45.322731,0.00345,30.6594945,0.003525,31.32600525,APAD
BKB-3463,23.97874285,90.16103715,ZZ,coal,Dhaka,Bangladesh,operating,"8,886.81",0.007275,64.65154275,0.0051,45.322731,0.00345,30.6594945,0.003525,31.32600525,APAD
BKB-3464,23.90770464,90.08609486,ZZ,coal,Dhaka,Bangladesh,operating,"8,886.81",0.007275,64.65154275,0.0051,45.322731,0.00345,30.6594945,0.003525,31.32600525,APAD
BKB-3465,23.56630962,88.75969855,ZZ,coal,Khulna,Bangladesh,operating,"8,886.81",0.007275,64.65154275,0.0051,45.322731,0.00345,30.6594945,0.003525,31.32600525,APAD
BKB-3466,24.04507553,89.85079498,ZZ,coal,Dhaka,Bangladesh,operating,"8,886.81",0.007275,64.65154275,0.0051,45.322731,0.00345,30.6594945,0.003525,31.32600525,APAD
BKB-3467,23.57590311,88.72058845,ZZ,coal,Khulna,Bangladesh,operating,"8,886.81",0.007275,64.65154275,0.0051,45.322731,0.00345,30.6594945,0.003525,31.32600525,APAD
BKB-3468,24.48243803,89.50924208,ZZ,coal,Rajshahi,Bangladesh,operating,"8,886.81",0.007275,64.65154275,0.0051,45.322731,0.00345,30.6594945,0.003525,31.32600525,APAD
BKB-3469,24.07792202,90.11817389,ZZ,coal,Dhaka,Bangladesh,operating,"8,886.81",0.007275,64.65154275,0.0051,45.322731,0.00345,30.6594945,0.003525,31.32600525,APAD
BKB-3470,24.07772482,90.11699677,ZZ,coal,Dhaka,Bangladesh,operating,"8,886.81",0.007275,64.65154275,0.0051,45.322731,0.00345,30.6594945,0.003525,31.32600525,APAD
BKB-3471,24.0797438,90.11979715,ZZ,coal,Dhaka,Bangladesh,operating,"8,886.81",0.007275,64.65154275,0.0051,45.322731,0.00345,30.6594945,0.003525,31.32600525,APAD
BKB-3472,24.07819435,90.12129677,ZZ,coal,Dhaka,Bangladesh,operating,"8,886.81",0.007275,64.65154275,0.0051,45.322731,0.00345,30.6594945,0.003525,31.32600525,APAD
BKB-3473,24.07535838,90.11891027,ZZ,coal,Dhaka,Bangladesh,operating,"8,886.81",0.007275,64.65154275,0.0051,45.322731,0.00345,30.6594945,0.003525,31.32600525,APAD
BKB-3474,24.07541003,90.12164077,ZZ,coal,Dhaka,Bangladesh,operating,"8,886.81",0.007275,64.65154275,0.0051,45.322731,0.00345,30.6594945,0.003525,31.32600525,APAD
BKB-3475,24.07945739,90.11576052,ZZ,coal,Dhaka,Bangladesh,operating,"8,886.81",0.007275,64.65154275,0.0051,45.322731,0.00345,30.6594945,0.003525,31.32600525,APAD
BKB-3476,23.99015568,88.87002327,ZZ,coal,Khulna,Bangladesh,operating,"8,886.81",0.007275,64.65154275,0.0051,45.322731,0.00345,30.6594945,0.003525,31.32600525,APAD
BKB-3477,24.83410355,89.48472118,ZZ,coal,Rajshahi,Bangladesh,operating,"8,886.81",0.007275,64.65154275,0.0051,45.322731,0.00345,30.6594945,0.003525,31.32600525,APAD
BKB-3478,23.85238453,89.36310703,ZZ,coal,Dhaka,Bangladesh,operating,"8,886.81",0.007275,64.65154275,0.0051,45.322731,0.00345,30.6594945,0.003525,31.32600525,APAD
BKB-3479,23.85366635,89.36310703,ZZ,coal,Dhaka,Bangladesh,operating,"8,886.81",0.007275,64.65154275,0.0051,45.322731,0.00345,30.6594945,0.003525,31.32600525,APAD
BKB-3480,23.90155326,90.12835957,ZZ,coal,Dhaka,Bangladesh,operating,"8,886.81",0.007275,64.65154275,0.0051,45.322731,0.00345,30.6594945,0.003525,31.32600525,APAD
BKB-3481,23.94900017,90.15305903,ZZ,coal,Dhaka,Bangladesh,operating,"8,886.81",0.007275,64.65154275,0.0051,45.322731,0.00345,30.6594945,0.003525,31.32600525,APAD
BKB-3482,23.94955891,90.15442966,ZZ,coal,Dhaka,Bangladesh,operating,"8,886.81",0.007275,64.65154275,0.0051,45.322731,0.00345,30.6594945,0.003525,31.32600525,APAD
BKB-3483,23.95045102,90.15205929,ZZ,coal,Dhaka,Bangladesh,operating,"8,886.81",0.007275,64.65154275,0.0051,45.322731,0.00345,30.6594945,0.003525,31.32600525,APAD
BKB-3484,24.18619732,88.94240973,ZZ,coal,Rajshahi,Bangladesh,operating,"8,886.81",0.007275,64.65154275,0.0051,45.322731,0.00345,30.6594945,0.003525,31.32600525,APAD
BKB-3485,23.67355313,89.39676355,ZZ,coal,Khulna,Bangladesh,operating,"8,886.81",0.007275,64.65154275,0.0051,45.322731,0.00345,30.6594945,0.003525,31.32600525,APAD
BKB-3486,23.91894822,90.1014477,ZZ,coal,Dhaka,Bangladesh,operating,"8,886.81",0.007275,64.65154275,0.0051,45.322731,0.00345,30.6594945,0.003525,31.32600525,APAD
BKB-3487,24.38963161,88.96056514,ZZ,coal,Rajshahi,Bangladesh,operating,"8,886.81",0.007275,64.65154275,0.0051,45.322731,0.00345,30.6594945,0.003525,31.32600525,APAD
BKB-3488,24.08225906,89.16851008,ZZ,coal,Rajshahi,Bangladesh,operating,"8,886.81",0.007275,64.65154275,0.0051,45.322731,0.00345,30.6594945,0.003525,31.32600525,APAD
BKB-3489,24.39429721,89.52699757,ZZ,coal,Rajshahi,Bangladesh,operating,"8,886.81",0.007275,64.65154275,0.0051,45.322731,0.00345,30.6594945,0.003525,31.32600525,APAD
BKB-3490,24.41887399,89.56063817,ZZ,coal,Rajshahi,Bangladesh,operating,"8,886.81",0.007275,64.65154275,0.0051,45.322731,0.00345,30.6594945,0.003525,31.32600525,APAD
BKB-3491,23.96502167,89.41222779,ZZ,coal,Rajshahi,Bangladesh,operating,"8,886.81",0.007275,64.65154275,0.0051,45.322731,0.00345,30.6594945,0.003525,31.32600525,APAD
BKB-3492,25.04995931,90.01296374,ZZ,coal,Mymensingh,Bangladesh,operating,"8,886.81",0.007275,64.65154275,0.0051,45.322731,0.00345,30.6594945,0.003525,31.32600525,APAD
BKB-3493,24.31149247,89.52805494,ZZ,coal,Rajshahi,Bangladesh,operating,"8,886.81",0.007275,64.65154275,0.0051,45.322731,0.00345,30.6594945,0.003525,31.32600525,APAD
BKB-3494,24.31018248,89.5309037,ZZ,coal,Rajshahi,Bangladesh,operating,"8,886.81",0.007275,64.65154275,0.0051,45.322731,0.00345,30.6594945,0.003525,31.32600525,APAD
BKB-3495,24.10038905,90.1935911,ZZ,coal,Dhaka,Bangladesh,operating,"8,886.81",0.007275,64.65154275,0.0051,45.322731,0.00345,30.6594945,0.003525,31.32600525,APAD
BKB-3496,24.0362601,88.87711149,ZZ,coal,Khulna,Bangladesh,operating,"8,886.81",0.007275,64.65154275,0.0051,45.322731,0.00345,30.6594945,0.003525,31.32600525,APAD
BKB-3497,24.07579582,89.87175217,ZZ,coal,Dhaka,Bangladesh,operating,"8,886.81",0.007275,64.65154275,0.0051,45.322731,0.00345,30.6594945,0.003525,31.32600525,APAD
BKB-3498,24.80051374,89.90228409,ZZ,coal,Mymensingh,Bangladesh,operating,"8,886.81",0.007275,64.65154275,0.0051,45.322731,0.00345,30.6594945,0.003525,31.32600525,APAD
BKB-3499,24.46366794,88.69220806,ZZ,coal,Rajshahi,Bangladesh,operating,"8,886.81",0.007275,64.65154275,0.0051,45.322731,0.00345,30.6594945,0.003525,31.32600525,APAD
BKB-3500,24.45600108,89.98822396,ZZ,coal,Dhaka,Bangladesh,operating,"8,886.81",0.007275,64.65154275,0.0051,45.322731,0.00345,30.6594945,0.003525,31.32600525,APAD
BKB-3501,24.45732046,89.98650396,ZZ,coal,Dhaka,Bangladesh,operating,"8,886.81",0.007275,64.65154275,0.0051,45.322731,0.00345,30.6594945,0.003525,31.32600525,APAD
BKB-3502,23.94484631,88.88820479,ZZ,coal,Khulna,Bangladesh,operating,"8,886.81",0.007275,64.65154275,0.0051,45.322731,0.00345,30.6594945,0.003525,31.32600525,APAD
BKB-3503,24.55649238,90.07461505,ZZ,coal,Dhaka,Bangladesh,operating,"8,886.81",0.007275,64.65154275,0.0051,45.322731,0.00345,30.6594945,0.003525,31.32600525,APAD
BKB-3504,24.37969969,88.93622746,ZZ,coal,Rajshahi,Bangladesh,operating,"8,886.81",0.007275,64.65154275,0.0051,45.322731,0.00345,30.6594945,0.003525,31.32600525,APAD
BKB-3505,23.78440451,89.29548875,ZZ,coal,Khulna,Bangladesh,operating,"8,886.81",0.007275,64.65154275,0.0051,45.322731,0.00345,30.6594945,0.003525,31.32600525,APAD
BKB-3506,24.10597569,90.18261356,ZZ,coal,Dhaka,Bangladesh,operating,"8,886.81",0.007275,64.65154275,0.0051,45.322731,0.00345,30.6594945,0.003525,31.32600525,APAD
BKB-3507,24.1052667,90.18203843,ZZ,coal,Dhaka,Bangladesh,operating,"8,886.81",0.007275,64.65154275,0.0051,45.322731,0.00345,30.6594945,0.003525,31.32600525,APAD
BKB-3508,24.23928644,90.10570852,ZZ,coal,Dhaka,Bangladesh,operating,"8,886.81",0.007275,64.65154275,0.0051,45.322731,0.00345,30.6594945,0.003525,31.32600525,APAD
BKB-3509,24.48871559,90.10059849,ZZ,coal,Dhaka,Bangladesh,operating,"8,886.81",0.007275,64.65154275,0.0051,45.322731,0.00345,30.6594945,0.003525,31.32600525,APAD
BKB-3510,25.63887679,89.40355915,ZZ,coal,Rangpur,Bangladesh,operating,"8,886.81",0.007275,64.65154275,0.0051,45.322731,0.00345,30.6594945,0.003525,31.32600525,APAD
BKB-3511,23.91999029,90.15743395,ZZ,coal,Dhaka,Bangladesh,operating,"8,886.81",0.007275,64.65154275,0.0051,45.322731,0.00345,30.6594945,0.003525,31.32600525,APAD
BKB-3512,23.922183,90.16307233,ZZ,coal,Dhaka,Bangladesh,operating,"8,886.81",0.007275,64.65154275,0.0051,45.322731,0.00345,30.6594945,0.003525,31.32600525,APAD
BKB-3513,24.34233685,89.56764039,ZZ,coal,Rajshahi,Bangladesh,operating,"8,886.81",0.007275,64.65154275,0.0051,45.322731,0.00345,30.6594945,0.003525,31.32600525,APAD
BKB-3514,23.59333816,88.78361542,ZZ,coal,Khulna,Bangladesh,operating,"8,886.81",0.007275,64.65154275,0.0051,45.322731,0.00345,30.6594945,0.003525,31.32600525,APAD
BKB-3515,22.20665383,90.28072411,ZZ,coal,Barisal,Bangladesh,operating,"8,886.81",0.007275,64.65154275,0.0051,45.322731,0.00345,30.6594945,0.003525,31.32600525,APAD
BKB-3516,23.98622849,89.23101632,ZZ,coal,Rajshahi,Bangladesh,operating,"8,886.81",0.007275,64.65154275,0.0051,45.322731,0.00345,30.6594945,0.003525,31.32600525,APAD
BKB-3517,24.84751631,89.87860864,ZZ,coal,Mymensingh,Bangladesh,operating,"8,886.81",0.007275,64.65154275,0.0051,45.322731,0.00345,30.6594945,0.003525,31.32600525,APAD
BKB-3518,23.6701,88.86723548,ZZ,coal,Khulna,Bangladesh,operating,"8,886.81",0.007275,64.65154275,0.0051,45.322731,0.00345,30.6594945,0.003525,31.32600525,APAD
BKB-3519,25.78262302,89.36045683,ZZ,coal,Rangpur,Bangladesh,operating,"8,886.81",0.007275,64.65154275,0.0051,45.322731,0.00345,30.6594945,0.003525,31.32600525,APAD
BKB-3520,24.47909178,90.089901,ZZ,coal,Dhaka,Bangladesh,operating,"8,886.81",0.007275,64.65154275,0.0051,45.322731,0.00345,30.6594945,0.003525,31.32600525,APAD
BKB-3521,25.15671479,90.25436801,ZZ,coal,Mymensingh,Bangladesh,operating,"8,886.81",0.007275,64.65154275,0.0051,45.322731,0.00345,30.6594945,0.003525,31.32600525,APAD
BKB-3522,23.96574357,89.25523902,ZZ,coal,Rajshahi,Bangladesh,operating,"8,886.81",0.007275,64.65154275,0.0051,45.322731,0.00345,30.6594945,0.003525,31.32600525,APAD
BKB-3523,23.96298742,89.25886714,ZZ,coal,Rajshahi,Bangladesh,operating,"8,886.81",0.007275,64.65154275,0.0051,45.322731,0.00345,30.6594945,0.003525,31.32600525,APAD
BKB-3524,23.90593956,90.09700116,ZZ,coal,Dhaka,Bangladesh,operating,"8,886.81",0.007275,64.65154275,0.0051,45.322731,0.00345,30.6594945,0.003525,31.32600525,APAD
BKB-3525,24.17548928,88.93706607,ZZ,coal,Rajshahi,Bangladesh,operating,"8,886.81",0.007275,64.65154275,0.0051,45.322731,0.00345,30.6594945,0.003525,31.32600525,APAD
BKB-3526,24.64560741,89.90550064,ZZ,coal,Dhaka,Bangladesh,operating,"8,886.81",0.007275,64.65154275,0.0051,45.322731,0.00345,30.6594945,0.003525,31.32600525,APAD
BKB-3527,24.10790784,90.14973847,ZZ,coal,Dhaka,Bangladesh,operating,"8,886.81",0.007275,64.65154275,0.0051,45.322731,0.00345,30.6594945,0.003525,31.32600525,APAD
BKB-3528,24.10852292,90.15184547,ZZ,coal,Dhaka,Bangladesh,operating,"8,886.81",0.007275,64.65154275,0.0051,45.322731,0.00345,30.6594945,0.003525,31.32600525,APAD
BKB-3529,23.77279101,88.94129415,ZZ,coal,Khulna,Bangladesh,operating,"8,886.81",0.007275,64.65154275,0.0051,45.322731,0.00345,30.6594945,0.003525,31.32600525,APAD
BKB-3530,23.6134265,88.78564936,ZZ,coal,Khulna,Bangladesh,operating,"8,886.81",0.007275,64.65154275,0.0051,45.322731,0.00345,30.6594945,0.003525,31.32600525,APAD
BKB-3531,23.92415233,90.16648213,ZZ,coal,Dhaka,Bangladesh,operating,"8,886.81",0.007275,64.65154275,0.0051,45.322731,0.00345,30.6594945,0.003525,31.32600525,APAD
BKB-3532,23.9207717,90.16441814,ZZ,coal,Dhaka,Bangladesh,operating,"8,886.81",0.007275,64.65154275,0.0051,45.322731,0.00345,30.6594945,0.003525,31.32600525,APAD
BKB-3533,23.91990777,90.16781513,ZZ,coal,Dhaka,Bangladesh,operating,"8,886.81",0.007275,64.65154275,0.0051,45.322731,0.00345,30.6594945,0.003525,31.32600525,APAD
BKB-3534,24.17166449,90.11751335,ZZ,coal,Dhaka,Bangladesh,operating,"8,886.81",0.007275,64.65154275,0.0051,45.322731,0.00345,30.6594945,0.003525,31.32600525,APAD
BKB-3535,25.30000656,89.51383578,ZZ,coal,Rangpur,Bangladesh,operating,"8,886.81",0.007275,64.65154275,0.0051,45.322731,0.00345,30.6594945,0.003525,31.32600525,APAD
BKB-3536,23.95467734,90.19418864,ZZ,coal,Dhaka,Bangladesh,operating,"8,886.81",0.007275,64.65154275,0.0051,45.322731,0.00345,30.6594945,0.003525,31.32600525,APAD
BKB-3537,23.84706548,89.19801042,ZZ,coal,Khulna,Bangladesh,operating,"8,886.81",0.007275,64.65154275,0.0051,45.322731,0.00345,30.6594945,0.003525,31.32600525,APAD
BKB-3538,24.63919646,88.73769422,ZZ,coal,Rajshahi,Bangladesh,operating,"8,886.81",0.007275,64.65154275,0.0051,45.322731,0.00345,30.6594945,0.003525,31.32600525,APAD
BKB-3539,24.15220421,90.20202717,ZZ,coal,Dhaka,Bangladesh,operating,"8,886.81",0.007275,64.65154275,0.0051,45.322731,0.00345,30.6594945,0.003525,31.32600525,APAD
BKB-3540,24.15404947,90.20365579,ZZ,coal,Dhaka,Bangladesh,operating,"8,886.81",0.007275,64.65154275,0.0051,45.322731,0.00345,30.6594945,0.003525,31.32600525,APAD
BKB-3541,24.15199292,90.20401591,ZZ,coal,Dhaka,Bangladesh,operating,"8,886.81",0.007275,64.65154275,0.0051,45.322731,0.00345,30.6594945,0.003525,31.32600525,APAD
BKB-3542,23.74155915,88.91125618,ZZ,coal,Khulna,Bangladesh,operating,"8,886.81",0.007275,64.65154275,0.0051,45.322731,0.00345,30.6594945,0.003525,31.32600525,APAD
BKB-3543,24.07868769,89.18814547,ZZ,coal,Rajshahi,Bangladesh,operating,"8,886.81",0.007275,64.65154275,0.0051,45.322731,0.00345,30.6594945,0.003525,31.32600525,APAD
BKB-3544,25.30357333,89.38903595,ZZ,coal,Rangpur,Bangladesh,operating,"8,886.81",0.007275,64.65154275,0.0051,45.322731,0.00345,30.6594945,0.003525,31.32600525,APAD
BKB-3545,23.93565079,90.09165191,ZZ,coal,Dhaka,Bangladesh,operating,"8,886.81",0.007275,64.65154275,0.0051,45.322731,0.00345,30.6594945,0.003525,31.32600525,APAD
BKB-3546,23.93782002,90.09151216,ZZ,coal,Dhaka,Bangladesh,operating,"8,886.81",0.007275,64.65154275,0.0051,45.322731,0.00345,30.6594945,0.003525,31.32600525,APAD
BKB-3547,23.93874031,90.09016841,ZZ,coal,Dhaka,Bangladesh,operating,"8,886.81",0.007275,64.65154275,0.0051,45.322731,0.00345,30.6594945,0.003525,31.32600525,APAD
BKB-3548,23.93541602,90.09338803,ZZ,coal,Dhaka,Bangladesh,operating,"8,886.81",0.007275,64.65154275,0.0051,45.322731,0.00345,30.6594945,0.003525,31.32600525,APAD
BKB-3549,24.19427392,88.92622194,ZZ,coal,Rajshahi,Bangladesh,operating,"8,886.81",0.007275,64.65154275,0.0051,45.322731,0.00345,30.6594945,0.003525,31.32600525,APAD
BKB-3550,24.46643634,89.44066258,ZZ,coal,Rajshahi,Bangladesh,operating,"8,886.81",0.007275,64.65154275,0.0051,45.322731,0.00345,30.6594945,0.003525,31.32600525,APAD
BKB-3551,25.02695846,89.84737634,ZZ,coal,Mymensingh,Bangladesh,operating,"8,886.81",0.007275,64.65154275,0.0051,45.322731,0.00345,30.6594945,0.003525,31.32600525,APAD
BKB-3552,24.38257585,88.91104142,ZZ,coal,Rajshahi,Bangladesh,operating,"8,886.81",0.007275,64.65154275,0.0051,45.322731,0.00345,30.6594945,0.003525,31.32600525,APAD
BKB-3553,24.25361966,89.34166545,ZZ,coal,Rajshahi,Bangladesh,operating,"8,886.81",0.007275,64.65154275,0.0051,45.322731,0.00345,30.6594945,0.003525,31.32600525,APAD
BKB-3554,24.47328757,88.6473111,ZZ,coal,Rajshahi,Bangladesh,operating,"8,886.81",0.007275,64.65154275,0.0051,45.322731,0.00345,30.6594945,0.003525,31.32600525,APAD
BKB-3555,25.0858124,89.56076274,ZZ,coal,Rangpur,Bangladesh,operating,"8,886.81",0.007275,64.65154275,0.0051,45.322731,0.00345,30.6594945,0.003525,31.32600525,APAD
BKB-3556,25.08603777,89.56220862,ZZ,coal,Rangpur,Bangladesh,operating,"8,886.81",0.007275,64.65154275,0.0051,45.322731,0.00345,30.6594945,0.003525,31.32600525,APAD
BKB-3557,24.11161007,90.1549852,ZZ,coal,Dhaka,Bangladesh,operating,"8,886.81",0.007275,64.65154275,0.0051,45.322731,0.00345,30.6594945,0.003525,31.32600525,APAD
BKB-3558,24.11372297,90.15865632,ZZ,coal,Dhaka,Bangladesh,operating,"8,886.81",0.007275,64.65154275,0.0051,45.322731,0.00345,30.6594945,0.003525,31.32600525,APAD
BKB-3559,23.92395149,90.08529062,ZZ,coal,Dhaka,Bangladesh,operating,"8,886.81",0.007275,64.65154275,0.0051,45.322731,0.00345,30.6594945,0.003525,31.32600525,APAD
BKB-3560,23.92301242,90.085124,ZZ,coal,Dhaka,Bangladesh,operating,"8,886.81",0.007275,64.65154275,0.0051,45.322731,0.00345,30.6594945,0.003525,31.32600525,APAD
BKB-3561,23.92196537,90.08541963,ZZ,coal,Dhaka,Bangladesh,operating,"8,886.81",0.007275,64.65154275,0.0051,45.322731,0.00345,30.6594945,0.003525,31.32600525,APAD
BKB-3562,23.90903692,90.08835497,ZZ,coal,Dhaka,Bangladesh,operating,"8,886.81",0.007275,64.65154275,0.0051,45.322731,0.00345,30.6594945,0.003525,31.32600525,APAD
BKB-3563,23.90960505,90.08956972,ZZ,coal,Dhaka,Bangladesh,operating,"8,886.81",0.007275,64.65154275,0.0051,45.322731,0.00345,30.6594945,0.003525,31.32600525,APAD
BKB-3564,23.94647473,90.19462777,ZZ,coal,Dhaka,Bangladesh,operating,"8,886.81",0.007275,64.65154275,0.0051,45.322731,0.00345,30.6594945,0.003525,31.32600525,APAD
BKB-3565,23.99356504,88.8721521,ZZ,coal,Khulna,Bangladesh,operating,"8,886.81",0.007275,64.65154275,0.0051,45.322731,0.00345,30.6594945,0.003525,31.32600525,APAD
BKB-3566,23.9825217,89.18652986,ZZ,coal,Khulna,Bangladesh,operating,"8,886.81",0.007275,64.65154275,0.0051,45.322731,0.00345,30.6594945,0.003525,31.32600525,APAD
BKB-3567,24.712897,89.94545257,ZZ,coal,Dhaka,Bangladesh,operating,"8,886.81",0.007275,64.65154275,0.0051,45.322731,0.00345,30.6594945,0.003525,31.32600525,APAD
BKB-3568,23.80058955,89.4383334,ZZ,coal,Dhaka,Bangladesh,operating,"8,886.81",0.007275,64.65154275,0.0051,45.322731,0.00345,30.6594945,0.003525,31.32600525,APAD
BKB-3569,23.91454287,89.60489069,ZZ,coal,Rajshahi,Bangladesh,operating,"8,886.81",0.007275,64.65154275,0.0051,45.322731,0.00345,30.6594945,0.003525,31.32600525,APAD
BKB-3570,24.395524,88.66484536,ZZ,coal,Rajshahi,Bangladesh,operating,"8,886.81",0.007275,64.65154275,0.0051,45.322731,0.00345,30.6594945,0.003525,31.32600525,APAD
BKB-3571,24.11635171,90.15755774,ZZ,coal,Dhaka,Bangladesh,operating,"8,886.81",0.007275,64.65154275,0.0051,45.322731,0.00345,30.6594945,0.003525,31.32600525,APAD
BKB-3572,24.11713583,90.15913799,ZZ,coal,Dhaka,Bangladesh,operating,"8,886.81",0.007275,64.65154275,0.0051,45.322731,0.00345,30.6594945,0.003525,31.32600525,APAD
BKB-3573,24.12029108,90.15843924,ZZ,coal,Dhaka,Bangladesh,operating,"8,886.81",0.007275,64.65154275,0.0051,45.322731,0.00345,30.6594945,0.003525,31.32600525,APAD
BKB-3574,24.17956012,90.11751758,ZZ,coal,Dhaka,Bangladesh,operating,"8,886.81",0.007275,64.65154275,0.0051,45.322731,0.00345,30.6594945,0.003525,31.32600525,APAD
BKB-3575,23.89969034,90.08235649,ZZ,coal,Dhaka,Bangladesh,operating,"8,886.81",0.007275,64.65154275,0.0051,45.322731,0.00345,30.6594945,0.003525,31.32600525,APAD
BKB-3576,23.89876536,90.08200711,ZZ,coal,Dhaka,Bangladesh,operating,"8,886.81",0.007275,64.65154275,0.0051,45.322731,0.00345,30.6594945,0.003525,31.32600525,APAD
BKB-3577,25.70629539,89.66172638,ZZ,coal,Rangpur,Bangladesh,operating,"8,886.81",0.007275,64.65154275,0.0051,45.322731,0.00345,30.6594945,0.003525,31.32600525,APAD
BKB-3578,23.96560886,89.42590085,ZZ,coal,Rajshahi,Bangladesh,operating,"8,886.81",0.007275,64.65154275,0.0051,45.322731,0.00345,30.6594945,0.003525,31.32600525,APAD
BKB-3579,23.96451016,89.42880872,ZZ,coal,Rajshahi,Bangladesh,operating,"8,886.81",0.007275,64.65154275,0.0051,45.322731,0.00345,30.6594945,0.003525,31.32600525,APAD
BKB-3580,23.96392324,89.42537948,ZZ,coal,Rajshahi,Bangladesh,operating,"8,886.81",0.007275,64.65154275,0.0051,45.322731,0.00345,30.6594945,0.003525,31.32600525,APAD
BKB-3581,24.4662158,90.08552178,ZZ,coal,Dhaka,Bangladesh,operating,"8,886.81",0.007275,64.65154275,0.0051,45.322731,0.00345,30.6594945,0.003525,31.32600525,APAD
BKB-3582,23.94198361,90.0922241,ZZ,coal,Dhaka,Bangladesh,operating,"8,886.81",0.007275,64.65154275,0.0051,45.322731,0.00345,30.6594945,0.003525,31.32600525,APAD
BKB-3583,23.94211508,90.09098785,ZZ,coal,Dhaka,Bangladesh,operating,"8,886.81",0.007275,64.65154275,0.0051,45.322731,0.00345,30.6594945,0.003525,31.32600525,APAD
BKB-3584,23.72777952,88.99153734,ZZ,coal,Khulna,Bangladesh,operating,"8,886.81",0.007275,64.65154275,0.0051,45.322731,0.00345,30.6594945,0.003525,31.32600525,APAD
BKB-3585,25.03184649,89.78808732,ZZ,coal,Mymensingh,Bangladesh,operating,"8,886.81",0.007275,64.65154275,0.0051,45.322731,0.00345,30.6594945,0.003525,31.32600525,APAD
BKB-3586,24.25487802,89.3427472,ZZ,coal,Rajshahi,Bangladesh,operating,"8,886.81",0.007275,64.65154275,0.0051,45.322731,0.00345,30.6594945,0.003525,31.32600525,APAD
BKB-3587,23.91476977,89.19461514,ZZ,coal,Khulna,Bangladesh,operating,"8,886.81",0.007275,64.65154275,0.0051,45.322731,0.00345,30.6594945,0.003525,31.32600525,APAD
BKB-3588,24.01415581,90.12666517,ZZ,coal,Dhaka,Bangladesh,operating,"8,886.81",0.007275,64.65154275,0.0051,45.322731,0.00345,30.6594945,0.003525,31.32600525,APAD
BKB-3589,24.87852768,89.97538232,ZZ,coal,Mymensingh,Bangladesh,operating,"8,886.81",0.007275,64.65154275,0.0051,45.322731,0.00345,30.6594945,0.003525,31.32600525,APAD
BKB-3590,24.01032738,90.21307434,ZZ,coal,Dhaka,Bangladesh,operating,"8,886.81",0.007275,64.65154275,0.0051,45.322731,0.00345,30.6594945,0.003525,31.32600525,APAD
BKB-3591,24.6801567,89.97149006,ZZ,coal,Dhaka,Bangladesh,operating,"8,886.81",0.007275,64.65154275,0.0051,45.322731,0.00345,30.6594945,0.003525,31.32600525,APAD
BKB-3592,24.0848504,90.12055589,ZZ,coal,Dhaka,Bangladesh,operating,"8,886.81",0.007275,64.65154275,0.0051,45.322731,0.00345,30.6594945,0.003525,31.32600525,APAD
BKB-3593,24.08417897,90.12473764,ZZ,coal,Dhaka,Bangladesh,operating,"8,886.81",0.007275,64.65154275,0.0051,45.322731,0.00345,30.6594945,0.003525,31.32600525,APAD
BKB-3594,24.08306148,90.12238339,ZZ,coal,Dhaka,Bangladesh,operating,"8,886.81",0.007275,64.65154275,0.0051,45.322731,0.00345,30.6594945,0.003525,31.32600525,APAD
BKB-3595,24.08269525,90.12072251,ZZ,coal,Dhaka,Bangladesh,operating,"8,886.81",0.007275,64.65154275,0.0051,45.322731,0.00345,30.6594945,0.003525,31.32600525,APAD
BKB-3596,24.35940271,89.25331059,ZZ,coal,Rajshahi,Bangladesh,operating,"8,886.81",0.007275,64.65154275,0.0051,45.322731,0.00345,30.6594945,0.003525,31.32600525,APAD
BKB-3597,24.74036168,89.82325137,ZZ,coal,Mymensingh,Bangladesh,operating,"8,886.81",0.007275,64.65154275,0.0051,45.322731,0.00345,30.6594945,0.003525,31.32600525,APAD
BKB-3598,24.74037107,89.82308474,ZZ,coal,Mymensingh,Bangladesh,operating,"8,886.81",0.007275,64.65154275,0.0051,45.322731,0.00345,30.6594945,0.003525,31.32600525,APAD
BKB-3599,24.64582253,90.00904354,ZZ,coal,Dhaka,Bangladesh,operating,"8,886.81",0.007275,64.65154275,0.0051,45.322731,0.00345,30.6594945,0.003525,31.32600525,APAD
BKB-3600,24.39567783,88.9515639,ZZ,coal,Rajshahi,Bangladesh,operating,"8,886.81",0.007275,64.65154275,0.0051,45.322731,0.00345,30.6594945,0.003525,31.32600525,APAD
BKB-3601,24.39742918,88.9524239,ZZ,coal,Rajshahi,Bangladesh,operating,"8,886.81",0.007275,64.65154275,0.0051,45.322731,0.00345,30.6594945,0.003525,31.32600525,APAD
BKB-3602,23.92739112,89.15146148,ZZ,coal,Khulna,Bangladesh,operating,"8,886.81",0.007275,64.65154275,0.0051,45.322731,0.00345,30.6594945,0.003525,31.32600525,APAD
BKB-3603,24.02605333,89.41386277,ZZ,coal,Rajshahi,Bangladesh,operating,"8,886.81",0.007275,64.65154275,0.0051,45.322731,0.00345,30.6594945,0.003525,31.32600525,APAD
BKB-3604,24.71792961,89.94201244,ZZ,coal,Dhaka,Bangladesh,operating,"8,886.81",0.007275,64.65154275,0.0051,45.322731,0.00345,30.6594945,0.003525,31.32600525,APAD
BKB-3605,23.65691376,88.81646351,ZZ,coal,Khulna,Bangladesh,operating,"8,886.81",0.007275,64.65154275,0.0051,45.322731,0.00345,30.6594945,0.003525,31.32600525,APAD
BKB-3606,25.21979594,89.30255216,ZZ,coal,Rangpur,Bangladesh,operating,"8,886.81",0.007275,64.65154275,0.0051,45.322731,0.00345,30.6594945,0.003525,31.32600525,APAD
BKB-3607,23.9895929,88.89393707,ZZ,coal,Khulna,Bangladesh,operating,"8,886.81",0.007275,64.65154275,0.0051,45.322731,0.00345,30.6594945,0.003525,31.32600525,APAD
BKB-3608,24.49501125,89.58338695,ZZ,coal,Rajshahi,Bangladesh,operating,"8,886.81",0.007275,64.65154275,0.0051,45.322731,0.00345,30.6594945,0.003525,31.32600525,APAD
BKB-3609,24.06979977,90.08586272,ZZ,coal,Dhaka,Bangladesh,operating,"8,886.81",0.007275,64.65154275,0.0051,45.322731,0.00345,30.6594945,0.003525,31.32600525,APAD
BKB-3610,24.12524772,90.19040094,ZZ,coal,Dhaka,Bangladesh,operating,"8,886.81",0.007275,64.65154275,0.0051,45.322731,0.00345,30.6594945,0.003525,31.32600525,APAD
BKB-3611,24.91033476,89.37708052,ZZ,coal,Rajshahi,Bangladesh,operating,"8,886.81",0.007275,64.65154275,0.0051,45.322731,0.00345,30.6594945,0.003525,31.32600525,APAD
BKB-3612,24.91040519,89.37714502,ZZ,coal,Rajshahi,Bangladesh,operating,"8,886.81",0.007275,64.65154275,0.0051,45.322731,0.00345,30.6594945,0.003525,31.32600525,APAD
BKB-3613,24.75580766,89.96117041,ZZ,coal,Mymensingh,Bangladesh,operating,"8,886.81",0.007275,64.65154275,0.0051,45.322731,0.00345,30.6594945,0.003525,31.32600525,APAD
BKB-3614,23.68067296,88.81091906,ZZ,coal,Khulna,Bangladesh,operating,"8,886.81",0.007275,64.65154275,0.0051,45.322731,0.00345,30.6594945,0.003525,31.32600525,APAD
BKB-3615,25.19079753,89.8972774,ZZ,coal,Mymensingh,Bangladesh,operating,"8,886.81",0.007275,64.65154275,0.0051,45.322731,0.00345,30.6594945,0.003525,31.32600525,APAD
BKB-3616,24.44442031,88.88879054,ZZ,coal,Rajshahi,Bangladesh,operating,"8,886.81",0.007275,64.65154275,0.0051,45.322731,0.00345,30.6594945,0.003525,31.32600525,APAD
BKB-3617,24.53366279,89.56883772,ZZ,coal,Rajshahi,Bangladesh,operating,"8,886.81",0.007275,64.65154275,0.0051,45.322731,0.00345,30.6594945,0.003525,31.32600525,APAD
BKB-3618,23.77060449,88.69125904,ZZ,coal,Khulna,Bangladesh,operating,"8,886.81",0.007275,64.65154275,0.0051,45.322731,0.00345,30.6594945,0.003525,31.32600525,APAD
BKB-3619,24.31643633,89.51391471,ZZ,coal,Rajshahi,Bangladesh,operating,"8,886.81",0.007275,64.65154275,0.0051,45.322731,0.00345,30.6594945,0.003525,31.32600525,APAD
BKB-3620,24.2450932,90.1023913,ZZ,coal,Dhaka,Bangladesh,operating,"8,886.81",0.007275,64.65154275,0.0051,45.322731,0.00345,30.6594945,0.003525,31.32600525,APAD
BKB-3621,25.04809916,90.01421514,ZZ,coal,Mymensingh,Bangladesh,operating,"8,886.81",0.007275,64.65154275,0.0051,45.322731,0.00345,30.6594945,0.003525,31.32600525,APAD
BKB-3622,24.11251099,90.09654285,ZZ,coal,Dhaka,Bangladesh,operating,"8,886.81",0.007275,64.65154275,0.0051,45.322731,0.00345,30.6594945,0.003525,31.32600525,APAD
BKB-3623,24.01509403,89.08996463,ZZ,coal,Rajshahi,Bangladesh,operating,"8,886.81",0.007275,64.65154275,0.0051,45.322731,0.00345,30.6594945,0.003525,31.32600525,APAD
BKB-3624,23.72026719,88.90110836,ZZ,coal,Khulna,Bangladesh,operating,"8,886.81",0.007275,64.65154275,0.0051,45.322731,0.00345,30.6594945,0.003525,31.32600525,APAD
BKB-3625,23.95904973,89.59203437,ZZ,coal,Rajshahi,Bangladesh,operating,"8,886.81",0.007275,64.65154275,0.0051,45.322731,0.00345,30.6594945,0.003525,31.32600525,APAD
BKB-3626,24.43216011,88.86385776,ZZ,coal,Rajshahi,Bangladesh,operating,"8,886.81",0.007275,64.65154275,0.0051,45.322731,0.00345,30.6594945,0.003525,31.32600525,APAD
BKB-3627,24.4069719,88.65532826,ZZ,coal,Rajshahi,Bangladesh,operating,"8,886.81",0.007275,64.65154275,0.0051,45.322731,0.00345,30.6594945,0.003525,31.32600525,APAD
BKB-3628,24.43637942,88.85249633,ZZ,coal,Rajshahi,Bangladesh,operating,"8,886.81",0.007275,64.65154275,0.0051,45.322731,0.00345,30.6594945,0.003525,31.32600525,APAD
BKB-3629,24.39466633,88.94037739,ZZ,coal,Rajshahi,Bangladesh,operating,"8,886.81",0.007275,64.65154275,0.0051,45.322731,0.00345,30.6594945,0.003525,31.32600525,APAD
BKB-3630,24.67118097,88.67286347,ZZ,coal,Rajshahi,Bangladesh,operating,"8,886.81",0.007275,64.65154275,0.0051,45.322731,0.00345,30.6594945,0.003525,31.32600525,APAD
BKB-3631,24.5850223,89.44886062,ZZ,coal,Rajshahi,Bangladesh,operating,"8,886.81",0.007275,64.65154275,0.0051,45.322731,0.00345,30.6594945,0.003525,31.32600525,APAD
BKB-3632,24.24521168,89.23574144,ZZ,coal,Rajshahi,Bangladesh,operating,"8,886.81",0.007275,64.65154275,0.0051,45.322731,0.00345,30.6594945,0.003525,31.32600525,APAD
BKB-3633,23.88253441,89.1779957,ZZ,coal,Khulna,Bangladesh,operating,"8,886.81",0.007275,64.65154275,0.0051,45.322731,0.00345,30.6594945,0.003525,31.32600525,APAD
BKB-3634,24.02422077,89.85333449,ZZ,coal,Dhaka,Bangladesh,operating,"8,886.81",0.007275,64.65154275,0.0051,45.322731,0.00345,30.6594945,0.003525,31.32600525,APAD
BKB-3635,23.76767667,88.62321762,ZZ,coal,Khulna,Bangladesh,operating,"8,886.81",0.007275,64.65154275,0.0051,45.322731,0.00345,30.6594945,0.003525,31.32600525,APAD
BKB-3636,25.9946982,89.68346771,ZZ,coal,Rangpur,Bangladesh,operating,"8,886.81",0.007275,64.65154275,0.0051,45.322731,0.00345,30.6594945,0.003525,31.32600525,APAD
BKB-3637,24.23365335,89.41621826,ZZ,coal,Rajshahi,Bangladesh,operating,"8,886.81",0.007275,64.65154275,0.0051,45.322731,0.00345,30.6594945,0.003525,31.32600525,APAD
BKB-3638,23.90468752,89.03546947,ZZ,coal,Khulna,Bangladesh,operating,"8,886.81",0.007275,64.65154275,0.0051,45.322731,0.00345,30.6594945,0.003525,31.32600525,APAD
BKB-3639,23.89994214,89.20992779,ZZ,coal,Khulna,Bangladesh,operating,"8,886.81",0.007275,64.65154275,0.0051,45.322731,0.00345,30.6594945,0.003525,31.32600525,APAD
BKB-3640,23.89954304,89.21222291,ZZ,coal,Khulna,Bangladesh,operating,"8,886.81",0.007275,64.65154275,0.0051,45.322731,0.00345,30.6594945,0.003525,31.32600525,APAD
BKB-3641,24.77756536,89.40623883,ZZ,coal,Rajshahi,Bangladesh,operating,"8,886.81",0.007275,64.65154275,0.0051,45.322731,0.00345,30.6594945,0.003525,31.32600525,APAD
BKB-3642,23.81035332,88.90652662,ZZ,coal,Khulna,Bangladesh,operating,"8,886.81",0.007275,64.65154275,0.0051,45.322731,0.00345,30.6594945,0.003525,31.32600525,APAD
BKB-3643,24.25440434,89.33752398,ZZ,coal,Rajshahi,Bangladesh,operating,"8,886.81",0.007275,64.65154275,0.0051,45.322731,0.00345,30.6594945,0.003525,31.32600525,APAD
BKB-3644,24.11065183,90.17317211,ZZ,coal,Dhaka,Bangladesh,operating,"8,886.81",0.007275,64.65154275,0.0051,45.322731,0.00345,30.6594945,0.003525,31.32600525,APAD
BKB-3645,24.11004613,90.17511249,ZZ,coal,Dhaka,Bangladesh,operating,"8,886.81",0.007275,64.65154275,0.0051,45.322731,0.00345,30.6594945,0.003525,31.32600525,APAD
BKB-3646,24.94690845,89.42275,ZZ,coal,Rajshahi,Bangladesh,operating,"8,886.81",0.007275,64.65154275,0.0051,45.322731,0.00345,30.6594945,0.003525,31.32600525,APAD
BKB-3647,24.61488623,89.44904653,ZZ,coal,Rajshahi,Bangladesh,operating,"8,886.81",0.007275,64.65154275,0.0051,45.322731,0.00345,30.6594945,0.003525,31.32600525,APAD
BKB-3648,24.27586536,89.34297591,ZZ,coal,Rajshahi,Bangladesh,operating,"8,886.81",0.007275,64.65154275,0.0051,45.322731,0.00345,30.6594945,0.003525,31.32600525,APAD
BKB-3649,24.7776603,89.87719158,ZZ,coal,Mymensingh,Bangladesh,operating,"8,886.81",0.007275,64.65154275,0.0051,45.322731,0.00345,30.6594945,0.003525,31.32600525,APAD
BKB-3650,24.35539204,89.9601031,ZZ,coal,Dhaka,Bangladesh,operating,"8,886.81",0.007275,64.65154275,0.0051,45.322731,0.00345,30.6594945,0.003525,31.32600525,APAD
BKB-3651,24.08658808,90.11138976,ZZ,coal,Dhaka,Bangladesh,operating,"8,886.81",0.007275,64.65154275,0.0051,45.322731,0.00345,30.6594945,0.003525,31.32600525,APAD
BKB-3652,24.08691206,90.10906776,ZZ,coal,Dhaka,Bangladesh,operating,"8,886.81",0.007275,64.65154275,0.0051,45.322731,0.00345,30.6594945,0.003525,31.32600525,APAD
BKB-3653,24.12845388,89.09258619,ZZ,coal,Rajshahi,Bangladesh,operating,"8,886.81",0.007275,64.65154275,0.0051,45.322731,0.00345,30.6594945,0.003525,31.32600525,APAD
BKB-3654,24.76801728,88.86651579,ZZ,coal,Rajshahi,Bangladesh,operating,"8,886.81",0.007275,64.65154275,0.0051,45.322731,0.00345,30.6594945,0.003525,31.32600525,APAD
BKB-3655,25.05054942,90.01402667,ZZ,coal,Mymensingh,Bangladesh,operating,"8,886.81",0.007275,64.65154275,0.0051,45.322731,0.00345,30.6594945,0.003525,31.32600525,APAD
BKB-3656,24.65955105,89.81692357,ZZ,coal,Mymensingh,Bangladesh,operating,"8,886.81",0.007275,64.65154275,0.0051,45.322731,0.00345,30.6594945,0.003525,31.32600525,APAD
BKB-3657,24.79996677,88.30678059,ZZ,coal,Rajshahi,Bangladesh,operating,"8,886.81",0.007275,64.65154275,0.0051,45.322731,0.00345,30.6594945,0.003525,31.32600525,APAD
BKB-3658,24.44599806,89.98106823,ZZ,coal,Dhaka,Bangladesh,operating,"8,886.81",0.007275,64.65154275,0.0051,45.322731,0.00345,30.6594945,0.003525,31.32600525,APAD
BKB-3659,24.22654111,89.5569399,ZZ,coal,Rajshahi,Bangladesh,operating,"8,886.81",0.007275,64.65154275,0.0051,45.322731,0.00345,30.6594945,0.003525,31.32600525,APAD
BKB-3660,23.92080548,89.23252487,ZZ,coal,Khulna,Bangladesh,operating,"8,886.81",0.007275,64.65154275,0.0051,45.322731,0.00345,30.6594945,0.003525,31.32600525,APAD
BKB-3661,24.43605109,88.38040423,ZZ,coal,Rajshahi,Bangladesh,operating,"8,886.81",0.007275,64.65154275,0.0051,45.322731,0.00345,30.6594945,0.003525,31.32600525,APAD
BKB-3662,23.69922263,88.59590994,ZZ,coal,Khulna,Bangladesh,operating,"8,886.81",0.007275,64.65154275,0.0051,45.322731,0.00345,30.6594945,0.003525,31.32600525,APAD
BKB-3663,24.1148114,90.17196137,ZZ,coal,Dhaka,Bangladesh,operating,"8,886.81",0.007275,64.65154275,0.0051,45.322731,0.00345,30.6594945,0.003525,31.32600525,APAD
BKB-3664,24.11589132,90.17006937,ZZ,coal,Dhaka,Bangladesh,operating,"8,886.81",0.007275,64.65154275,0.0051,45.322731,0.00345,30.6594945,0.003525,31.32600525,APAD
BKB-3665,24.0871316,89.83170268,ZZ,coal,Dhaka,Bangladesh,operating,"8,886.81",0.007275,64.65154275,0.0051,45.322731,0.00345,30.6594945,0.003525,31.32600525,APAD
BKB-3666,23.91572041,89.23835795,ZZ,coal,Khulna,Bangladesh,operating,"8,886.81",0.007275,64.65154275,0.0051,45.322731,0.00345,30.6594945,0.003525,31.32600525,APAD
BKB-3667,23.91462171,89.23894383,ZZ,coal,Khulna,Bangladesh,operating,"8,886.81",0.007275,64.65154275,0.0051,45.322731,0.00345,30.6594945,0.003525,31.32600525,APAD
BKB-3668,23.91578615,89.24114758,ZZ,coal,Khulna,Bangladesh,operating,"8,886.81",0.007275,64.65154275,0.0051,45.322731,0.00345,30.6594945,0.003525,31.32600525,APAD
BKB-3669,23.91495508,89.24273858,ZZ,coal,Khulna,Bangladesh,operating,"8,886.81",0.007275,64.65154275,0.0051,45.322731,0.00345,30.6594945,0.003525,31.32600525,APAD
BKB-3670,23.91326007,89.24307721,ZZ,coal,Khulna,Bangladesh,operating,"8,886.81",0.007275,64.65154275,0.0051,45.322731,0.00345,30.6594945,0.003525,31.32600525,APAD
BKB-3671,24.09765214,90.14564162,ZZ,coal,Dhaka,Bangladesh,operating,"8,886.81",0.007275,64.65154275,0.0051,45.322731,0.00345,30.6594945,0.003525,31.32600525,APAD
BKB-3672,24.01353076,90.01926873,ZZ,coal,Dhaka,Bangladesh,operating,"8,886.81",0.007275,64.65154275,0.0051,45.322731,0.00345,30.6594945,0.003525,31.32600525,APAD
BKB-3673,24.36145953,89.24379496,ZZ,coal,Rajshahi,Bangladesh,operating,"8,886.81",0.007275,64.65154275,0.0051,45.322731,0.00345,30.6594945,0.003525,31.32600525,APAD
BKB-3674,24.02498968,89.84912223,ZZ,coal,Dhaka,Bangladesh,operating,"8,886.81",0.007275,64.65154275,0.0051,45.322731,0.00345,30.6594945,0.003525,31.32600525,APAD
BKB-3675,24.23624576,89.56106999,ZZ,coal,Rajshahi,Bangladesh,operating,"8,886.81",0.007275,64.65154275,0.0051,45.322731,0.00345,30.6594945,0.003525,31.32600525,APAD
BKB-3676,24.46657006,88.86980481,ZZ,coal,Rajshahi,Bangladesh,operating,"8,886.81",0.007275,64.65154275,0.0051,45.322731,0.00345,30.6594945,0.003525,31.32600525,APAD
BKB-3677,24.3889182,88.4759484,ZZ,coal,Rajshahi,Bangladesh,operating,"8,886.81",0.007275,64.65154275,0.0051,45.322731,0.00345,30.6594945,0.003525,31.32600525,APAD
BKB-3678,23.99100016,89.17548029,ZZ,coal,Rajshahi,Bangladesh,operating,"8,886.81",0.007275,64.65154275,0.0051,45.322731,0.00345,30.6594945,0.003525,31.32600525,APAD
BKB-3679,23.98390256,89.58907722,ZZ,coal,Rajshahi,Bangladesh,operating,"8,886.81",0.007275,64.65154275,0.0051,45.322731,0.00345,30.6594945,0.003525,31.32600525,APAD
BKB-3680,25.77770377,88.92814904,ZZ,coal,Rangpur,Bangladesh,operating,"8,886.81",0.007275,64.65154275,0.0051,45.322731,0.00345,30.6594945,0.003525,31.32600525,APAD
BKB-3681,24.65502456,90.02322265,ZZ,coal,Dhaka,Bangladesh,operating,"8,886.81",0.007275,64.65154275,0.0051,45.322731,0.00345,30.6594945,0.003525,31.32600525,APAD
BKB-3682,24.26944754,89.09855669,ZZ,coal,Rajshahi,Bangladesh,operating,"8,886.81",0.007275,64.65154275,0.0051,45.322731,0.00345,30.6594945,0.003525,31.32600525,APAD
BKB-3683,24.46519806,89.98290578,ZZ,coal,Dhaka,Bangladesh,operating,"8,886.81",0.007275,64.65154275,0.0051,45.322731,0.00345,30.6594945,0.003525,31.32600525,APAD
BKB-3684,24.46730626,89.97935827,ZZ,coal,Dhaka,Bangladesh,operating,"8,886.81",0.007275,64.65154275,0.0051,45.322731,0.00345,30.6594945,0.003525,31.32600525,APAD
BKB-3685,24.49330933,89.58266257,ZZ,coal,Rajshahi,Bangladesh,operating,"8,886.81",0.007275,64.65154275,0.0051,45.322731,0.00345,30.6594945,0.003525,31.32600525,APAD
BKB-3686,24.51547099,88.29723836,ZZ,coal,Rajshahi,Bangladesh,operating,"8,886.81",0.007275,64.65154275,0.0051,45.322731,0.00345,30.6594945,0.003525,31.32600525,APAD
BKB-3687,23.88376268,89.26757996,ZZ,coal,Rajshahi,Bangladesh,operating,"8,886.81",0.007275,64.65154275,0.0051,45.322731,0.00345,30.6594945,0.003525,31.32600525,APAD
BKB-3688,23.79863674,88.73659039,ZZ,coal,Khulna,Bangladesh,operating,"8,886.81",0.007275,64.65154275,0.0051,45.322731,0.00345,30.6594945,0.003525,31.32600525,APAD
BKB-3689,25.66787502,89.26632937,ZZ,coal,Rangpur,Bangladesh,operating,"8,886.81",0.007275,64.65154275,0.0051,45.322731,0.00345,30.6594945,0.003525,31.32600525,APAD
BKB-3690,23.7839953,88.68333838,ZZ,coal,Khulna,Bangladesh,operating,"8,886.81",0.007275,64.65154275,0.0051,45.322731,0.00345,30.6594945,0.003525,31.32600525,APAD
BKB-3691,24.78106317,89.4081447,ZZ,coal,Rajshahi,Bangladesh,operating,"8,886.81",0.007275,64.65154275,0.0051,45.322731,0.00345,30.6594945,0.003525,31.32600525,APAD
BKB-3692,24.77988934,89.40561308,ZZ,coal,Rajshahi,Bangladesh,operating,"8,886.81",0.007275,64.65154275,0.0051,45.322731,0.00345,30.6594945,0.003525,31.32600525,APAD
BKB-3693,24.7796217,89.40659133,ZZ,coal,Rajshahi,Bangladesh,operating,"8,886.81",0.007275,64.65154275,0.0051,45.322731,0.00345,30.6594945,0.003525,31.32600525,APAD
BKB-3694,24.44038877,89.62731335,ZZ,coal,Rajshahi,Bangladesh,operating,"8,886.81",0.007275,64.65154275,0.0051,45.322731,0.00345,30.6594945,0.003525,31.32600525,APAD
BKB-3695,24.86946847,89.96463707,ZZ,coal,Mymensingh,Bangladesh,operating,"8,886.81",0.007275,64.65154275,0.0051,45.322731,0.00345,30.6594945,0.003525,31.32600525,APAD
BKB-3696,25.64559863,89.47636479,ZZ,coal,Rangpur,Bangladesh,operating,"8,886.81",0.007275,64.65154275,0.0051,45.322731,0.00345,30.6594945,0.003525,31.32600525,APAD
BKB-3697,23.87555758,88.79174514,ZZ,coal,Khulna,Bangladesh,operating,"8,886.81",0.007275,64.65154275,0.0051,45.322731,0.00345,30.6594945,0.003525,31.32600525,APAD
BKB-3698,24.28885466,89.90300106,ZZ,coal,Dhaka,Bangladesh,operating,"8,886.81",0.007275,64.65154275,0.0051,45.322731,0.00345,30.6594945,0.003525,31.32600525,APAD
BKB-3699,24.2921179,89.89978143,ZZ,coal,Dhaka,Bangladesh,operating,"8,886.81",0.007275,64.65154275,0.0051,45.322731,0.00345,30.6594945,0.003525,31.32600525,APAD
BKB-3700,25.01604084,88.97111972,ZZ,coal,Rajshahi,Bangladesh,operating,"8,886.81",0.007275,64.65154275,0.0051,45.322731,0.00345,30.6594945,0.003525,31.32600525,APAD
BKB-3701,23.96428001,89.0562122,ZZ,coal,Khulna,Bangladesh,operating,"8,886.81",0.007275,64.65154275,0.0051,45.322731,0.00345,30.6594945,0.003525,31.32600525,APAD
BKB-3702,23.98008293,89.2814545,ZZ,coal,Rajshahi,Bangladesh,operating,"8,886.81",0.007275,64.65154275,0.0051,45.322731,0.00345,30.6594945,0.003525,31.32600525,APAD
BKB-3703,25.06706021,89.02770361,ZZ,coal,Rajshahi,Bangladesh,operating,"8,886.81",0.007275,64.65154275,0.0051,45.322731,0.00345,30.6594945,0.003525,31.32600525,APAD
BKB-3704,25.15616683,89.03924851,ZZ,coal,Rajshahi,Bangladesh,operating,"8,886.81",0.007275,64.65154275,0.0051,45.322731,0.00345,30.6594945,0.003525,31.32600525,APAD
BKB-3705,24.76646825,89.48135915,ZZ,coal,Rajshahi,Bangladesh,operating,"8,886.81",0.007275,64.65154275,0.0051,45.322731,0.00345,30.6594945,0.003525,31.32600525,APAD
BKB-3706,24.43365332,88.65562626,ZZ,coal,Rajshahi,Bangladesh,operating,"8,886.81",0.007275,64.65154275,0.0051,45.322731,0.00345,30.6594945,0.003525,31.32600525,APAD
BKB-3707,24.50028295,89.54364153,ZZ,coal,Rajshahi,Bangladesh,operating,"8,886.81",0.007275,64.65154275,0.0051,45.322731,0.00345,30.6594945,0.003525,31.32600525,APAD
BKB-3708,25.67956192,89.10819088,ZZ,coal,Rangpur,Bangladesh,operating,"8,886.81",0.007275,64.65154275,0.0051,45.322731,0.00345,30.6594945,0.003525,31.32600525,APAD
BKB-3709,24.65409907,90.00636221,ZZ,coal,Dhaka,Bangladesh,operating,"8,886.81",0.007275,64.65154275,0.0051,45.322731,0.00345,30.6594945,0.003525,31.32600525,APAD
BKB-3710,24.43610176,89.43631269,ZZ,coal,Rajshahi,Bangladesh,operating,"8,886.81",0.007275,64.65154275,0.0051,45.322731,0.00345,30.6594945,0.003525,31.32600525,APAD
BKB-3711,23.98628968,89.20938784,ZZ,coal,Khulna,Bangladesh,operating,"8,886.81",0.007275,64.65154275,0.0051,45.322731,0.00345,30.6594945,0.003525,31.32600525,APAD
BKB-3712,23.98281615,89.18651677,ZZ,coal,Khulna,Bangladesh,operating,"8,886.81",0.007275,64.65154275,0.0051,45.322731,0.00345,30.6594945,0.003525,31.32600525,APAD
BKB-3713,24.07821018,89.18821884,ZZ,coal,Rajshahi,Bangladesh,operating,"8,886.81",0.007275,64.65154275,0.0051,45.322731,0.00345,30.6594945,0.003525,31.32600525,APAD
BKB-3714,24.45850953,89.85382795,ZZ,coal,Dhaka,Bangladesh,operating,"8,886.81",0.007275,64.65154275,0.0051,45.322731,0.00345,30.6594945,0.003525,31.32600525,APAD
BKB-3715,25.28102748,89.38936135,ZZ,coal,Rangpur,Bangladesh,operating,"8,886.81",0.007275,64.65154275,0.0051,45.322731,0.00345,30.6594945,0.003525,31.32600525,APAD
BKB-3716,24.74296821,89.93556308,ZZ,coal,Dhaka,Bangladesh,operating,"8,886.81",0.007275,64.65154275,0.0051,45.322731,0.00345,30.6594945,0.003525,31.32600525,APAD
BKB-3717,24.52096599,88.8792649,ZZ,coal,Rajshahi,Bangladesh,operating,"8,886.81",0.007275,64.65154275,0.0051,45.322731,0.00345,30.6594945,0.003525,31.32600525,APAD
BKB-3718,24.52089087,88.8792649,ZZ,coal,Rajshahi,Bangladesh,operating,"8,886.81",0.007275,64.65154275,0.0051,45.322731,0.00345,30.6594945,0.003525,31.32600525,APAD
BKB-3719,24.50704946,88.30883465,ZZ,coal,Rajshahi,Bangladesh,operating,"8,886.81",0.007275,64.65154275,0.0051,45.322731,0.00345,30.6594945,0.003525,31.32600525,APAD
BKB-3720,24.44841624,89.51396578,ZZ,coal,Rajshahi,Bangladesh,operating,"8,886.81",0.007275,64.65154275,0.0051,45.322731,0.00345,30.6594945,0.003525,31.32600525,APAD
BKB-3721,24.21578221,89.57424346,ZZ,coal,Rajshahi,Bangladesh,operating,"8,886.81",0.007275,64.65154275,0.0051,45.322731,0.00345,30.6594945,0.003525,31.32600525,APAD
BKB-3722,24.61391809,89.9926259,ZZ,coal,Dhaka,Bangladesh,operating,"8,886.81",0.007275,64.65154275,0.0051,45.322731,0.00345,30.6594945,0.003525,31.32600525,APAD
BKB-3723,24.19691535,88.93628551,ZZ,coal,Rajshahi,Bangladesh,operating,"8,886.81",0.007275,64.65154275,0.0051,45.322731,0.00345,30.6594945,0.003525,31.32600525,APAD
BKB-3724,24.19284452,88.93457088,ZZ,coal,Rajshahi,Bangladesh,operating,"8,886.81",0.007275,64.65154275,0.0051,45.322731,0.00345,30.6594945,0.003525,31.32600525,APAD
BKB-3725,24.19623453,88.937554,ZZ,coal,Rajshahi,Bangladesh,operating,"8,886.81",0.007275,64.65154275,0.0051,45.322731,0.00345,30.6594945,0.003525,31.32600525,APAD
BKB-3726,24.19209327,88.93584476,ZZ,coal,Rajshahi,Bangladesh,operating,"8,886.81",0.007275,64.65154275,0.0051,45.322731,0.00345,30.6594945,0.003525,31.32600525,APAD
BKB-3727,24.16647377,90.05342251,ZZ,coal,Dhaka,Bangladesh,operating,"8,886.81",0.007275,64.65154275,0.0051,45.322731,0.00345,30.6594945,0.003525,31.32600525,APAD
BKB-3728,24.40149143,88.99135512,ZZ,coal,Rajshahi,Bangladesh,operating,"8,886.81",0.007275,64.65154275,0.0051,45.322731,0.00345,30.6594945,0.003525,31.32600525,APAD
BKB-3729,24.383702,88.668639,ZZ,coal,Rajshahi,Bangladesh,operating,"8,886.81",0.007275,64.65154275,0.0051,45.322731,0.00345,30.6594945,0.003525,31.32600525,APAD
BKB-3730,23.98645671,88.89057089,ZZ,coal,Khulna,Bangladesh,operating,"8,886.81",0.007275,64.65154275,0.0051,45.322731,0.00345,30.6594945,0.003525,31.32600525,APAD
BKB-3731,24.18704538,88.93768893,ZZ,coal,Rajshahi,Bangladesh,operating,"8,886.81",0.007275,64.65154275,0.0051,45.322731,0.00345,30.6594945,0.003525,31.32600525,APAD
BKB-3732,24.41859954,89.56064482,ZZ,coal,Rajshahi,Bangladesh,operating,"8,886.81",0.007275,64.65154275,0.0051,45.322731,0.00345,30.6594945,0.003525,31.32600525,APAD
BKB-3733,24.18576734,88.95406943,ZZ,coal,Rajshahi,Bangladesh,operating,"8,886.81",0.007275,64.65154275,0.0051,45.322731,0.00345,30.6594945,0.003525,31.32600525,APAD
BKB-3734,24.29476337,89.91309865,ZZ,coal,Dhaka,Bangladesh,operating,"8,886.81",0.007275,64.65154275,0.0051,45.322731,0.00345,30.6594945,0.003525,31.32600525,APAD
BKB-3735,24.0117679,89.1178509,ZZ,coal,Rajshahi,Bangladesh,operating,"8,886.81",0.007275,64.65154275,0.0051,45.322731,0.00345,30.6594945,0.003525,31.32600525,APAD
BKB-3736,24.77724004,89.40367347,ZZ,coal,Rajshahi,Bangladesh,operating,"8,886.81",0.007275,64.65154275,0.0051,45.322731,0.00345,30.6594945,0.003525,31.32600525,APAD
BKB-3737,24.78101037,89.40341009,ZZ,coal,Rajshahi,Bangladesh,operating,"8,886.81",0.007275,64.65154275,0.0051,45.322731,0.00345,30.6594945,0.003525,31.32600525,APAD
BKB-3738,24.40578966,89.44292929,ZZ,coal,Rajshahi,Bangladesh,operating,"8,886.81",0.007275,64.65154275,0.0051,45.322731,0.00345,30.6594945,0.003525,31.32600525,APAD
BKB-3739,24.25886201,89.28062478,ZZ,coal,Rajshahi,Bangladesh,operating,"8,886.81",0.007275,64.65154275,0.0051,45.322731,0.00345,30.6594945,0.003525,31.32600525,APAD
BKB-3740,25.64789569,88.75533261,ZZ,coal,Rangpur,Bangladesh,operating,"8,886.81",0.007275,64.65154275,0.0051,45.322731,0.00345,30.6594945,0.003525,31.32600525,APAD
BKB-3741,25.64777831,88.75600986,ZZ,coal,Rangpur,Bangladesh,operating,"8,886.81",0.007275,64.65154275,0.0051,45.322731,0.00345,30.6594945,0.003525,31.32600525,APAD
BKB-3742,24.53832791,89.56077864,ZZ,coal,Rajshahi,Bangladesh,operating,"8,886.81",0.007275,64.65154275,0.0051,45.322731,0.00345,30.6594945,0.003525,31.32600525,APAD
BKB-3743,26.26048697,88.56189558,ZZ,coal,Rangpur,Bangladesh,operating,"8,886.81",0.007275,64.65154275,0.0051,45.322731,0.00345,30.6594945,0.003525,31.32600525,APAD
BKB-3744,24.01063792,89.17227239,ZZ,coal,Rajshahi,Bangladesh,operating,"8,886.81",0.007275,64.65154275,0.0051,45.322731,0.00345,30.6594945,0.003525,31.32600525,APAD
BKB-3745,24.44301185,90.08114757,ZZ,coal,Dhaka,Bangladesh,operating,"8,886.81",0.007275,64.65154275,0.0051,45.322731,0.00345,30.6594945,0.003525,31.32600525,APAD
BKB-3746,24.84030517,88.91082023,ZZ,coal,Rajshahi,Bangladesh,operating,"8,886.81",0.007275,64.65154275,0.0051,45.322731,0.00345,30.6594945,0.003525,31.32600525,APAD
BKB-3747,24.45972303,89.53947813,ZZ,coal,Rajshahi,Bangladesh,operating,"8,886.81",0.007275,64.65154275,0.0051,45.322731,0.00345,30.6594945,0.003525,31.32600525,APAD
BKB-3748,24.51813212,90.09306772,ZZ,coal,Dhaka,Bangladesh,operating,"8,886.81",0.007275,64.65154275,0.0051,45.322731,0.00345,30.6594945,0.003525,31.32600525,APAD
BKB-3749,24.51591604,88.85621285,ZZ,coal,Rajshahi,Bangladesh,operating,"8,886.81",0.007275,64.65154275,0.0051,45.322731,0.00345,30.6594945,0.003525,31.32600525,APAD
BKB-3750,24.60174144,88.93392879,ZZ,coal,Rajshahi,Bangladesh,operating,"8,886.81",0.007275,64.65154275,0.0051,45.322731,0.00345,30.6594945,0.003525,31.32600525,APAD
BKB-3751,25.48245073,89.57355023,ZZ,coal,Rangpur,Bangladesh,operating,"8,886.81",0.007275,64.65154275,0.0051,45.322731,0.00345,30.6594945,0.003525,31.32600525,APAD
BKB-3752,24.33261092,88.93308852,ZZ,coal,Rajshahi,Bangladesh,operating,"8,886.81",0.007275,64.65154275,0.0051,45.322731,0.00345,30.6594945,0.003525,31.32600525,APAD
BKB-3753,24.21794655,89.1281435,ZZ,coal,Rajshahi,Bangladesh,operating,"8,886.81",0.007275,64.65154275,0.0051,45.322731,0.00345,30.6594945,0.003525,31.32600525,APAD
BKB-3754,25.2491977,89.37011693,ZZ,coal,Rangpur,Bangladesh,operating,"8,886.81",0.007275,64.65154275,0.0051,45.322731,0.00345,30.6594945,0.003525,31.32600525,APAD
BKB-3755,24.62143203,88.7708311,ZZ,coal,Rajshahi,Bangladesh,operating,"8,886.81",0.007275,64.65154275,0.0051,45.322731,0.00345,30.6594945,0.003525,31.32600525,APAD
BKB-3756,24.62271855,88.77079885,ZZ,coal,Rajshahi,Bangladesh,operating,"8,886.81",0.007275,64.65154275,0.0051,45.322731,0.00345,30.6594945,0.003525,31.32600525,APAD
BKB-3757,24.39758468,88.93709982,ZZ,coal,Rajshahi,Bangladesh,operating,"8,886.81",0.007275,64.65154275,0.0051,45.322731,0.00345,30.6594945,0.003525,31.32600525,APAD
BKB-3758,24.8927151,88.70007959,ZZ,coal,Rajshahi,Bangladesh,operating,"8,886.81",0.007275,64.65154275,0.0051,45.322731,0.00345,30.6594945,0.003525,31.32600525,APAD
BKB-3759,24.89219392,88.70189097,ZZ,coal,Rajshahi,Bangladesh,operating,"8,886.81",0.007275,64.65154275,0.0051,45.322731,0.00345,30.6594945,0.003525,31.32600525,APAD
BKB-3760,24.60953671,88.90103898,ZZ,coal,Rajshahi,Bangladesh,operating,"8,886.81",0.007275,64.65154275,0.0051,45.322731,0.00345,30.6594945,0.003525,31.32600525,APAD
BKB-3761,24.4051637,88.64432729,ZZ,coal,Rajshahi,Bangladesh,operating,"8,886.81",0.007275,64.65154275,0.0051,45.322731,0.00345,30.6594945,0.003525,31.32600525,APAD
BKB-3762,24.40946931,88.64446704,ZZ,coal,Rajshahi,Bangladesh,operating,"8,886.81",0.007275,64.65154275,0.0051,45.322731,0.00345,30.6594945,0.003525,31.32600525,APAD
BKB-3763,24.40979798,88.6461763,ZZ,coal,Rajshahi,Bangladesh,operating,"8,886.81",0.007275,64.65154275,0.0051,45.322731,0.00345,30.6594945,0.003525,31.32600525,APAD
BKB-3764,24.46675703,89.9894586,ZZ,coal,Dhaka,Bangladesh,operating,"8,886.81",0.007275,64.65154275,0.0051,45.322731,0.00345,30.6594945,0.003525,31.32600525,APAD
BKB-3765,24.46526862,89.98317522,ZZ,coal,Dhaka,Bangladesh,operating,"8,886.81",0.007275,64.65154275,0.0051,45.322731,0.00345,30.6594945,0.003525,31.32600525,APAD
BKB-3766,25.7060305,89.17013411,ZZ,coal,Rangpur,Bangladesh,operating,"8,886.81",0.007275,64.65154275,0.0051,45.322731,0.00345,30.6594945,0.003525,31.32600525,APAD
BKB-3767,24.51937555,88.85467777,ZZ,coal,Rajshahi,Bangladesh,operating,"8,886.81",0.007275,64.65154275,0.0051,45.322731,0.00345,30.6594945,0.003525,31.32600525,APAD
BKB-3768,24.17404536,88.93479172,ZZ,coal,Rajshahi,Bangladesh,operating,"8,886.81",0.007275,64.65154275,0.0051,45.322731,0.00345,30.6594945,0.003525,31.32600525,APAD
BKB-3769,24.73202088,89.86003043,ZZ,coal,Mymensingh,Bangladesh,operating,"8,886.81",0.007275,64.65154275,0.0051,45.322731,0.00345,30.6594945,0.003525,31.32600525,APAD
BKB-3770,24.98613599,89.37793684,ZZ,coal,Rajshahi,Bangladesh,operating,"8,886.81",0.007275,64.65154275,0.0051,45.322731,0.00345,30.6594945,0.003525,31.32600525,APAD
BKB-3771,24.3238713,90.01834612,ZZ,coal,Dhaka,Bangladesh,operating,"8,886.81",0.007275,64.65154275,0.0051,45.322731,0.00345,30.6594945,0.003525,31.32600525,APAD
BKB-3772,24.58889523,89.45624656,ZZ,coal,Rajshahi,Bangladesh,operating,"8,886.81",0.007275,64.65154275,0.0051,45.322731,0.00345,30.6594945,0.003525,31.32600525,APAD
BKB-3773,25.04363796,89.97865862,ZZ,coal,Mymensingh,Bangladesh,operating,"8,886.81",0.007275,64.65154275,0.0051,45.322731,0.00345,30.6594945,0.003525,31.32600525,APAD
BKB-3774,25.04473666,89.977546,ZZ,coal,Mymensingh,Bangladesh,operating,"8,886.81",0.007275,64.65154275,0.0051,45.322731,0.00345,30.6594945,0.003525,31.32600525,APAD
BKB-3775,24.71419073,89.97852028,ZZ,coal,Dhaka,Bangladesh,operating,"8,886.81",0.007275,64.65154275,0.0051,45.322731,0.00345,30.6594945,0.003525,31.32600525,APAD
BKB-3776,24.26333235,88.99160021,ZZ,coal,Rajshahi,Bangladesh,operating,"8,886.81",0.007275,64.65154275,0.0051,45.322731,0.00345,30.6594945,0.003525,31.32600525,APAD
BKB-3777,24.58680415,89.99426583,ZZ,coal,Dhaka,Bangladesh,operating,"8,886.81",0.007275,64.65154275,0.0051,45.322731,0.00345,30.6594945,0.003525,31.32600525,APAD
BKB-3778,24.4317937,88.51286959,ZZ,coal,Rajshahi,Bangladesh,operating,"8,886.81",0.007275,64.65154275,0.0051,45.322731,0.00345,30.6594945,0.003525,31.32600525,APAD
BKB-3779,25.55199847,89.45620089,ZZ,coal,Rangpur,Bangladesh,operating,"8,886.81",0.007275,64.65154275,0.0051,45.322731,0.00345,30.6594945,0.003525,31.32600525,APAD
BKB-3780,24.94912983,89.46929547,ZZ,coal,Rajshahi,Bangladesh,operating,"8,886.81",0.007275,64.65154275,0.0051,45.322731,0.00345,30.6594945,0.003525,31.32600525,APAD
BKB-3781,25.18458853,89.88727802,ZZ,coal,Mymensingh,Bangladesh,operating,"8,886.81",0.007275,64.65154275,0.0051,45.322731,0.00345,30.6594945,0.003525,31.32600525,APAD
BKB-3782,24.53464172,88.84720674,ZZ,coal,Rajshahi,Bangladesh,operating,"8,886.81",0.007275,64.65154275,0.0051,45.322731,0.00345,30.6594945,0.003525,31.32600525,APAD
BKB-3783,24.39087584,89.55546148,ZZ,coal,Rajshahi,Bangladesh,operating,"8,886.81",0.007275,64.65154275,0.0051,45.322731,0.00345,30.6594945,0.003525,31.32600525,APAD
BKB-3784,24.33284215,89.55717544,ZZ,coal,Rajshahi,Bangladesh,operating,"8,886.81",0.007275,64.65154275,0.0051,45.322731,0.00345,30.6594945,0.003525,31.32600525,APAD
BKB-3785,24.28254941,88.76372502,ZZ,coal,Rajshahi,Bangladesh,operating,"8,886.81",0.007275,64.65154275,0.0051,45.322731,0.00345,30.6594945,0.003525,31.32600525,APAD
BKB-3786,24.31920479,89.96292537,ZZ,coal,Dhaka,Bangladesh,operating,"8,886.81",0.007275,64.65154275,0.0051,45.322731,0.00345,30.6594945,0.003525,31.32600525,APAD
BKB-3787,25.50446809,89.53172084,ZZ,coal,Rangpur,Bangladesh,operating,"8,886.81",0.007275,64.65154275,0.0051,45.322731,0.00345,30.6594945,0.003525,31.32600525,APAD
BKB-3788,25.66822634,88.66153687,ZZ,coal,Rangpur,Bangladesh,operating,"8,886.81",0.007275,64.65154275,0.0051,45.322731,0.00345,30.6594945,0.003525,31.32600525,APAD
BKB-3789,24.94840156,89.43462057,ZZ,coal,Rajshahi,Bangladesh,operating,"8,886.81",0.007275,64.65154275,0.0051,45.322731,0.00345,30.6594945,0.003525,31.32600525,APAD
BKB-3790,24.94850485,89.43307257,ZZ,coal,Rajshahi,Bangladesh,operating,"8,886.81",0.007275,64.65154275,0.0051,45.322731,0.00345,30.6594945,0.003525,31.32600525,APAD
BKB-3791,24.39382827,88.93502827,ZZ,coal,Rajshahi,Bangladesh,operating,"8,886.81",0.007275,64.65154275,0.0051,45.322731,0.00345,30.6594945,0.003525,31.32600525,APAD
BKB-3792,24.39472977,88.93856502,ZZ,coal,Rajshahi,Bangladesh,operating,"8,886.81",0.007275,64.65154275,0.0051,45.322731,0.00345,30.6594945,0.003525,31.32600525,APAD
BKB-3793,25.02654869,88.97959853,ZZ,coal,Rajshahi,Bangladesh,operating,"8,886.81",0.007275,64.65154275,0.0051,45.322731,0.00345,30.6594945,0.003525,31.32600525,APAD
BKB-3794,24.56222026,89.55382114,ZZ,coal,Rajshahi,Bangladesh,operating,"8,886.81",0.007275,64.65154275,0.0051,45.322731,0.00345,30.6594945,0.003525,31.32600525,APAD
BKB-3795,24.22766638,89.57383312,ZZ,coal,Rajshahi,Bangladesh,operating,"8,886.81",0.007275,64.65154275,0.0051,45.322731,0.00345,30.6594945,0.003525,31.32600525,APAD
BKB-3796,24.42962785,88.66283961,ZZ,coal,Rajshahi,Bangladesh,operating,"8,886.81",0.007275,64.65154275,0.0051,45.322731,0.00345,30.6594945,0.003525,31.32600525,APAD
BKB-3797,24.21895158,89.556445,ZZ,coal,Rajshahi,Bangladesh,operating,"8,886.81",0.007275,64.65154275,0.0051,45.322731,0.00345,30.6594945,0.003525,31.32600525,APAD
BKB-3798,25.6982194,89.39395872,ZZ,coal,Rangpur,Bangladesh,operating,"8,886.81",0.007275,64.65154275,0.0051,45.322731,0.00345,30.6594945,0.003525,31.32600525,APAD
BKB-3799,25.30514408,89.54368333,ZZ,coal,Rangpur,Bangladesh,operating,"8,886.81",0.007275,64.65154275,0.0051,45.322731,0.00345,30.6594945,0.003525,31.32600525,APAD
BKB-3800,25.12953033,89.53170647,ZZ,coal,Rangpur,Bangladesh,operating,"8,886.81",0.007275,64.65154275,0.0051,45.322731,0.00345,30.6594945,0.003525,31.32600525,APAD
BKB-3801,24.62562214,89.98151989,ZZ,coal,Dhaka,Bangladesh,operating,"8,886.81",0.007275,64.65154275,0.0051,45.322731,0.00345,30.6594945,0.003525,31.32600525,APAD
BKB-3802,24.79988365,89.42396408,ZZ,coal,Rajshahi,Bangladesh,operating,"8,886.81",0.007275,64.65154275,0.0051,45.322731,0.00345,30.6594945,0.003525,31.32600525,APAD
BKB-3803,24.79863469,89.42222258,ZZ,coal,Rajshahi,Bangladesh,operating,"8,886.81",0.007275,64.65154275,0.0051,45.322731,0.00345,30.6594945,0.003525,31.32600525,APAD
BKB-3804,24.80046117,89.42224408,ZZ,coal,Rajshahi,Bangladesh,operating,"8,886.81",0.007275,64.65154275,0.0051,45.322731,0.00345,30.6594945,0.003525,31.32600525,APAD
BKB-3805,24.79995877,89.42554433,ZZ,coal,Rajshahi,Bangladesh,operating,"8,886.81",0.007275,64.65154275,0.0051,45.322731,0.00345,30.6594945,0.003525,31.32600525,APAD
BKB-3806,24.79875677,89.42063696,ZZ,coal,Rajshahi,Bangladesh,operating,"8,886.81",0.007275,64.65154275,0.0051,45.322731,0.00345,30.6594945,0.003525,31.32600525,APAD
BKB-3807,24.55655071,89.5613176,ZZ,coal,Rajshahi,Bangladesh,operating,"8,886.81",0.007275,64.65154275,0.0051,45.322731,0.00345,30.6594945,0.003525,31.32600525,APAD
BKB-3808,25.01470341,88.9759237,ZZ,coal,Rajshahi,Bangladesh,operating,"8,886.81",0.007275,64.65154275,0.0051,45.322731,0.00345,30.6594945,0.003525,31.32600525,APAD
BKB-3809,24.48071736,89.48068038,ZZ,coal,Rajshahi,Bangladesh,operating,"8,886.81",0.007275,64.65154275,0.0051,45.322731,0.00345,30.6594945,0.003525,31.32600525,APAD
BKB-3810,24.69863177,89.5635498,ZZ,coal,Rajshahi,Bangladesh,operating,"8,886.81",0.007275,64.65154275,0.0051,45.322731,0.00345,30.6594945,0.003525,31.32600525,APAD
BKB-3811,24.54832307,89.49090354,ZZ,coal,Rajshahi,Bangladesh,operating,"8,886.81",0.007275,64.65154275,0.0051,45.322731,0.00345,30.6594945,0.003525,31.32600525,APAD
BKB-3812,25.5365858,89.44569974,ZZ,coal,Rangpur,Bangladesh,operating,"8,886.81",0.007275,64.65154275,0.0051,45.322731,0.00345,30.6594945,0.003525,31.32600525,APAD
BKB-3813,25.65580645,88.65895921,ZZ,coal,Rangpur,Bangladesh,operating,"8,886.81",0.007275,64.65154275,0.0051,45.322731,0.00345,30.6594945,0.003525,31.32600525,APAD
BKB-3814,25.293326,89.40722919,ZZ,coal,Rangpur,Bangladesh,operating,"8,886.81",0.007275,64.65154275,0.0051,45.322731,0.00345,30.6594945,0.003525,31.32600525,APAD
BKB-3815,24.42657915,88.95975707,ZZ,coal,Rajshahi,Bangladesh,operating,"8,886.81",0.007275,64.65154275,0.0051,45.322731,0.00345,30.6594945,0.003525,31.32600525,APAD
BKB-3816,24.6801556,89.98999957,ZZ,coal,Dhaka,Bangladesh,operating,"8,886.81",0.007275,64.65154275,0.0051,45.322731,0.00345,30.6594945,0.003525,31.32600525,APAD
BKB-3817,24.41976317,88.67746349,ZZ,coal,Rajshahi,Bangladesh,operating,"8,886.81",0.007275,64.65154275,0.0051,45.322731,0.00345,30.6594945,0.003525,31.32600525,APAD
BKB-3818,24.41867386,88.67466849,ZZ,coal,Rajshahi,Bangladesh,operating,"8,886.81",0.007275,64.65154275,0.0051,45.322731,0.00345,30.6594945,0.003525,31.32600525,APAD
BKB-3819,24.40461142,88.94027465,ZZ,coal,Rajshahi,Bangladesh,operating,"8,886.81",0.007275,64.65154275,0.0051,45.322731,0.00345,30.6594945,0.003525,31.32600525,APAD
BKB-3820,24.8408849,88.21188892,ZZ,coal,Rajshahi,Bangladesh,operating,"8,886.81",0.007275,64.65154275,0.0051,45.322731,0.00345,30.6594945,0.003525,31.32600525,APAD
BKB-3821,25.58744344,88.80812735,ZZ,coal,Rangpur,Bangladesh,operating,"8,886.81",0.007275,64.65154275,0.0051,45.322731,0.00345,30.6594945,0.003525,31.32600525,APAD
BKB-3822,24.43621318,88.36956169,ZZ,coal,Rajshahi,Bangladesh,operating,"8,886.81",0.007275,64.65154275,0.0051,45.322731,0.00345,30.6594945,0.003525,31.32600525,APAD
BKB-3823,24.6122328,89.98943557,ZZ,coal,Dhaka,Bangladesh,operating,"8,886.81",0.007275,64.65154275,0.0051,45.322731,0.00345,30.6594945,0.003525,31.32600525,APAD
BKB-3824,24.52184777,88.87405831,ZZ,coal,Rajshahi,Bangladesh,operating,"8,886.81",0.007275,64.65154275,0.0051,45.322731,0.00345,30.6594945,0.003525,31.32600525,APAD
BKB-3825,25.23988886,89.2938373,ZZ,coal,Rangpur,Bangladesh,operating,"8,886.81",0.007275,64.65154275,0.0051,45.322731,0.00345,30.6594945,0.003525,31.32600525,APAD
BKB-3826,25.1016626,89.53799293,ZZ,coal,Rangpur,Bangladesh,operating,"8,886.81",0.007275,64.65154275,0.0051,45.322731,0.00345,30.6594945,0.003525,31.32600525,APAD
BKB-3827,25.87348549,88.65631682,ZZ,coal,Rangpur,Bangladesh,operating,"8,886.81",0.007275,64.65154275,0.0051,45.322731,0.00345,30.6594945,0.003525,31.32600525,APAD
BKB-3828,24.68907578,89.83263968,ZZ,coal,Mymensingh,Bangladesh,operating,"8,886.81",0.007275,64.65154275,0.0051,45.322731,0.00345,30.6594945,0.003525,31.32600525,APAD
BKB-3829,24.17224581,89.27074727,ZZ,coal,Rajshahi,Bangladesh,operating,"8,886.81",0.007275,64.65154275,0.0051,45.322731,0.00345,30.6594945,0.003525,31.32600525,APAD
BKB-3830,24.61580423,88.76256261,ZZ,coal,Rajshahi,Bangladesh,operating,"8,886.81",0.007275,64.65154275,0.0051,45.322731,0.00345,30.6594945,0.003525,31.32600525,APAD
BKB-3831,24.49461507,89.60997418,ZZ,coal,Rajshahi,Bangladesh,operating,"8,886.81",0.007275,64.65154275,0.0051,45.322731,0.00345,30.6594945,0.003525,31.32600525,APAD
BKB-3832,24.40682228,89.44696276,ZZ,coal,Rajshahi,Bangladesh,operating,"8,886.81",0.007275,64.65154275,0.0051,45.322731,0.00345,30.6594945,0.003525,31.32600525,APAD
BKB-3833,24.40923092,88.94934584,ZZ,coal,Rajshahi,Bangladesh,operating,"8,886.81",0.007275,64.65154275,0.0051,45.322731,0.00345,30.6594945,0.003525,31.32600525,APAD
BKB-3834,24.62140901,90.04482893,ZZ,coal,Dhaka,Bangladesh,operating,"8,886.81",0.007275,64.65154275,0.0051,45.322731,0.00345,30.6594945,0.003525,31.32600525,APAD
BKB-3835,24.19656481,89.15840701,ZZ,coal,Rajshahi,Bangladesh,operating,"8,886.81",0.007275,64.65154275,0.0051,45.322731,0.00345,30.6594945,0.003525,31.32600525,APAD
BKB-3836,24.66422817,88.73310084,ZZ,coal,Rajshahi,Bangladesh,operating,"8,886.81",0.007275,64.65154275,0.0051,45.322731,0.00345,30.6594945,0.003525,31.32600525,APAD
BKB-3837,24.50203558,89.53470468,ZZ,coal,Rajshahi,Bangladesh,operating,"8,886.81",0.007275,64.65154275,0.0051,45.322731,0.00345,30.6594945,0.003525,31.32600525,APAD
BKB-3838,24.62069976,89.99249174,ZZ,coal,Dhaka,Bangladesh,operating,"8,886.81",0.007275,64.65154275,0.0051,45.322731,0.00345,30.6594945,0.003525,31.32600525,APAD
BKB-3839,24.44225867,89.62901802,ZZ,coal,Rajshahi,Bangladesh,operating,"8,886.81",0.007275,64.65154275,0.0051,45.322731,0.00345,30.6594945,0.003525,31.32600525,APAD
BKB-3840,24.41348935,89.63176062,ZZ,coal,Rajshahi,Bangladesh,operating,"8,886.81",0.007275,64.65154275,0.0051,45.322731,0.00345,30.6594945,0.003525,31.32600525,APAD
BKB-3841,25.25983165,89.0111204,ZZ,coal,Rajshahi,Bangladesh,operating,"8,886.81",0.007275,64.65154275,0.0051,45.322731,0.00345,30.6594945,0.003525,31.32600525,APAD
BKB-3842,24.46643701,89.43269469,ZZ,coal,Rajshahi,Bangladesh,operating,"8,886.81",0.007275,64.65154275,0.0051,45.322731,0.00345,30.6594945,0.003525,31.32600525,APAD
BKB-3843,24.32684146,89.65667793,ZZ,coal,Rajshahi,Bangladesh,operating,"8,886.81",0.007275,64.65154275,0.0051,45.322731,0.00345,30.6594945,0.003525,31.32600525,APAD
BKB-3844,24.32663486,89.65590393,ZZ,coal,Rajshahi,Bangladesh,operating,"8,886.81",0.007275,64.65154275,0.0051,45.322731,0.00345,30.6594945,0.003525,31.32600525,APAD
BKB-3845,24.32711848,89.6578443,ZZ,coal,Rajshahi,Bangladesh,operating,"8,886.81",0.007275,64.65154275,0.0051,45.322731,0.00345,30.6594945,0.003525,31.32600525,APAD
BKB-3846,25.19902065,89.77368487,ZZ,coal,Mymensingh,Bangladesh,operating,"8,886.81",0.007275,64.65154275,0.0051,45.322731,0.00345,30.6594945,0.003525,31.32600525,APAD
BKB-3847,24.4843926,89.5186981,ZZ,coal,Rajshahi,Bangladesh,operating,"8,886.81",0.007275,64.65154275,0.0051,45.322731,0.00345,30.6594945,0.003525,31.32600525,APAD
BKB-3848,24.40322783,89.00929238,ZZ,coal,Rajshahi,Bangladesh,operating,"8,886.81",0.007275,64.65154275,0.0051,45.322731,0.00345,30.6594945,0.003525,31.32600525,APAD
BKB-3849,24.53479969,90.09425144,ZZ,coal,Dhaka,Bangladesh,operating,"8,886.81",0.007275,64.65154275,0.0051,45.322731,0.00345,30.6594945,0.003525,31.32600525,APAD
BKB-3850,24.3292002,89.0144742,ZZ,coal,Rajshahi,Bangladesh,operating,"8,886.81",0.007275,64.65154275,0.0051,45.322731,0.00345,30.6594945,0.003525,31.32600525,APAD
BKB-3851,24.38195953,89.53756644,ZZ,coal,Rajshahi,Bangladesh,operating,"8,886.81",0.007275,64.65154275,0.0051,45.322731,0.00345,30.6594945,0.003525,31.32600525,APAD
BKB-3852,24.3826967,89.53505631,ZZ,coal,Rajshahi,Bangladesh,operating,"8,886.81",0.007275,64.65154275,0.0051,45.322731,0.00345,30.6594945,0.003525,31.32600525,APAD
BKB-3853,24.37360228,89.40549893,ZZ,coal,Rajshahi,Bangladesh,operating,"8,886.81",0.007275,64.65154275,0.0051,45.322731,0.00345,30.6594945,0.003525,31.32600525,APAD
BKB-3854,24.96927935,89.44519922,ZZ,coal,Rajshahi,Bangladesh,operating,"8,886.81",0.007275,64.65154275,0.0051,45.322731,0.00345,30.6594945,0.003525,31.32600525,APAD
BKB-3855,24.34604481,89.26216816,ZZ,coal,Rajshahi,Bangladesh,operating,"8,886.81",0.007275,64.65154275,0.0051,45.322731,0.00345,30.6594945,0.003525,31.32600525,APAD
BKB-3856,24.82377037,89.49310745,ZZ,coal,Rajshahi,Bangladesh,operating,"8,886.81",0.007275,64.65154275,0.0051,45.322731,0.00345,30.6594945,0.003525,31.32600525,APAD
BKB-3857,24.3295277,89.54549644,ZZ,coal,Rajshahi,Bangladesh,operating,"8,886.81",0.007275,64.65154275,0.0051,45.322731,0.00345,30.6594945,0.003525,31.32600525,APAD
BKB-3858,24.63129094,89.96345632,ZZ,coal,Dhaka,Bangladesh,operating,"8,886.81",0.007275,64.65154275,0.0051,45.322731,0.00345,30.6594945,0.003525,31.32600525,APAD
BKB-3859,25.79119014,88.95353456,ZZ,coal,Rangpur,Bangladesh,operating,"8,886.81",0.007275,64.65154275,0.0051,45.322731,0.00345,30.6594945,0.003525,31.32600525,APAD
BKB-3860,25.11752736,89.40878758,ZZ,coal,Rangpur,Bangladesh,operating,"8,886.81",0.007275,64.65154275,0.0051,45.322731,0.00345,30.6594945,0.003525,31.32600525,APAD
BKB-3861,25.11891248,89.4108462,ZZ,coal,Rangpur,Bangladesh,operating,"8,886.81",0.007275,64.65154275,0.0051,45.322731,0.00345,30.6594945,0.003525,31.32600525,APAD
BKB-3862,25.11856972,89.4100937,ZZ,coal,Rangpur,Bangladesh,operating,"8,886.81",0.007275,64.65154275,0.0051,45.322731,0.00345,30.6594945,0.003525,31.32600525,APAD
BKB-3863,24.25821053,88.9601666,ZZ,coal,Rajshahi,Bangladesh,operating,"8,886.81",0.007275,64.65154275,0.0051,45.322731,0.00345,30.6594945,0.003525,31.32600525,APAD
BKB-3864,25.91587006,88.7180107,ZZ,coal,Rangpur,Bangladesh,operating,"8,886.81",0.007275,64.65154275,0.0051,45.322731,0.00345,30.6594945,0.003525,31.32600525,APAD
BKB-3865,24.42537224,89.88928886,ZZ,coal,Dhaka,Bangladesh,operating,"8,886.81",0.007275,64.65154275,0.0051,45.322731,0.00345,30.6594945,0.003525,31.32600525,APAD
BKB-3866,24.40169613,88.64362583,ZZ,coal,Rajshahi,Bangladesh,operating,"8,886.81",0.007275,64.65154275,0.0051,45.322731,0.00345,30.6594945,0.003525,31.32600525,APAD
BKB-3867,24.16885862,88.9276753,ZZ,coal,Rajshahi,Bangladesh,operating,"8,886.81",0.007275,64.65154275,0.0051,45.322731,0.00345,30.6594945,0.003525,31.32600525,APAD
BKB-3868,25.68525525,89.06540335,ZZ,coal,Rangpur,Bangladesh,operating,"8,886.81",0.007275,64.65154275,0.0051,45.322731,0.00345,30.6594945,0.003525,31.32600525,APAD
BKB-3869,24.41949634,88.66056723,ZZ,coal,Rajshahi,Bangladesh,operating,"8,886.81",0.007275,64.65154275,0.0051,45.322731,0.00345,30.6594945,0.003525,31.32600525,APAD
BKB-3870,24.45320248,88.70009121,ZZ,coal,Rajshahi,Bangladesh,operating,"8,886.81",0.007275,64.65154275,0.0051,45.322731,0.00345,30.6594945,0.003525,31.32600525,APAD
BKB-3871,24.40202271,88.99135435,ZZ,coal,Rajshahi,Bangladesh,operating,"8,886.81",0.007275,64.65154275,0.0051,45.322731,0.00345,30.6594945,0.003525,31.32600525,APAD
BKB-3872,24.37099229,89.26708899,ZZ,coal,Rajshahi,Bangladesh,operating,"8,886.81",0.007275,64.65154275,0.0051,45.322731,0.00345,30.6594945,0.003525,31.32600525,APAD
BKB-3873,25.61321855,88.75163462,ZZ,coal,Rangpur,Bangladesh,operating,"8,886.81",0.007275,64.65154275,0.0051,45.322731,0.00345,30.6594945,0.003525,31.32600525,APAD
BKB-3874,24.46780095,90.08404454,ZZ,coal,Dhaka,Bangladesh,operating,"8,886.81",0.007275,64.65154275,0.0051,45.322731,0.00345,30.6594945,0.003525,31.32600525,APAD
BKB-3875,24.47037398,90.08029816,ZZ,coal,Dhaka,Bangladesh,operating,"8,886.81",0.007275,64.65154275,0.0051,45.322731,0.00345,30.6594945,0.003525,31.32600525,APAD
BKB-3876,24.67794896,89.98147348,ZZ,coal,Dhaka,Bangladesh,operating,"8,886.81",0.007275,64.65154275,0.0051,45.322731,0.00345,30.6594945,0.003525,31.32600525,APAD
BKB-3877,24.67796774,89.98157022,ZZ,coal,Dhaka,Bangladesh,operating,"8,886.81",0.007275,64.65154275,0.0051,45.322731,0.00345,30.6594945,0.003525,31.32600525,APAD
BKB-3878,24.91916986,88.88132646,ZZ,coal,Rajshahi,Bangladesh,operating,"8,886.81",0.007275,64.65154275,0.0051,45.322731,0.00345,30.6594945,0.003525,31.32600525,APAD
BKB-3879,24.57171555,90.0147969,ZZ,coal,Dhaka,Bangladesh,operating,"8,886.81",0.007275,64.65154275,0.0051,45.322731,0.00345,30.6594945,0.003525,31.32600525,APAD
BKB-3880,24.37674384,89.5517851,ZZ,coal,Rajshahi,Bangladesh,operating,"8,886.81",0.007275,64.65154275,0.0051,45.322731,0.00345,30.6594945,0.003525,31.32600525,APAD
BKB-3881,24.38320816,88.69386255,ZZ,coal,Rajshahi,Bangladesh,operating,"8,886.81",0.007275,64.65154275,0.0051,45.322731,0.00345,30.6594945,0.003525,31.32600525,APAD
BKB-3882,24.3818606,88.69257792,ZZ,coal,Rajshahi,Bangladesh,operating,"8,886.81",0.007275,64.65154275,0.0051,45.322731,0.00345,30.6594945,0.003525,31.32600525,APAD
BKB-3883,24.55353996,88.20490926,ZZ,coal,Rajshahi,Bangladesh,operating,"8,886.81",0.007275,64.65154275,0.0051,45.322731,0.00345,30.6594945,0.003525,31.32600525,APAD
BKB-3884,24.54734827,88.18122163,ZZ,coal,Rajshahi,Bangladesh,operating,"8,886.81",0.007275,64.65154275,0.0051,45.322731,0.00345,30.6594945,0.003525,31.32600525,APAD
BKB-3885,24.38358422,88.6744036,ZZ,coal,Rajshahi,Bangladesh,operating,"8,886.81",0.007275,64.65154275,0.0051,45.322731,0.00345,30.6594945,0.003525,31.32600525,APAD
BKB-3886,24.53964873,89.97297692,ZZ,coal,Dhaka,Bangladesh,operating,"8,886.81",0.007275,64.65154275,0.0051,45.322731,0.00345,30.6594945,0.003525,31.32600525,APAD
BKB-3887,24.54244714,89.97217604,ZZ,coal,Dhaka,Bangladesh,operating,"8,886.81",0.007275,64.65154275,0.0051,45.322731,0.00345,30.6594945,0.003525,31.32600525,APAD
BKB-3888,24.56938453,88.93832715,ZZ,coal,Rajshahi,Bangladesh,operating,"8,886.81",0.007275,64.65154275,0.0051,45.322731,0.00345,30.6594945,0.003525,31.32600525,APAD
BKB-3889,25.51021542,88.92720986,ZZ,coal,Rangpur,Bangladesh,operating,"8,886.81",0.007275,64.65154275,0.0051,45.322731,0.00345,30.6594945,0.003525,31.32600525,APAD
BKB-3890,25.97285469,89.64023916,ZZ,coal,Rangpur,Bangladesh,operating,"8,886.81",0.007275,64.65154275,0.0051,45.322731,0.00345,30.6594945,0.003525,31.32600525,APAD
BKB-3891,25.9712395,89.63886854,ZZ,coal,Rangpur,Bangladesh,operating,"8,886.81",0.007275,64.65154275,0.0051,45.322731,0.00345,30.6594945,0.003525,31.32600525,APAD
BKB-3892,24.42680732,89.97556545,ZZ,coal,Dhaka,Bangladesh,operating,"8,886.81",0.007275,64.65154275,0.0051,45.322731,0.00345,30.6594945,0.003525,31.32600525,APAD
BKB-3893,24.17732264,88.94856944,ZZ,coal,Rajshahi,Bangladesh,operating,"8,886.81",0.007275,64.65154275,0.0051,45.322731,0.00345,30.6594945,0.003525,31.32600525,APAD
BKB-3894,24.38727207,88.67551715,ZZ,coal,Rajshahi,Bangladesh,operating,"8,886.81",0.007275,64.65154275,0.0051,45.322731,0.00345,30.6594945,0.003525,31.32600525,APAD
BKB-3895,25.69605823,89.08386098,ZZ,coal,Rangpur,Bangladesh,operating,"8,886.81",0.007275,64.65154275,0.0051,45.322731,0.00345,30.6594945,0.003525,31.32600525,APAD
BKB-3896,25.69282316,89.08476398,ZZ,coal,Rangpur,Bangladesh,operating,"8,886.81",0.007275,64.65154275,0.0051,45.322731,0.00345,30.6594945,0.003525,31.32600525,APAD
BKB-3897,25.69172446,89.08472098,ZZ,coal,Rangpur,Bangladesh,operating,"8,886.81",0.007275,64.65154275,0.0051,45.322731,0.00345,30.6594945,0.003525,31.32600525,APAD
BKB-3898,25.69611927,89.08288273,ZZ,coal,Rangpur,Bangladesh,operating,"8,886.81",0.007275,64.65154275,0.0051,45.322731,0.00345,30.6594945,0.003525,31.32600525,APAD
BKB-3899,24.38961259,88.65953185,ZZ,coal,Rajshahi,Bangladesh,operating,"8,886.81",0.007275,64.65154275,0.0051,45.322731,0.00345,30.6594945,0.003525,31.32600525,APAD
BKB-3900,24.39126064,88.66069285,ZZ,coal,Rajshahi,Bangladesh,operating,"8,886.81",0.007275,64.65154275,0.0051,45.322731,0.00345,30.6594945,0.003525,31.32600525,APAD
BKB-3901,24.58894119,89.45650001,ZZ,coal,Rajshahi,Bangladesh,operating,"8,886.81",0.007275,64.65154275,0.0051,45.322731,0.00345,30.6594945,0.003525,31.32600525,APAD
BKB-3902,25.30492443,89.46132167,ZZ,coal,Rangpur,Bangladesh,operating,"8,886.81",0.007275,64.65154275,0.0051,45.322731,0.00345,30.6594945,0.003525,31.32600525,APAD
BKB-3903,24.63559635,88.17727034,ZZ,coal,Rajshahi,Bangladesh,operating,"8,886.81",0.007275,64.65154275,0.0051,45.322731,0.00345,30.6594945,0.003525,31.32600525,APAD
BKB-3904,25.06860109,88.7219263,ZZ,coal,Rajshahi,Bangladesh,operating,"8,886.81",0.007275,64.65154275,0.0051,45.322731,0.00345,30.6594945,0.003525,31.32600525,APAD
BKB-3905,24.69360864,88.87041891,ZZ,coal,Rajshahi,Bangladesh,operating,"8,886.81",0.007275,64.65154275,0.0051,45.322731,0.00345,30.6594945,0.003525,31.32600525,APAD
BKB-3906,24.35574509,89.5480567,ZZ,coal,Rajshahi,Bangladesh,operating,"8,886.81",0.007275,64.65154275,0.0051,45.322731,0.00345,30.6594945,0.003525,31.32600525,APAD
BKB-3907,24.52757089,88.30829248,ZZ,coal,Rajshahi,Bangladesh,operating,"8,886.81",0.007275,64.65154275,0.0051,45.322731,0.00345,30.6594945,0.003525,31.32600525,APAD
BKB-3908,24.79476067,88.26308427,ZZ,coal,Rajshahi,Bangladesh,operating,"8,886.81",0.007275,64.65154275,0.0051,45.322731,0.00345,30.6594945,0.003525,31.32600525,APAD
BKB-3909,24.95276192,89.86838701,ZZ,coal,Mymensingh,Bangladesh,operating,"8,886.81",0.007275,64.65154275,0.0051,45.322731,0.00345,30.6594945,0.003525,31.32600525,APAD
BKB-3910,22.21210318,90.3235505,ZZ,coal,Barisal,Bangladesh,operating,"8,886.81",0.007275,64.65154275,0.0051,45.322731,0.00345,30.6594945,0.003525,31.32600525,APAD
BKB-3911,24.53272396,88.7477778,ZZ,coal,Rajshahi,Bangladesh,operating,"8,886.81",0.007275,64.65154275,0.0051,45.322731,0.00345,30.6594945,0.003525,31.32600525,APAD
BKB-3912,24.2028882,88.93625255,ZZ,coal,Rajshahi,Bangladesh,operating,"8,886.81",0.007275,64.65154275,0.0051,45.322731,0.00345,30.6594945,0.003525,31.32600525,APAD
BKB-3913,24.19810837,88.93440356,ZZ,coal,Rajshahi,Bangladesh,operating,"8,886.81",0.007275,64.65154275,0.0051,45.322731,0.00345,30.6594945,0.003525,31.32600525,APAD
BKB-3914,24.97438492,88.91228421,ZZ,coal,Rajshahi,Bangladesh,operating,"8,886.81",0.007275,64.65154275,0.0051,45.322731,0.00345,30.6594945,0.003525,31.32600525,APAD
BKB-3915,25.21144416,89.36580598,ZZ,coal,Rangpur,Bangladesh,operating,"8,886.81",0.007275,64.65154275,0.0051,45.322731,0.00345,30.6594945,0.003525,31.32600525,APAD
BKB-3916,25.81700257,88.62021325,ZZ,coal,Rangpur,Bangladesh,operating,"8,886.81",0.007275,64.65154275,0.0051,45.322731,0.00345,30.6594945,0.003525,31.32600525,APAD
BKB-3917,25.80575708,88.97529664,ZZ,coal,Rangpur,Bangladesh,operating,"8,886.81",0.007275,64.65154275,0.0051,45.322731,0.00345,30.6594945,0.003525,31.32600525,APAD
BKB-3918,25.80449404,88.97681239,ZZ,coal,Rangpur,Bangladesh,operating,"8,886.81",0.007275,64.65154275,0.0051,45.322731,0.00345,30.6594945,0.003525,31.32600525,APAD
BKB-3919,25.80114629,88.97692527,ZZ,coal,Rangpur,Bangladesh,operating,"8,886.81",0.007275,64.65154275,0.0051,45.322731,0.00345,30.6594945,0.003525,31.32600525,APAD
BKB-3920,24.47905912,90.09480014,ZZ,coal,Dhaka,Bangladesh,operating,"8,886.81",0.007275,64.65154275,0.0051,45.322731,0.00345,30.6594945,0.003525,31.32600525,APAD
BKB-3921,24.41223907,88.86063597,ZZ,coal,Rajshahi,Bangladesh,operating,"8,886.81",0.007275,64.65154275,0.0051,45.322731,0.00345,30.6594945,0.003525,31.32600525,APAD
BKB-3922,24.3860408,88.94119177,ZZ,coal,Rajshahi,Bangladesh,operating,"8,886.81",0.007275,64.65154275,0.0051,45.322731,0.00345,30.6594945,0.003525,31.32600525,APAD
BKB-3923,24.46240854,89.46801138,ZZ,coal,Rajshahi,Bangladesh,operating,"8,886.81",0.007275,64.65154275,0.0051,45.322731,0.00345,30.6594945,0.003525,31.32600525,APAD
BKB-3924,24.54042748,90.09407982,ZZ,coal,Dhaka,Bangladesh,operating,"8,886.81",0.007275,64.65154275,0.0051,45.322731,0.00345,30.6594945,0.003525,31.32600525,APAD
BKB-3925,24.80231991,89.41823192,ZZ,coal,Rajshahi,Bangladesh,operating,"8,886.81",0.007275,64.65154275,0.0051,45.322731,0.00345,30.6594945,0.003525,31.32600525,APAD
BKB-3926,24.3456619,89.51801346,ZZ,coal,Rajshahi,Bangladesh,operating,"8,886.81",0.007275,64.65154275,0.0051,45.322731,0.00345,30.6594945,0.003525,31.32600525,APAD
BKB-3927,24.34271732,88.75016723,ZZ,coal,Rajshahi,Bangladesh,operating,"8,886.81",0.007275,64.65154275,0.0051,45.322731,0.00345,30.6594945,0.003525,31.32600525,APAD
BKB-3928,24.45731282,89.89399239,ZZ,coal,Dhaka,Bangladesh,operating,"8,886.81",0.007275,64.65154275,0.0051,45.322731,0.00345,30.6594945,0.003525,31.32600525,APAD
BKB-3929,25.04509544,90.00334329,ZZ,coal,Mymensingh,Bangladesh,operating,"8,886.81",0.007275,64.65154275,0.0051,45.322731,0.00345,30.6594945,0.003525,31.32600525,APAD
BKB-3930,25.21399578,89.54677936,ZZ,coal,Rangpur,Bangladesh,operating,"8,886.81",0.007275,64.65154275,0.0051,45.322731,0.00345,30.6594945,0.003525,31.32600525,APAD
BKB-3931,25.39704079,89.66356465,ZZ,coal,Rangpur,Bangladesh,operating,"8,886.81",0.007275,64.65154275,0.0051,45.322731,0.00345,30.6594945,0.003525,31.32600525,APAD
BKB-3932,25.95113763,88.57008541,ZZ,coal,Rangpur,Bangladesh,operating,"8,886.81",0.007275,64.65154275,0.0051,45.322731,0.00345,30.6594945,0.003525,31.32600525,APAD
BKB-3933,24.41865885,88.51352579,ZZ,coal,Rajshahi,Bangladesh,operating,"8,886.81",0.007275,64.65154275,0.0051,45.322731,0.00345,30.6594945,0.003525,31.32600525,APAD
BKB-3934,24.93226857,90.15491609,ZZ,coal,Mymensingh,Bangladesh,operating,"8,886.81",0.007275,64.65154275,0.0051,45.322731,0.00345,30.6594945,0.003525,31.32600525,APAD
BKB-3935,24.44798554,88.98698869,ZZ,coal,Rajshahi,Bangladesh,operating,"8,886.81",0.007275,64.65154275,0.0051,45.322731,0.00345,30.6594945,0.003525,31.32600525,APAD
BKB-3936,24.59642156,89.5486447,ZZ,coal,Rajshahi,Bangladesh,operating,"8,886.81",0.007275,64.65154275,0.0051,45.322731,0.00345,30.6594945,0.003525,31.32600525,APAD
BKB-3937,24.42340628,88.97066584,ZZ,coal,Rajshahi,Bangladesh,operating,"8,886.81",0.007275,64.65154275,0.0051,45.322731,0.00345,30.6594945,0.003525,31.32600525,APAD
BKB-3938,24.58539044,90.06274701,ZZ,coal,Dhaka,Bangladesh,operating,"8,886.81",0.007275,64.65154275,0.0051,45.322731,0.00345,30.6594945,0.003525,31.32600525,APAD
BKB-3939,24.53142156,89.55281904,ZZ,coal,Rajshahi,Bangladesh,operating,"8,886.81",0.007275,64.65154275,0.0051,45.322731,0.00345,30.6594945,0.003525,31.32600525,APAD
BKB-3940,24.48813728,89.49449116,ZZ,coal,Rajshahi,Bangladesh,operating,"8,886.81",0.007275,64.65154275,0.0051,45.322731,0.00345,30.6594945,0.003525,31.32600525,APAD
BKB-3941,24.42057758,89.56667867,ZZ,coal,Rajshahi,Bangladesh,operating,"8,886.81",0.007275,64.65154275,0.0051,45.322731,0.00345,30.6594945,0.003525,31.32600525,APAD
BKB-3942,24.42058227,89.56666792,ZZ,coal,Rajshahi,Bangladesh,operating,"8,886.81",0.007275,64.65154275,0.0051,45.322731,0.00345,30.6594945,0.003525,31.32600525,APAD
BKB-3943,24.46919321,89.43438767,ZZ,coal,Rajshahi,Bangladesh,operating,"8,886.81",0.007275,64.65154275,0.0051,45.322731,0.00345,30.6594945,0.003525,31.32600525,APAD
BKB-3944,25.83582036,89.73091041,ZZ,coal,Rangpur,Bangladesh,operating,"8,886.81",0.007275,64.65154275,0.0051,45.322731,0.00345,30.6594945,0.003525,31.32600525,APAD
BKB-3945,25.69680716,89.2044558,ZZ,coal,Rangpur,Bangladesh,operating,"8,886.81",0.007275,64.65154275,0.0051,45.322731,0.00345,30.6594945,0.003525,31.32600525,APAD
BKB-3946,24.4115406,88.66606465,ZZ,coal,Rajshahi,Bangladesh,operating,"8,886.81",0.007275,64.65154275,0.0051,45.322731,0.00345,30.6594945,0.003525,31.32600525,APAD
BKB-3947,25.64645713,89.26324576,ZZ,coal,Rangpur,Bangladesh,operating,"8,886.81",0.007275,64.65154275,0.0051,45.322731,0.00345,30.6594945,0.003525,31.32600525,APAD
BKB-3948,24.38480007,88.91846976,ZZ,coal,Rajshahi,Bangladesh,operating,"8,886.81",0.007275,64.65154275,0.0051,45.322731,0.00345,30.6594945,0.003525,31.32600525,APAD
BKB-3949,25.56858678,89.24848628,ZZ,coal,Rangpur,Bangladesh,operating,"8,886.81",0.007275,64.65154275,0.0051,45.322731,0.00345,30.6594945,0.003525,31.32600525,APAD
BKB-3950,25.00670813,89.83846164,ZZ,coal,Mymensingh,Bangladesh,operating,"8,886.81",0.007275,64.65154275,0.0051,45.322731,0.00345,30.6594945,0.003525,31.32600525,APAD
BKB-3951,24.930249,89.87243071,ZZ,coal,Mymensingh,Bangladesh,operating,"8,886.81",0.007275,64.65154275,0.0051,45.322731,0.00345,30.6594945,0.003525,31.32600525,APAD
BKB-3952,25.87106418,88.66320899,ZZ,coal,Rangpur,Bangladesh,operating,"8,886.81",0.007275,64.65154275,0.0051,45.322731,0.00345,30.6594945,0.003525,31.32600525,APAD
BKB-3953,24.94215141,89.74207164,ZZ,coal,Mymensingh,Bangladesh,operating,"8,886.81",0.007275,64.65154275,0.0051,45.322731,0.00345,30.6594945,0.003525,31.32600525,APAD
BKB-3954,24.95790772,89.44787068,ZZ,coal,Rajshahi,Bangladesh,operating,"8,886.81",0.007275,64.65154275,0.0051,45.322731,0.00345,30.6594945,0.003525,31.32600525,APAD
BKB-3955,24.5256045,89.55855898,ZZ,coal,Rajshahi,Bangladesh,operating,"8,886.81",0.007275,64.65154275,0.0051,45.322731,0.00345,30.6594945,0.003525,31.32600525,APAD
BKB-3956,24.40698021,89.50149666,ZZ,coal,Rajshahi,Bangladesh,operating,"8,886.81",0.007275,64.65154275,0.0051,45.322731,0.00345,30.6594945,0.003525,31.32600525,APAD
BKB-3957,26.09605497,88.70089868,ZZ,coal,Rangpur,Bangladesh,operating,"8,886.81",0.007275,64.65154275,0.0051,45.322731,0.00345,30.6594945,0.003525,31.32600525,APAD
BKB-3958,26.09668414,88.7048708,ZZ,coal,Rangpur,Bangladesh,operating,"8,886.81",0.007275,64.65154275,0.0051,45.322731,0.00345,30.6594945,0.003525,31.32600525,APAD
BKB-3959,25.28777439,89.50548049,ZZ,coal,Rangpur,Bangladesh,operating,"8,886.81",0.007275,64.65154275,0.0051,45.322731,0.00345,30.6594945,0.003525,31.32600525,APAD
BKB-3960,25.09706064,90.04333447,ZZ,coal,Mymensingh,Bangladesh,operating,"8,886.81",0.007275,64.65154275,0.0051,45.322731,0.00345,30.6594945,0.003525,31.32600525,APAD
BKB-3961,24.75699561,88.96268537,ZZ,coal,Rajshahi,Bangladesh,operating,"8,886.81",0.007275,64.65154275,0.0051,45.322731,0.00345,30.6594945,0.003525,31.32600525,APAD
BKB-3962,24.91004542,88.2069747,ZZ,coal,Rajshahi,Bangladesh,operating,"8,886.81",0.007275,64.65154275,0.0051,45.322731,0.00345,30.6594945,0.003525,31.32600525,APAD
BKB-3963,24.37467486,88.90559556,ZZ,coal,Rajshahi,Bangladesh,operating,"8,886.81",0.007275,64.65154275,0.0051,45.322731,0.00345,30.6594945,0.003525,31.32600525,APAD
BKB-3964,24.34334738,88.75179746,ZZ,coal,Rajshahi,Bangladesh,operating,"8,886.81",0.007275,64.65154275,0.0051,45.322731,0.00345,30.6594945,0.003525,31.32600525,APAD
BKB-3965,24.96265867,90.20229317,ZZ,coal,Mymensingh,Bangladesh,operating,"8,886.81",0.007275,64.65154275,0.0051,45.322731,0.00345,30.6594945,0.003525,31.32600525,APAD
BKB-3966,24.75807646,89.95831841,ZZ,coal,Mymensingh,Bangladesh,operating,"8,886.81",0.007275,64.65154275,0.0051,45.322731,0.00345,30.6594945,0.003525,31.32600525,APAD
BKB-3967,24.4224965,89.44840364,ZZ,coal,Rajshahi,Bangladesh,operating,"8,886.81",0.007275,64.65154275,0.0051,45.322731,0.00345,30.6594945,0.003525,31.32600525,APAD
BKB-3968,25.1888595,89.89108102,ZZ,coal,Mymensingh,Bangladesh,operating,"8,886.81",0.007275,64.65154275,0.0051,45.322731,0.00345,30.6594945,0.003525,31.32600525,APAD
BKB-3969,24.87275268,89.41227185,ZZ,coal,Rajshahi,Bangladesh,operating,"8,886.81",0.007275,64.65154275,0.0051,45.322731,0.00345,30.6594945,0.003525,31.32600525,APAD
BKB-3970,24.62015127,88.96543888,ZZ,coal,Rajshahi,Bangladesh,operating,"8,886.81",0.007275,64.65154275,0.0051,45.322731,0.00345,30.6594945,0.003525,31.32600525,APAD
BKB-3971,25.11282474,89.74461641,ZZ,coal,Mymensingh,Bangladesh,operating,"8,886.81",0.007275,64.65154275,0.0051,45.322731,0.00345,30.6594945,0.003525,31.32600525,APAD
BKB-3972,24.40838179,88.40257718,ZZ,coal,Rajshahi,Bangladesh,operating,"8,886.81",0.007275,64.65154275,0.0051,45.322731,0.00345,30.6594945,0.003525,31.32600525,APAD
BKB-3973,24.40576275,88.39036404,ZZ,coal,Rajshahi,Bangladesh,operating,"8,886.81",0.007275,64.65154275,0.0051,45.322731,0.00345,30.6594945,0.003525,31.32600525,APAD
BKB-3974,24.43470695,88.67902854,ZZ,coal,Rajshahi,Bangladesh,operating,"8,886.81",0.007275,64.65154275,0.0051,45.322731,0.00345,30.6594945,0.003525,31.32600525,APAD
BKB-3975,24.73486804,89.93523391,ZZ,coal,Dhaka,Bangladesh,operating,"8,886.81",0.007275,64.65154275,0.0051,45.322731,0.00345,30.6594945,0.003525,31.32600525,APAD
BKB-3976,24.63918443,88.17363292,ZZ,coal,Rajshahi,Bangladesh,operating,"8,886.81",0.007275,64.65154275,0.0051,45.322731,0.00345,30.6594945,0.003525,31.32600525,APAD
BKB-3977,24.64126915,88.1736383,ZZ,coal,Rajshahi,Bangladesh,operating,"8,886.81",0.007275,64.65154275,0.0051,45.322731,0.00345,30.6594945,0.003525,31.32600525,APAD
BKB-3978,24.44040986,88.90103574,ZZ,coal,Rajshahi,Bangladesh,operating,"8,886.81",0.007275,64.65154275,0.0051,45.322731,0.00345,30.6594945,0.003525,31.32600525,APAD
BKB-3979,24.87996513,89.46794542,ZZ,coal,Rajshahi,Bangladesh,operating,"8,886.81",0.007275,64.65154275,0.0051,45.322731,0.00345,30.6594945,0.003525,31.32600525,APAD
BKB-3980,24.55937174,90.00335078,ZZ,coal,Dhaka,Bangladesh,operating,"8,886.81",0.007275,64.65154275,0.0051,45.322731,0.00345,30.6594945,0.003525,31.32600525,APAD
BKB-3981,24.34649619,88.68864503,ZZ,coal,Rajshahi,Bangladesh,operating,"8,886.81",0.007275,64.65154275,0.0051,45.322731,0.00345,30.6594945,0.003525,31.32600525,APAD
BKB-3982,24.41022698,88.71308068,ZZ,coal,Rajshahi,Bangladesh,operating,"8,886.81",0.007275,64.65154275,0.0051,45.322731,0.00345,30.6594945,0.003525,31.32600525,APAD
BKB-3983,24.51816837,88.31019157,ZZ,coal,Rajshahi,Bangladesh,operating,"8,886.81",0.007275,64.65154275,0.0051,45.322731,0.00345,30.6594945,0.003525,31.32600525,APAD
BKB-3984,24.44652033,88.98086758,ZZ,coal,Rajshahi,Bangladesh,operating,"8,886.81",0.007275,64.65154275,0.0051,45.322731,0.00345,30.6594945,0.003525,31.32600525,APAD
BKB-3985,24.3836808,88.70148724,ZZ,coal,Rajshahi,Bangladesh,operating,"8,886.81",0.007275,64.65154275,0.0051,45.322731,0.00345,30.6594945,0.003525,31.32600525,APAD
BKB-3986,24.67088453,89.89438261,ZZ,coal,Dhaka,Bangladesh,operating,"8,886.81",0.007275,64.65154275,0.0051,45.322731,0.00345,30.6594945,0.003525,31.32600525,APAD
BKB-3987,24.43646346,88.35963234,ZZ,coal,Rajshahi,Bangladesh,operating,"8,886.81",0.007275,64.65154275,0.0051,45.322731,0.00345,30.6594945,0.003525,31.32600525,APAD
BKB-3988,24.38871386,88.66354413,ZZ,coal,Rajshahi,Bangladesh,operating,"8,886.81",0.007275,64.65154275,0.0051,45.322731,0.00345,30.6594945,0.003525,31.32600525,APAD
BKB-3989,24.95189935,90.2164792,ZZ,coal,Mymensingh,Bangladesh,operating,"8,886.81",0.007275,64.65154275,0.0051,45.322731,0.00345,30.6594945,0.003525,31.32600525,APAD
BKB-3990,24.63800506,88.7250842,ZZ,coal,Rajshahi,Bangladesh,operating,"8,886.81",0.007275,64.65154275,0.0051,45.322731,0.00345,30.6594945,0.003525,31.32600525,APAD
BKB-3991,25.11319497,89.4227263,ZZ,coal,Rangpur,Bangladesh,operating,"8,886.81",0.007275,64.65154275,0.0051,45.322731,0.00345,30.6594945,0.003525,31.32600525,APAD
BKB-3992,24.58733049,89.57290529,ZZ,coal,Rajshahi,Bangladesh,operating,"8,886.81",0.007275,64.65154275,0.0051,45.322731,0.00345,30.6594945,0.003525,31.32600525,APAD
BKB-3993,25.94851669,88.70046667,ZZ,coal,Rangpur,Bangladesh,operating,"8,886.81",0.007275,64.65154275,0.0051,45.322731,0.00345,30.6594945,0.003525,31.32600525,APAD
BKB-3994,24.65770418,88.12101141,ZZ,coal,Rajshahi,Bangladesh,operating,"8,886.81",0.007275,64.65154275,0.0051,45.322731,0.00345,30.6594945,0.003525,31.32600525,APAD
BKB-3995,24.41983118,88.56462393,ZZ,coal,Rajshahi,Bangladesh,operating,"8,886.81",0.007275,64.65154275,0.0051,45.322731,0.00345,30.6594945,0.003525,31.32600525,APAD
BKB-3996,25.35374993,89.50904534,ZZ,coal,Rangpur,Bangladesh,operating,"8,886.81",0.007275,64.65154275,0.0051,45.322731,0.00345,30.6594945,0.003525,31.32600525,APAD
BKB-3997,24.4382086,89.02802853,ZZ,coal,Rajshahi,Bangladesh,operating,"8,886.81",0.007275,64.65154275,0.0051,45.322731,0.00345,30.6594945,0.003525,31.32600525,APAD
BKB-3998,25.01730697,89.38266106,ZZ,coal,Rajshahi,Bangladesh,operating,"8,886.81",0.007275,64.65154275,0.0051,45.322731,0.00345,30.6594945,0.003525,31.32600525,APAD
BKB-3999,24.49598677,88.31410986,ZZ,coal,Rajshahi,Bangladesh,operating,"8,886.81",0.007275,64.65154275,0.0051,45.322731,0.00345,30.6594945,0.003525,31.32600525,APAD
BKB-4000,24.81732517,89.45461497,ZZ,coal,Rajshahi,Bangladesh,operating,"8,886.81",0.007275,64.65154275,0.0051,45.322731,0.00345,30.6594945,0.003525,31.32600525,APAD
BKB-4001,25.00345853,89.37269293,ZZ,coal,Rajshahi,Bangladesh,operating,"8,886.81",0.007275,64.65154275,0.0051,45.322731,0.00345,30.6594945,0.003525,31.32600525,APAD
BKB-4002,25.06354586,89.77546093,ZZ,coal,Mymensingh,Bangladesh,operating,"8,886.81",0.007275,64.65154275,0.0051,45.322731,0.00345,30.6594945,0.003525,31.32600525,APAD
BKB-4003,25.67004947,88.94838622,ZZ,coal,Rangpur,Bangladesh,operating,"8,886.81",0.007275,64.65154275,0.0051,45.322731,0.00345,30.6594945,0.003525,31.32600525,APAD
BKB-4004,25.67111061,88.9534011,ZZ,coal,Rangpur,Bangladesh,operating,"8,886.81",0.007275,64.65154275,0.0051,45.322731,0.00345,30.6594945,0.003525,31.32600525,APAD
BKB-4005,25.67126556,88.9510361,ZZ,coal,Rangpur,Bangladesh,operating,"8,886.81",0.007275,64.65154275,0.0051,45.322731,0.00345,30.6594945,0.003525,31.32600525,APAD
BKB-4006,25.5613929,89.12337494,ZZ,coal,Rangpur,Bangladesh,operating,"8,886.81",0.007275,64.65154275,0.0051,45.322731,0.00345,30.6594945,0.003525,31.32600525,APAD
BKB-4007,25.65341706,89.40052164,ZZ,coal,Rangpur,Bangladesh,operating,"8,886.81",0.007275,64.65154275,0.0051,45.322731,0.00345,30.6594945,0.003525,31.32600525,APAD
BKB-4008,25.02121558,88.99085492,ZZ,coal,Rajshahi,Bangladesh,operating,"8,886.81",0.007275,64.65154275,0.0051,45.322731,0.00345,30.6594945,0.003525,31.32600525,APAD
BKB-4009,25.02226733,88.99030667,ZZ,coal,Rajshahi,Bangladesh,operating,"8,886.81",0.007275,64.65154275,0.0051,45.322731,0.00345,30.6594945,0.003525,31.32600525,APAD
BKB-4010,25.25691966,89.55071904,ZZ,coal,Rangpur,Bangladesh,operating,"8,886.81",0.007275,64.65154275,0.0051,45.322731,0.00345,30.6594945,0.003525,31.32600525,APAD
BKB-4011,25.26183095,89.55029979,ZZ,coal,Rangpur,Bangladesh,operating,"8,886.81",0.007275,64.65154275,0.0051,45.322731,0.00345,30.6594945,0.003525,31.32600525,APAD
BKB-4012,24.71080179,89.83276173,ZZ,coal,Mymensingh,Bangladesh,operating,"8,886.81",0.007275,64.65154275,0.0051,45.322731,0.00345,30.6594945,0.003525,31.32600525,APAD
BKB-4013,25.0976538,89.30420081,ZZ,coal,Rajshahi,Bangladesh,operating,"8,886.81",0.007275,64.65154275,0.0051,45.322731,0.00345,30.6594945,0.003525,31.32600525,APAD
BKB-4014,25.46365365,89.29472897,ZZ,coal,Rangpur,Bangladesh,operating,"8,886.81",0.007275,64.65154275,0.0051,45.322731,0.00345,30.6594945,0.003525,31.32600525,APAD
BKB-4015,25.06053653,89.99504153,ZZ,coal,Mymensingh,Bangladesh,operating,"8,886.81",0.007275,64.65154275,0.0051,45.322731,0.00345,30.6594945,0.003525,31.32600525,APAD
BKB-4016,25.06163524,89.99614878,ZZ,coal,Mymensingh,Bangladesh,operating,"8,886.81",0.007275,64.65154275,0.0051,45.322731,0.00345,30.6594945,0.003525,31.32600525,APAD
BKB-4017,24.54894719,88.22190713,ZZ,coal,Rajshahi,Bangladesh,operating,"8,886.81",0.007275,64.65154275,0.0051,45.322731,0.00345,30.6594945,0.003525,31.32600525,APAD
BKB-4018,25.04717338,90.03222777,ZZ,coal,Mymensingh,Bangladesh,operating,"8,886.81",0.007275,64.65154275,0.0051,45.322731,0.00345,30.6594945,0.003525,31.32600525,APAD
BKB-4019,24.35167234,88.74476955,ZZ,coal,Rajshahi,Bangladesh,operating,"8,886.81",0.007275,64.65154275,0.0051,45.322731,0.00345,30.6594945,0.003525,31.32600525,APAD
BKB-4020,24.38064112,88.69017789,ZZ,coal,Rajshahi,Bangladesh,operating,"8,886.81",0.007275,64.65154275,0.0051,45.322731,0.00345,30.6594945,0.003525,31.32600525,APAD
BKB-4021,24.91575101,89.79447855,ZZ,coal,Mymensingh,Bangladesh,operating,"8,886.81",0.007275,64.65154275,0.0051,45.322731,0.00345,30.6594945,0.003525,31.32600525,APAD
BKB-4022,24.61293696,89.452209,ZZ,coal,Rajshahi,Bangladesh,operating,"8,886.81",0.007275,64.65154275,0.0051,45.322731,0.00345,30.6594945,0.003525,31.32600525,APAD
BKB-4023,24.77439686,89.93945786,ZZ,coal,Mymensingh,Bangladesh,operating,"8,886.81",0.007275,64.65154275,0.0051,45.322731,0.00345,30.6594945,0.003525,31.32600525,APAD
BKB-4024,24.51441927,88.86204014,ZZ,coal,Rajshahi,Bangladesh,operating,"8,886.81",0.007275,64.65154275,0.0051,45.322731,0.00345,30.6594945,0.003525,31.32600525,APAD
BKB-4025,24.51490758,88.85824002,ZZ,coal,Rajshahi,Bangladesh,operating,"8,886.81",0.007275,64.65154275,0.0051,45.322731,0.00345,30.6594945,0.003525,31.32600525,APAD
BKB-4026,24.66212788,88.93519668,ZZ,coal,Rajshahi,Bangladesh,operating,"8,886.81",0.007275,64.65154275,0.0051,45.322731,0.00345,30.6594945,0.003525,31.32600525,APAD
BKB-4027,24.66185086,88.93793256,ZZ,coal,Rajshahi,Bangladesh,operating,"8,886.81",0.007275,64.65154275,0.0051,45.322731,0.00345,30.6594945,0.003525,31.32600525,APAD
BKB-4028,25.69191774,88.64850635,ZZ,coal,Rangpur,Bangladesh,operating,"8,886.81",0.007275,64.65154275,0.0051,45.322731,0.00345,30.6594945,0.003525,31.32600525,APAD
BKB-4029,24.43520799,88.3745491,ZZ,coal,Rajshahi,Bangladesh,operating,"8,886.81",0.007275,64.65154275,0.0051,45.322731,0.00345,30.6594945,0.003525,31.32600525,APAD
BKB-4030,24.43515329,89.02001012,ZZ,coal,Rajshahi,Bangladesh,operating,"8,886.81",0.007275,64.65154275,0.0051,45.322731,0.00345,30.6594945,0.003525,31.32600525,APAD
BKB-4031,24.43851513,89.02265463,ZZ,coal,Rajshahi,Bangladesh,operating,"8,886.81",0.007275,64.65154275,0.0051,45.322731,0.00345,30.6594945,0.003525,31.32600525,APAD
BKB-4032,25.63429068,88.80398156,ZZ,coal,Rangpur,Bangladesh,operating,"8,886.81",0.007275,64.65154275,0.0051,45.322731,0.00345,30.6594945,0.003525,31.32600525,APAD
BKB-4033,24.59360329,88.63327932,ZZ,coal,Rajshahi,Bangladesh,operating,"8,886.81",0.007275,64.65154275,0.0051,45.322731,0.00345,30.6594945,0.003525,31.32600525,APAD
BKB-4034,24.77319645,89.90517344,ZZ,coal,Mymensingh,Bangladesh,operating,"8,886.81",0.007275,64.65154275,0.0051,45.322731,0.00345,30.6594945,0.003525,31.32600525,APAD
BKB-4035,24.77343121,89.90401782,ZZ,coal,Mymensingh,Bangladesh,operating,"8,886.81",0.007275,64.65154275,0.0051,45.322731,0.00345,30.6594945,0.003525,31.32600525,APAD
BKB-4036,24.77302272,89.90228169,ZZ,coal,Mymensingh,Bangladesh,operating,"8,886.81",0.007275,64.65154275,0.0051,45.322731,0.00345,30.6594945,0.003525,31.32600525,APAD
BKB-4037,24.64816798,88.2952091,ZZ,coal,Rajshahi,Bangladesh,operating,"8,886.81",0.007275,64.65154275,0.0051,45.322731,0.00345,30.6594945,0.003525,31.32600525,APAD
BKB-4038,24.6425915,89.57461581,ZZ,coal,Rajshahi,Bangladesh,operating,"8,886.81",0.007275,64.65154275,0.0051,45.322731,0.00345,30.6594945,0.003525,31.32600525,APAD
BKB-4039,25.21400019,89.40969421,ZZ,coal,Rangpur,Bangladesh,operating,"8,886.81",0.007275,64.65154275,0.0051,45.322731,0.00345,30.6594945,0.003525,31.32600525,APAD
BKB-4040,24.70502665,88.62492438,ZZ,coal,Rajshahi,Bangladesh,operating,"8,886.81",0.007275,64.65154275,0.0051,45.322731,0.00345,30.6594945,0.003525,31.32600525,APAD
BKB-4041,21.9316814,90.1491289,ZZ,coal,Barisal,Bangladesh,operating,"8,886.81",0.007275,64.65154275,0.0051,45.322731,0.00345,30.6594945,0.003525,31.32600525,APAD
BKB-4042,25.35997098,89.46196835,ZZ,coal,Rangpur,Bangladesh,operating,"8,886.81",0.007275,64.65154275,0.0051,45.322731,0.00345,30.6594945,0.003525,31.32600525,APAD
BKB-4043,24.41278753,88.70308687,ZZ,coal,Rajshahi,Bangladesh,operating,"8,886.81",0.007275,64.65154275,0.0051,45.322731,0.00345,30.6594945,0.003525,31.32600525,APAD
BKB-4044,25.30055352,89.40532991,ZZ,coal,Rangpur,Bangladesh,operating,"8,886.81",0.007275,64.65154275,0.0051,45.322731,0.00345,30.6594945,0.003525,31.32600525,APAD
BKB-4045,25.02867882,89.29653012,ZZ,coal,Rajshahi,Bangladesh,operating,"8,886.81",0.007275,64.65154275,0.0051,45.322731,0.00345,30.6594945,0.003525,31.32600525,APAD
BKB-4046,25.05213467,90.02629662,ZZ,coal,Mymensingh,Bangladesh,operating,"8,886.81",0.007275,64.65154275,0.0051,45.322731,0.00345,30.6594945,0.003525,31.32600525,APAD
BKB-4047,25.05555286,90.02603862,ZZ,coal,Mymensingh,Bangladesh,operating,"8,886.81",0.007275,64.65154275,0.0051,45.322731,0.00345,30.6594945,0.003525,31.32600525,APAD
BKB-4048,24.65710706,89.82510754,ZZ,coal,Mymensingh,Bangladesh,operating,"8,886.81",0.007275,64.65154275,0.0051,45.322731,0.00345,30.6594945,0.003525,31.32600525,APAD
BKB-4049,24.8424899,88.92307374,ZZ,coal,Rajshahi,Bangladesh,operating,"8,886.81",0.007275,64.65154275,0.0051,45.322731,0.00345,30.6594945,0.003525,31.32600525,APAD
BKB-4050,25.7897365,88.77409651,ZZ,coal,Rangpur,Bangladesh,operating,"8,886.81",0.007275,64.65154275,0.0051,45.322731,0.00345,30.6594945,0.003525,31.32600525,APAD
BKB-4051,24.83336739,89.78198239,ZZ,coal,Mymensingh,Bangladesh,operating,"8,886.81",0.007275,64.65154275,0.0051,45.322731,0.00345,30.6594945,0.003525,31.32600525,APAD
BKB-4052,24.53001342,88.70297781,ZZ,coal,Rajshahi,Bangladesh,operating,"8,886.81",0.007275,64.65154275,0.0051,45.322731,0.00345,30.6594945,0.003525,31.32600525,APAD
BKB-4053,24.95127452,89.4356522,ZZ,coal,Rajshahi,Bangladesh,operating,"8,886.81",0.007275,64.65154275,0.0051,45.322731,0.00345,30.6594945,0.003525,31.32600525,APAD
BKB-4054,24.95200229,89.43384083,ZZ,coal,Rajshahi,Bangladesh,operating,"8,886.81",0.007275,64.65154275,0.0051,45.322731,0.00345,30.6594945,0.003525,31.32600525,APAD
BKB-4055,25.75835774,88.77988285,ZZ,coal,Rangpur,Bangladesh,operating,"8,886.81",0.007275,64.65154275,0.0051,45.322731,0.00345,30.6594945,0.003525,31.32600525,APAD
BKB-4056,24.83555942,89.17256964,ZZ,coal,Rajshahi,Bangladesh,operating,"8,886.81",0.007275,64.65154275,0.0051,45.322731,0.00345,30.6594945,0.003525,31.32600525,APAD
BKB-4057,24.3847001,88.48597051,ZZ,coal,Rajshahi,Bangladesh,operating,"8,886.81",0.007275,64.65154275,0.0051,45.322731,0.00345,30.6594945,0.003525,31.32600525,APAD
BKB-4058,24.60393922,88.90913618,ZZ,coal,Rajshahi,Bangladesh,operating,"8,886.81",0.007275,64.65154275,0.0051,45.322731,0.00345,30.6594945,0.003525,31.32600525,APAD
BKB-4059,25.54251633,89.2739398,ZZ,coal,Rangpur,Bangladesh,operating,"8,886.81",0.007275,64.65154275,0.0051,45.322731,0.00345,30.6594945,0.003525,31.32600525,APAD
BKB-4060,24.98421742,89.86066105,ZZ,coal,Mymensingh,Bangladesh,operating,"8,886.81",0.007275,64.65154275,0.0051,45.322731,0.00345,30.6594945,0.003525,31.32600525,APAD
BKB-4061,24.51432976,88.30882788,ZZ,coal,Rajshahi,Bangladesh,operating,"8,886.81",0.007275,64.65154275,0.0051,45.322731,0.00345,30.6594945,0.003525,31.32600525,APAD
BKB-4062,25.24244656,89.39614551,ZZ,coal,Rangpur,Bangladesh,operating,"8,886.81",0.007275,64.65154275,0.0051,45.322731,0.00345,30.6594945,0.003525,31.32600525,APAD
BKB-4063,21.90122119,90.14633041,ZZ,coal,Barisal,Bangladesh,operating,"8,886.81",0.007275,64.65154275,0.0051,45.322731,0.00345,30.6594945,0.003525,31.32600525,APAD
BKB-4064,24.82215599,88.95826818,ZZ,coal,Rajshahi,Bangladesh,operating,"8,886.81",0.007275,64.65154275,0.0051,45.322731,0.00345,30.6594945,0.003525,31.32600525,APAD
BKB-4065,25.55153111,89.30313886,ZZ,coal,Rangpur,Bangladesh,operating,"8,886.81",0.007275,64.65154275,0.0051,45.322731,0.00345,30.6594945,0.003525,31.32600525,APAD
BKB-4066,24.57741566,88.6842693,ZZ,coal,Rajshahi,Bangladesh,operating,"8,886.81",0.007275,64.65154275,0.0051,45.322731,0.00345,30.6594945,0.003525,31.32600525,APAD
BKB-4067,24.38670843,88.69425685,ZZ,coal,Rajshahi,Bangladesh,operating,"8,886.81",0.007275,64.65154275,0.0051,45.322731,0.00345,30.6594945,0.003525,31.32600525,APAD
BKB-4068,24.38954909,88.69528885,ZZ,coal,Rajshahi,Bangladesh,operating,"8,886.81",0.007275,64.65154275,0.0051,45.322731,0.00345,30.6594945,0.003525,31.32600525,APAD
BKB-4069,24.43754566,88.50890102,ZZ,coal,Rajshahi,Bangladesh,operating,"8,886.81",0.007275,64.65154275,0.0051,45.322731,0.00345,30.6594945,0.003525,31.32600525,APAD
BKB-4070,24.98838835,89.83779891,ZZ,coal,Mymensingh,Bangladesh,operating,"8,886.81",0.007275,64.65154275,0.0051,45.322731,0.00345,30.6594945,0.003525,31.32600525,APAD
BKB-4071,24.55830851,88.93554811,ZZ,coal,Rajshahi,Bangladesh,operating,"8,886.81",0.007275,64.65154275,0.0051,45.322731,0.00345,30.6594945,0.003525,31.32600525,APAD
BKB-4072,24.96269752,89.43225397,ZZ,coal,Rajshahi,Bangladesh,operating,"8,886.81",0.007275,64.65154275,0.0051,45.322731,0.00345,30.6594945,0.003525,31.32600525,APAD
BKB-4073,24.88869146,89.18154913,ZZ,coal,Rajshahi,Bangladesh,operating,"8,886.81",0.007275,64.65154275,0.0051,45.322731,0.00345,30.6594945,0.003525,31.32600525,APAD
BKB-4074,24.88722183,89.18280689,ZZ,coal,Rajshahi,Bangladesh,operating,"8,886.81",0.007275,64.65154275,0.0051,45.322731,0.00345,30.6594945,0.003525,31.32600525,APAD
BKB-4075,24.99526705,88.98287411,ZZ,coal,Rajshahi,Bangladesh,operating,"8,886.81",0.007275,64.65154275,0.0051,45.322731,0.00345,30.6594945,0.003525,31.32600525,APAD
BKB-4076,25.90000209,88.82288727,ZZ,coal,Rangpur,Bangladesh,operating,"8,886.81",0.007275,64.65154275,0.0051,45.322731,0.00345,30.6594945,0.003525,31.32600525,APAD
BKB-4077,25.0911927,89.76053239,ZZ,coal,Mymensingh,Bangladesh,operating,"8,886.81",0.007275,64.65154275,0.0051,45.322731,0.00345,30.6594945,0.003525,31.32600525,APAD
BKB-4078,24.92688545,88.71929128,ZZ,coal,Rajshahi,Bangladesh,operating,"8,886.81",0.007275,64.65154275,0.0051,45.322731,0.00345,30.6594945,0.003525,31.32600525,APAD
BKB-4079,25.74543147,88.93725177,ZZ,coal,Rangpur,Bangladesh,operating,"8,886.81",0.007275,64.65154275,0.0051,45.322731,0.00345,30.6594945,0.003525,31.32600525,APAD
BKB-4080,25.64025911,88.55681857,ZZ,coal,Rangpur,Bangladesh,operating,"8,886.81",0.007275,64.65154275,0.0051,45.322731,0.00345,30.6594945,0.003525,31.32600525,APAD
BKB-4081,24.9791529,89.37617097,ZZ,coal,Rajshahi,Bangladesh,operating,"8,886.81",0.007275,64.65154275,0.0051,45.322731,0.00345,30.6594945,0.003525,31.32600525,APAD
BKB-4082,24.97666908,89.37420373,ZZ,coal,Rajshahi,Bangladesh,operating,"8,886.81",0.007275,64.65154275,0.0051,45.322731,0.00345,30.6594945,0.003525,31.32600525,APAD
BKB-4083,24.72090833,89.3938494,ZZ,coal,Rajshahi,Bangladesh,operating,"8,886.81",0.007275,64.65154275,0.0051,45.322731,0.00345,30.6594945,0.003525,31.32600525,APAD
BKB-4084,24.71876727,89.39445678,ZZ,coal,Rajshahi,Bangladesh,operating,"8,886.81",0.007275,64.65154275,0.0051,45.322731,0.00345,30.6594945,0.003525,31.32600525,APAD
BKB-4085,25.01000805,89.83748759,ZZ,coal,Mymensingh,Bangladesh,operating,"8,886.81",0.007275,64.65154275,0.0051,45.322731,0.00345,30.6594945,0.003525,31.32600525,APAD
BKB-4086,24.77217848,89.91952883,ZZ,coal,Mymensingh,Bangladesh,operating,"8,886.81",0.007275,64.65154275,0.0051,45.322731,0.00345,30.6594945,0.003525,31.32600525,APAD
BKB-4087,25.3034998,89.43301673,ZZ,coal,Rangpur,Bangladesh,operating,"8,886.81",0.007275,64.65154275,0.0051,45.322731,0.00345,30.6594945,0.003525,31.32600525,APAD
BKB-4088,25.30222737,89.43266735,ZZ,coal,Rangpur,Bangladesh,operating,"8,886.81",0.007275,64.65154275,0.0051,45.322731,0.00345,30.6594945,0.003525,31.32600525,APAD
BKB-4089,25.50662994,88.93883533,ZZ,coal,Rangpur,Bangladesh,operating,"8,886.81",0.007275,64.65154275,0.0051,45.322731,0.00345,30.6594945,0.003525,31.32600525,APAD
BKB-4090,24.41751493,88.66433942,ZZ,coal,Rajshahi,Bangladesh,operating,"8,886.81",0.007275,64.65154275,0.0051,45.322731,0.00345,30.6594945,0.003525,31.32600525,APAD
BKB-4091,24.41558985,88.66315692,ZZ,coal,Rajshahi,Bangladesh,operating,"8,886.81",0.007275,64.65154275,0.0051,45.322731,0.00345,30.6594945,0.003525,31.32600525,APAD
BKB-4092,24.41558046,88.66299567,ZZ,coal,Rajshahi,Bangladesh,operating,"8,886.81",0.007275,64.65154275,0.0051,45.322731,0.00345,30.6594945,0.003525,31.32600525,APAD
BKB-4093,24.89402583,89.17392148,ZZ,coal,Rajshahi,Bangladesh,operating,"8,886.81",0.007275,64.65154275,0.0051,45.322731,0.00345,30.6594945,0.003525,31.32600525,APAD
BKB-4094,25.65267488,88.76774092,ZZ,coal,Rangpur,Bangladesh,operating,"8,886.81",0.007275,64.65154275,0.0051,45.322731,0.00345,30.6594945,0.003525,31.32600525,APAD
BKB-4095,25.8063446,88.88151732,ZZ,coal,Rangpur,Bangladesh,operating,"8,886.81",0.007275,64.65154275,0.0051,45.322731,0.00345,30.6594945,0.003525,31.32600525,APAD
BKB-4096,24.68357596,88.86287848,ZZ,coal,Rajshahi,Bangladesh,operating,"8,886.81",0.007275,64.65154275,0.0051,45.322731,0.00345,30.6594945,0.003525,31.32600525,APAD
BKB-4097,25.01781689,88.98337511,ZZ,coal,Rajshahi,Bangladesh,operating,"8,886.81",0.007275,64.65154275,0.0051,45.322731,0.00345,30.6594945,0.003525,31.32600525,APAD
BKB-4098,24.64204673,88.16967788,ZZ,coal,Rajshahi,Bangladesh,operating,"8,886.81",0.007275,64.65154275,0.0051,45.322731,0.00345,30.6594945,0.003525,31.32600525,APAD
BKB-4099,24.6386661,88.17284914,ZZ,coal,Rajshahi,Bangladesh,operating,"8,886.81",0.007275,64.65154275,0.0051,45.322731,0.00345,30.6594945,0.003525,31.32600525,APAD
BKB-4100,24.63942205,88.17112914,ZZ,coal,Rajshahi,Bangladesh,operating,"8,886.81",0.007275,64.65154275,0.0051,45.322731,0.00345,30.6594945,0.003525,31.32600525,APAD
BKB-4101,25.02849595,89.45420661,ZZ,coal,Rajshahi,Bangladesh,operating,"8,886.81",0.007275,64.65154275,0.0051,45.322731,0.00345,30.6594945,0.003525,31.32600525,APAD
BKB-4102,24.41724233,88.67119163,ZZ,coal,Rajshahi,Bangladesh,operating,"8,886.81",0.007275,64.65154275,0.0051,45.322731,0.00345,30.6594945,0.003525,31.32600525,APAD
BKB-4103,24.63541109,88.95721055,ZZ,coal,Rajshahi,Bangladesh,operating,"8,886.81",0.007275,64.65154275,0.0051,45.322731,0.00345,30.6594945,0.003525,31.32600525,APAD
BKB-4104,24.63135586,88.77530004,ZZ,coal,Rajshahi,Bangladesh,operating,"8,886.81",0.007275,64.65154275,0.0051,45.322731,0.00345,30.6594945,0.003525,31.32600525,APAD
BKB-4105,24.97259464,88.50616317,ZZ,coal,Rajshahi,Bangladesh,operating,"8,886.81",0.007275,64.65154275,0.0051,45.322731,0.00345,30.6594945,0.003525,31.32600525,APAD
BKB-4106,25.04607862,90.01741704,ZZ,coal,Mymensingh,Bangladesh,operating,"8,886.81",0.007275,64.65154275,0.0051,45.322731,0.00345,30.6594945,0.003525,31.32600525,APAD
BKB-4107,24.93639112,89.97882081,ZZ,coal,Mymensingh,Bangladesh,operating,"8,886.81",0.007275,64.65154275,0.0051,45.322731,0.00345,30.6594945,0.003525,31.32600525,APAD
BKB-4108,25.4471474,89.17862882,ZZ,coal,Rangpur,Bangladesh,operating,"8,886.81",0.007275,64.65154275,0.0051,45.322731,0.00345,30.6594945,0.003525,31.32600525,APAD
BKB-4109,24.74890125,89.86754561,ZZ,coal,Mymensingh,Bangladesh,operating,"8,886.81",0.007275,64.65154275,0.0051,45.322731,0.00345,30.6594945,0.003525,31.32600525,APAD
BKB-4110,24.74900924,89.86962574,ZZ,coal,Mymensingh,Bangladesh,operating,"8,886.81",0.007275,64.65154275,0.0051,45.322731,0.00345,30.6594945,0.003525,31.32600525,APAD
BKB-4111,24.89938213,89.79089254,ZZ,coal,Mymensingh,Bangladesh,operating,"8,886.81",0.007275,64.65154275,0.0051,45.322731,0.00345,30.6594945,0.003525,31.32600525,APAD
BKB-4112,24.53435633,88.84723728,ZZ,coal,Rajshahi,Bangladesh,operating,"8,886.81",0.007275,64.65154275,0.0051,45.322731,0.00345,30.6594945,0.003525,31.32600525,APAD
BKB-4113,25.09118028,89.86666646,ZZ,coal,Mymensingh,Bangladesh,operating,"8,886.81",0.007275,64.65154275,0.0051,45.322731,0.00345,30.6594945,0.003525,31.32600525,APAD
BKB-4114,24.87357475,89.38845595,ZZ,coal,Rajshahi,Bangladesh,operating,"8,886.81",0.007275,64.65154275,0.0051,45.322731,0.00345,30.6594945,0.003525,31.32600525,APAD
BKB-4115,24.86426999,89.96306119,ZZ,coal,Mymensingh,Bangladesh,operating,"8,886.81",0.007275,64.65154275,0.0051,45.322731,0.00345,30.6594945,0.003525,31.32600525,APAD
BKB-4116,24.86086119,89.96135732,ZZ,coal,Mymensingh,Bangladesh,operating,"8,886.81",0.007275,64.65154275,0.0051,45.322731,0.00345,30.6594945,0.003525,31.32600525,APAD
BKB-4117,24.95161957,89.40435154,ZZ,coal,Rajshahi,Bangladesh,operating,"8,886.81",0.007275,64.65154275,0.0051,45.322731,0.00345,30.6594945,0.003525,31.32600525,APAD
BKB-4118,25.37757704,89.12834883,ZZ,coal,Rangpur,Bangladesh,operating,"8,886.81",0.007275,64.65154275,0.0051,45.322731,0.00345,30.6594945,0.003525,31.32600525,APAD
BKB-4119,25.46384549,89.29265895,ZZ,coal,Rangpur,Bangladesh,operating,"8,886.81",0.007275,64.65154275,0.0051,45.322731,0.00345,30.6594945,0.003525,31.32600525,APAD
BKB-4120,24.84426233,88.90745066,ZZ,coal,Rajshahi,Bangladesh,operating,"8,886.81",0.007275,64.65154275,0.0051,45.322731,0.00345,30.6594945,0.003525,31.32600525,APAD
BKB-4121,25.66998447,89.18129086,ZZ,coal,Rangpur,Bangladesh,operating,"8,886.81",0.007275,64.65154275,0.0051,45.322731,0.00345,30.6594945,0.003525,31.32600525,APAD
BKB-4122,24.92283641,89.73226684,ZZ,coal,Mymensingh,Bangladesh,operating,"8,886.81",0.007275,64.65154275,0.0051,45.322731,0.00345,30.6594945,0.003525,31.32600525,APAD
BKB-4123,25.10871188,89.42826329,ZZ,coal,Rangpur,Bangladesh,operating,"8,886.81",0.007275,64.65154275,0.0051,45.322731,0.00345,30.6594945,0.003525,31.32600525,APAD
BKB-4124,24.6038794,88.90907117,ZZ,coal,Rajshahi,Bangladesh,operating,"8,886.81",0.007275,64.65154275,0.0051,45.322731,0.00345,30.6594945,0.003525,31.32600525,APAD
BKB-4125,24.94955149,89.42149398,ZZ,coal,Rajshahi,Bangladesh,operating,"8,886.81",0.007275,64.65154275,0.0051,45.322731,0.00345,30.6594945,0.003525,31.32600525,APAD
BKB-4126,24.55444034,88.22954015,ZZ,coal,Rajshahi,Bangladesh,operating,"8,886.81",0.007275,64.65154275,0.0051,45.322731,0.00345,30.6594945,0.003525,31.32600525,APAD
BKB-4127,24.87701006,88.58340097,ZZ,coal,Rajshahi,Bangladesh,operating,"8,886.81",0.007275,64.65154275,0.0051,45.322731,0.00345,30.6594945,0.003525,31.32600525,APAD
BKB-4128,25.59532644,89.64965872,ZZ,coal,Rangpur,Bangladesh,operating,"8,886.81",0.007275,64.65154275,0.0051,45.322731,0.00345,30.6594945,0.003525,31.32600525,APAD
BKB-4129,25.22982845,89.87894327,ZZ,coal,Mymensingh,Bangladesh,operating,"8,886.81",0.007275,64.65154275,0.0051,45.322731,0.00345,30.6594945,0.003525,31.32600525,APAD
BKB-4130,24.42780663,88.36790163,ZZ,coal,Rajshahi,Bangladesh,operating,"8,886.81",0.007275,64.65154275,0.0051,45.322731,0.00345,30.6594945,0.003525,31.32600525,APAD
BKB-4131,25.68976526,89.03119614,ZZ,coal,Rangpur,Bangladesh,operating,"8,886.81",0.007275,64.65154275,0.0051,45.322731,0.00345,30.6594945,0.003525,31.32600525,APAD
BKB-4132,24.77718535,89.54032376,ZZ,coal,Rajshahi,Bangladesh,operating,"8,886.81",0.007275,64.65154275,0.0051,45.322731,0.00345,30.6594945,0.003525,31.32600525,APAD
BKB-4133,25.29315448,89.39715414,ZZ,coal,Rangpur,Bangladesh,operating,"8,886.81",0.007275,64.65154275,0.0051,45.322731,0.00345,30.6594945,0.003525,31.32600525,APAD
BKB-4134,25.29537067,89.39975026,ZZ,coal,Rangpur,Bangladesh,operating,"8,886.81",0.007275,64.65154275,0.0051,45.322731,0.00345,30.6594945,0.003525,31.32600525,APAD
BKB-4135,25.75754364,89.25097924,ZZ,coal,Rangpur,Bangladesh,operating,"8,886.81",0.007275,64.65154275,0.0051,45.322731,0.00345,30.6594945,0.003525,31.32600525,APAD
BKB-4136,25.13345128,89.54177281,ZZ,coal,Rangpur,Bangladesh,operating,"8,886.81",0.007275,64.65154275,0.0051,45.322731,0.00345,30.6594945,0.003525,31.32600525,APAD
BKB-4137,25.21388338,89.41248925,ZZ,coal,Rangpur,Bangladesh,operating,"8,886.81",0.007275,64.65154275,0.0051,45.322731,0.00345,30.6594945,0.003525,31.32600525,APAD
BKB-4138,26.08297984,88.67183964,ZZ,coal,Rangpur,Bangladesh,operating,"8,886.81",0.007275,64.65154275,0.0051,45.322731,0.00345,30.6594945,0.003525,31.32600525,APAD
BKB-4139,26.08117684,88.66982939,ZZ,coal,Rangpur,Bangladesh,operating,"8,886.81",0.007275,64.65154275,0.0051,45.322731,0.00345,30.6594945,0.003525,31.32600525,APAD
BKB-4140,25.35237692,89.46017226,ZZ,coal,Rangpur,Bangladesh,operating,"8,886.81",0.007275,64.65154275,0.0051,45.322731,0.00345,30.6594945,0.003525,31.32600525,APAD
BKB-4141,25.4338987,89.81174328,ZZ,coal,Rangpur,Bangladesh,operating,"8,886.81",0.007275,64.65154275,0.0051,45.322731,0.00345,30.6594945,0.003525,31.32600525,APAD
BKB-4142,25.48989397,89.82042654,ZZ,coal,Rangpur,Bangladesh,operating,"8,886.81",0.007275,64.65154275,0.0051,45.322731,0.00345,30.6594945,0.003525,31.32600525,APAD
BKB-4143,25.49190826,89.82006641,ZZ,coal,Rangpur,Bangladesh,operating,"8,886.81",0.007275,64.65154275,0.0051,45.322731,0.00345,30.6594945,0.003525,31.32600525,APAD
BKB-4144,25.49274872,89.81907741,ZZ,coal,Rangpur,Bangladesh,operating,"8,886.81",0.007275,64.65154275,0.0051,45.322731,0.00345,30.6594945,0.003525,31.32600525,APAD
BKB-4145,25.64963906,89.25888868,ZZ,coal,Rangpur,Bangladesh,operating,"8,886.81",0.007275,64.65154275,0.0051,45.322731,0.00345,30.6594945,0.003525,31.32600525,APAD
BKB-4146,24.97845721,89.40608602,ZZ,coal,Rajshahi,Bangladesh,operating,"8,886.81",0.007275,64.65154275,0.0051,45.322731,0.00345,30.6594945,0.003525,31.32600525,APAD
BKB-4147,24.88764923,88.88852092,ZZ,coal,Rajshahi,Bangladesh,operating,"8,886.81",0.007275,64.65154275,0.0051,45.322731,0.00345,30.6594945,0.003525,31.32600525,APAD
BKB-4148,25.58121335,88.991214,ZZ,coal,Rangpur,Bangladesh,operating,"8,886.81",0.007275,64.65154275,0.0051,45.322731,0.00345,30.6594945,0.003525,31.32600525,APAD
BKB-4149,25.5813589,88.98944025,ZZ,coal,Rangpur,Bangladesh,operating,"8,886.81",0.007275,64.65154275,0.0051,45.322731,0.00345,30.6594945,0.003525,31.32600525,APAD
BKB-4150,25.58428878,88.99051525,ZZ,coal,Rangpur,Bangladesh,operating,"8,886.81",0.007275,64.65154275,0.0051,45.322731,0.00345,30.6594945,0.003525,31.32600525,APAD
BKB-4151,24.87778893,89.57354935,ZZ,coal,Rajshahi,Bangladesh,operating,"8,886.81",0.007275,64.65154275,0.0051,45.322731,0.00345,30.6594945,0.003525,31.32600525,APAD
BKB-4152,24.88655531,89.5599995,ZZ,coal,Rajshahi,Bangladesh,operating,"8,886.81",0.007275,64.65154275,0.0051,45.322731,0.00345,30.6594945,0.003525,31.32600525,APAD
BKB-4153,25.39825274,89.10645231,ZZ,coal,Rangpur,Bangladesh,operating,"8,886.81",0.007275,64.65154275,0.0051,45.322731,0.00345,30.6594945,0.003525,31.32600525,APAD
BKB-4154,25.39986792,89.10540957,ZZ,coal,Rangpur,Bangladesh,operating,"8,886.81",0.007275,64.65154275,0.0051,45.322731,0.00345,30.6594945,0.003525,31.32600525,APAD
BKB-4155,24.98418992,89.37131627,ZZ,coal,Rajshahi,Bangladesh,operating,"8,886.81",0.007275,64.65154275,0.0051,45.322731,0.00345,30.6594945,0.003525,31.32600525,APAD
BKB-4156,25.66683409,88.69565541,ZZ,coal,Rangpur,Bangladesh,operating,"8,886.81",0.007275,64.65154275,0.0051,45.322731,0.00345,30.6594945,0.003525,31.32600525,APAD
BKB-4157,25.11620134,89.75698184,ZZ,coal,Mymensingh,Bangladesh,operating,"8,886.81",0.007275,64.65154275,0.0051,45.322731,0.00345,30.6594945,0.003525,31.32600525,APAD
BKB-4158,24.96646992,89.85169344,ZZ,coal,Mymensingh,Bangladesh,operating,"8,886.81",0.007275,64.65154275,0.0051,45.322731,0.00345,30.6594945,0.003525,31.32600525,APAD
BKB-4159,24.96433356,89.85555806,ZZ,coal,Mymensingh,Bangladesh,operating,"8,886.81",0.007275,64.65154275,0.0051,45.322731,0.00345,30.6594945,0.003525,31.32600525,APAD
BKB-4160,24.70480637,88.80348217,ZZ,coal,Rajshahi,Bangladesh,operating,"8,886.81",0.007275,64.65154275,0.0051,45.322731,0.00345,30.6594945,0.003525,31.32600525,APAD
BKB-4161,24.99074597,90.16575694,ZZ,coal,Mymensingh,Bangladesh,operating,"8,886.81",0.007275,64.65154275,0.0051,45.322731,0.00345,30.6594945,0.003525,31.32600525,APAD
BKB-4162,24.99182589,90.16647181,ZZ,coal,Mymensingh,Bangladesh,operating,"8,886.81",0.007275,64.65154275,0.0051,45.322731,0.00345,30.6594945,0.003525,31.32600525,APAD
BKB-4163,24.73333497,88.9410394,ZZ,coal,Rajshahi,Bangladesh,operating,"8,886.81",0.007275,64.65154275,0.0051,45.322731,0.00345,30.6594945,0.003525,31.32600525,APAD
BKB-4164,24.7327058,88.94254977,ZZ,coal,Rajshahi,Bangladesh,operating,"8,886.81",0.007275,64.65154275,0.0051,45.322731,0.00345,30.6594945,0.003525,31.32600525,APAD
BKB-4165,24.73263067,88.93784127,ZZ,coal,Rajshahi,Bangladesh,operating,"8,886.81",0.007275,64.65154275,0.0051,45.322731,0.00345,30.6594945,0.003525,31.32600525,APAD
BKB-4166,25.6008275,88.82352622,ZZ,coal,Rangpur,Bangladesh,operating,"8,886.81",0.007275,64.65154275,0.0051,45.322731,0.00345,30.6594945,0.003525,31.32600525,APAD
BKB-4167,25.19522792,89.38967954,ZZ,coal,Rangpur,Bangladesh,operating,"8,886.81",0.007275,64.65154275,0.0051,45.322731,0.00345,30.6594945,0.003525,31.32600525,APAD
BKB-4168,25.11644913,89.39031271,ZZ,coal,Rangpur,Bangladesh,operating,"8,886.81",0.007275,64.65154275,0.0051,45.322731,0.00345,30.6594945,0.003525,31.32600525,APAD
BKB-4169,24.55226832,88.21338105,ZZ,coal,Rajshahi,Bangladesh,operating,"8,886.81",0.007275,64.65154275,0.0051,45.322731,0.00345,30.6594945,0.003525,31.32600525,APAD
BKB-4170,25.31998462,89.22135746,ZZ,coal,Rangpur,Bangladesh,operating,"8,886.81",0.007275,64.65154275,0.0051,45.322731,0.00345,30.6594945,0.003525,31.32600525,APAD
BKB-4171,24.97362313,89.42947155,ZZ,coal,Rajshahi,Bangladesh,operating,"8,886.81",0.007275,64.65154275,0.0051,45.322731,0.00345,30.6594945,0.003525,31.32600525,APAD
BKB-4172,24.88114326,89.96571909,ZZ,coal,Mymensingh,Bangladesh,operating,"8,886.81",0.007275,64.65154275,0.0051,45.322731,0.00345,30.6594945,0.003525,31.32600525,APAD
BKB-4173,25.02412228,89.30568872,ZZ,coal,Rajshahi,Bangladesh,operating,"8,886.81",0.007275,64.65154275,0.0051,45.322731,0.00345,30.6594945,0.003525,31.32600525,APAD
BKB-4174,25.02711319,89.30712922,ZZ,coal,Rajshahi,Bangladesh,operating,"8,886.81",0.007275,64.65154275,0.0051,45.322731,0.00345,30.6594945,0.003525,31.32600525,APAD
BKB-4175,25.01753607,89.30167348,ZZ,coal,Rajshahi,Bangladesh,operating,"8,886.81",0.007275,64.65154275,0.0051,45.322731,0.00345,30.6594945,0.003525,31.32600525,APAD
BKB-4176,25.73343441,89.1407512,ZZ,coal,Rangpur,Bangladesh,operating,"8,886.81",0.007275,64.65154275,0.0051,45.322731,0.00345,30.6594945,0.003525,31.32600525,APAD
BKB-4177,25.39554079,89.57269439,ZZ,coal,Rangpur,Bangladesh,operating,"8,886.81",0.007275,64.65154275,0.0051,45.322731,0.00345,30.6594945,0.003525,31.32600525,APAD
BKB-4178,24.62150341,88.74955418,ZZ,coal,Rajshahi,Bangladesh,operating,"8,886.81",0.007275,64.65154275,0.0051,45.322731,0.00345,30.6594945,0.003525,31.32600525,APAD
BKB-4179,24.80857263,88.67926754,ZZ,coal,Rajshahi,Bangladesh,operating,"8,886.81",0.007275,64.65154275,0.0051,45.322731,0.00345,30.6594945,0.003525,31.32600525,APAD
BKB-4180,25.94656377,88.26485734,ZZ,coal,Rangpur,Bangladesh,operating,"8,886.81",0.007275,64.65154275,0.0051,45.322731,0.00345,30.6594945,0.003525,31.32600525,APAD
BKB-4181,25.61075517,89.13316459,ZZ,coal,Rangpur,Bangladesh,operating,"8,886.81",0.007275,64.65154275,0.0051,45.322731,0.00345,30.6594945,0.003525,31.32600525,APAD
BKB-4182,25.56709313,89.42555748,ZZ,coal,Rangpur,Bangladesh,operating,"8,886.81",0.007275,64.65154275,0.0051,45.322731,0.00345,30.6594945,0.003525,31.32600525,APAD
BKB-4183,22.25121096,90.28931782,ZZ,coal,Barisal,Bangladesh,operating,"8,886.81",0.007275,64.65154275,0.0051,45.322731,0.00345,30.6594945,0.003525,31.32600525,APAD
BKB-4184,25.08520071,89.00242984,ZZ,coal,Rajshahi,Bangladesh,operating,"8,886.81",0.007275,64.65154275,0.0051,45.322731,0.00345,30.6594945,0.003525,31.32600525,APAD
BKB-4185,25.45719003,89.32185228,ZZ,coal,Rangpur,Bangladesh,operating,"8,886.81",0.007275,64.65154275,0.0051,45.322731,0.00345,30.6594945,0.003525,31.32600525,APAD
BKB-4186,24.91192126,88.76395532,ZZ,coal,Rajshahi,Bangladesh,operating,"8,886.81",0.007275,64.65154275,0.0051,45.322731,0.00345,30.6594945,0.003525,31.32600525,APAD
BKB-4187,24.91316552,88.76536357,ZZ,coal,Rajshahi,Bangladesh,operating,"8,886.81",0.007275,64.65154275,0.0051,45.322731,0.00345,30.6594945,0.003525,31.32600525,APAD
BKB-4188,25.06532162,89.99446097,ZZ,coal,Mymensingh,Bangladesh,operating,"8,886.81",0.007275,64.65154275,0.0051,45.322731,0.00345,30.6594945,0.003525,31.32600525,APAD
BKB-4189,25.02418279,89.42866039,ZZ,coal,Rajshahi,Bangladesh,operating,"8,886.81",0.007275,64.65154275,0.0051,45.322731,0.00345,30.6594945,0.003525,31.32600525,APAD
BKB-4190,25.66489672,88.79387144,ZZ,coal,Rangpur,Bangladesh,operating,"8,886.81",0.007275,64.65154275,0.0051,45.322731,0.00345,30.6594945,0.003525,31.32600525,APAD
BKB-4191,25.10144682,89.38365253,ZZ,coal,Rangpur,Bangladesh,operating,"8,886.81",0.007275,64.65154275,0.0051,45.322731,0.00345,30.6594945,0.003525,31.32600525,APAD
BKB-4192,25.1009726,89.38054578,ZZ,coal,Rangpur,Bangladesh,operating,"8,886.81",0.007275,64.65154275,0.0051,45.322731,0.00345,30.6594945,0.003525,31.32600525,APAD
BKB-4193,25.82074527,88.62564234,ZZ,coal,Rangpur,Bangladesh,operating,"8,886.81",0.007275,64.65154275,0.0051,45.322731,0.00345,30.6594945,0.003525,31.32600525,APAD
BKB-4194,25.90690045,89.66605114,ZZ,coal,Rangpur,Bangladesh,operating,"8,886.81",0.007275,64.65154275,0.0051,45.322731,0.00345,30.6594945,0.003525,31.32600525,APAD
BKB-4195,25.11534882,89.5518004,ZZ,coal,Rangpur,Bangladesh,operating,"8,886.81",0.007275,64.65154275,0.0051,45.322731,0.00345,30.6594945,0.003525,31.32600525,APAD
BKB-4196,25.59531183,89.6499552,ZZ,coal,Rangpur,Bangladesh,operating,"8,886.81",0.007275,64.65154275,0.0051,45.322731,0.00345,30.6594945,0.003525,31.32600525,APAD
BKB-4197,24.86596932,88.86576324,ZZ,coal,Rajshahi,Bangladesh,operating,"8,886.81",0.007275,64.65154275,0.0051,45.322731,0.00345,30.6594945,0.003525,31.32600525,APAD
BKB-4198,24.66542021,88.66611151,ZZ,coal,Rajshahi,Bangladesh,operating,"8,886.81",0.007275,64.65154275,0.0051,45.322731,0.00345,30.6594945,0.003525,31.32600525,APAD
BKB-4199,25.03466137,89.43801126,ZZ,coal,Rajshahi,Bangladesh,operating,"8,886.81",0.007275,64.65154275,0.0051,45.322731,0.00345,30.6594945,0.003525,31.32600525,APAD
BKB-4200,24.81919141,89.46430977,ZZ,coal,Rajshahi,Bangladesh,operating,"8,886.81",0.007275,64.65154275,0.0051,45.322731,0.00345,30.6594945,0.003525,31.32600525,APAD
BKB-4201,25.06233394,90.25166239,ZZ,coal,Mymensingh,Bangladesh,operating,"8,886.81",0.007275,64.65154275,0.0051,45.322731,0.00345,30.6594945,0.003525,31.32600525,APAD
BKB-4202,24.94683736,88.89893453,ZZ,coal,Rajshahi,Bangladesh,operating,"8,886.81",0.007275,64.65154275,0.0051,45.322731,0.00345,30.6594945,0.003525,31.32600525,APAD
BKB-4203,24.87653711,89.19195264,ZZ,coal,Rajshahi,Bangladesh,operating,"8,886.81",0.007275,64.65154275,0.0051,45.322731,0.00345,30.6594945,0.003525,31.32600525,APAD
BKB-4204,25.06901218,88.93283584,ZZ,coal,Rajshahi,Bangladesh,operating,"8,886.81",0.007275,64.65154275,0.0051,45.322731,0.00345,30.6594945,0.003525,31.32600525,APAD
BKB-4205,24.76695885,88.53213113,ZZ,coal,Rajshahi,Bangladesh,operating,"8,886.81",0.007275,64.65154275,0.0051,45.322731,0.00345,30.6594945,0.003525,31.32600525,APAD
BKB-4206,25.71806839,88.40284687,ZZ,coal,Rangpur,Bangladesh,operating,"8,886.81",0.007275,64.65154275,0.0051,45.322731,0.00345,30.6594945,0.003525,31.32600525,APAD
BKB-4207,25.2828131,89.81269184,ZZ,coal,Mymensingh,Bangladesh,operating,"8,886.81",0.007275,64.65154275,0.0051,45.322731,0.00345,30.6594945,0.003525,31.32600525,APAD
BKB-4208,25.61605214,89.00220299,ZZ,coal,Rangpur,Bangladesh,operating,"8,886.81",0.007275,64.65154275,0.0051,45.322731,0.00345,30.6594945,0.003525,31.32600525,APAD
BKB-4209,25.30080494,89.425659,ZZ,coal,Rangpur,Bangladesh,operating,"8,886.81",0.007275,64.65154275,0.0051,45.322731,0.00345,30.6594945,0.003525,31.32600525,APAD
BKB-4210,25.30105849,89.42356275,ZZ,coal,Rangpur,Bangladesh,operating,"8,886.81",0.007275,64.65154275,0.0051,45.322731,0.00345,30.6594945,0.003525,31.32600525,APAD
BKB-4211,24.67953477,88.88958609,ZZ,coal,Rajshahi,Bangladesh,operating,"8,886.81",0.007275,64.65154275,0.0051,45.322731,0.00345,30.6594945,0.003525,31.32600525,APAD
BKB-4212,24.93084811,89.95172505,ZZ,coal,Mymensingh,Bangladesh,operating,"8,886.81",0.007275,64.65154275,0.0051,45.322731,0.00345,30.6594945,0.003525,31.32600525,APAD
BKB-4213,24.89939437,88.92074992,ZZ,coal,Rajshahi,Bangladesh,operating,"8,886.81",0.007275,64.65154275,0.0051,45.322731,0.00345,30.6594945,0.003525,31.32600525,APAD
BKB-4214,24.83662243,89.45717883,ZZ,coal,Rajshahi,Bangladesh,operating,"8,886.81",0.007275,64.65154275,0.0051,45.322731,0.00345,30.6594945,0.003525,31.32600525,APAD
BKB-4215,25.76831954,89.63023563,ZZ,coal,Rangpur,Bangladesh,operating,"8,886.81",0.007275,64.65154275,0.0051,45.322731,0.00345,30.6594945,0.003525,31.32600525,APAD
BKB-4216,25.01340172,88.75191114,ZZ,coal,Rajshahi,Bangladesh,operating,"8,886.81",0.007275,64.65154275,0.0051,45.322731,0.00345,30.6594945,0.003525,31.32600525,APAD
BKB-4217,25.01083339,88.75262064,ZZ,coal,Rajshahi,Bangladesh,operating,"8,886.81",0.007275,64.65154275,0.0051,45.322731,0.00345,30.6594945,0.003525,31.32600525,APAD
BKB-4218,24.81720502,88.62932378,ZZ,coal,Rajshahi,Bangladesh,operating,"8,886.81",0.007275,64.65154275,0.0051,45.322731,0.00345,30.6594945,0.003525,31.32600525,APAD
BKB-4219,25.28410007,89.54559326,ZZ,coal,Rangpur,Bangladesh,operating,"8,886.81",0.007275,64.65154275,0.0051,45.322731,0.00345,30.6594945,0.003525,31.32600525,APAD
BKB-4220,24.76187576,88.69371274,ZZ,coal,Rajshahi,Bangladesh,operating,"8,886.81",0.007275,64.65154275,0.0051,45.322731,0.00345,30.6594945,0.003525,31.32600525,APAD
BKB-4221,24.76427506,88.69332574,ZZ,coal,Rajshahi,Bangladesh,operating,"8,886.81",0.007275,64.65154275,0.0051,45.322731,0.00345,30.6594945,0.003525,31.32600525,APAD
BKB-4222,25.08834182,88.99126822,ZZ,coal,Rajshahi,Bangladesh,operating,"8,886.81",0.007275,64.65154275,0.0051,45.322731,0.00345,30.6594945,0.003525,31.32600525,APAD
BKB-4223,25.14407734,88.92386663,ZZ,coal,Rajshahi,Bangladesh,operating,"8,886.81",0.007275,64.65154275,0.0051,45.322731,0.00345,30.6594945,0.003525,31.32600525,APAD
BKB-4224,25.61753925,89.64254558,ZZ,coal,Rangpur,Bangladesh,operating,"8,886.81",0.007275,64.65154275,0.0051,45.322731,0.00345,30.6594945,0.003525,31.32600525,APAD
BKB-4225,25.02659587,88.97966988,ZZ,coal,Rajshahi,Bangladesh,operating,"8,886.81",0.007275,64.65154275,0.0051,45.322731,0.00345,30.6594945,0.003525,31.32600525,APAD
BKB-4226,24.73774724,88.95253405,ZZ,coal,Rajshahi,Bangladesh,operating,"8,886.81",0.007275,64.65154275,0.0051,45.322731,0.00345,30.6594945,0.003525,31.32600525,APAD
BKB-4227,25.74762103,89.08190092,ZZ,coal,Rangpur,Bangladesh,operating,"8,886.81",0.007275,64.65154275,0.0051,45.322731,0.00345,30.6594945,0.003525,31.32600525,APAD
BKB-4228,25.74763981,89.08366929,ZZ,coal,Rangpur,Bangladesh,operating,"8,886.81",0.007275,64.65154275,0.0051,45.322731,0.00345,30.6594945,0.003525,31.32600525,APAD
BKB-4229,25.49240149,89.32981743,ZZ,coal,Rangpur,Bangladesh,operating,"8,886.81",0.007275,64.65154275,0.0051,45.322731,0.00345,30.6594945,0.003525,31.32600525,APAD
BKB-4230,24.94399888,88.69919312,ZZ,coal,Rajshahi,Bangladesh,operating,"8,886.81",0.007275,64.65154275,0.0051,45.322731,0.00345,30.6594945,0.003525,31.32600525,APAD
BKB-4231,25.27589848,89.39621616,ZZ,coal,Rangpur,Bangladesh,operating,"8,886.81",0.007275,64.65154275,0.0051,45.322731,0.00345,30.6594945,0.003525,31.32600525,APAD
BKB-4232,26.08222278,88.68668752,ZZ,coal,Rangpur,Bangladesh,operating,"8,886.81",0.007275,64.65154275,0.0051,45.322731,0.00345,30.6594945,0.003525,31.32600525,APAD
BKB-4233,25.24366929,89.55540548,ZZ,coal,Rangpur,Bangladesh,operating,"8,886.81",0.007275,64.65154275,0.0051,45.322731,0.00345,30.6594945,0.003525,31.32600525,APAD
BKB-4234,24.65547837,88.12125997,ZZ,coal,Rajshahi,Bangladesh,operating,"8,886.81",0.007275,64.65154275,0.0051,45.322731,0.00345,30.6594945,0.003525,31.32600525,APAD
BKB-4235,24.65485859,88.12610822,ZZ,coal,Rajshahi,Bangladesh,operating,"8,886.81",0.007275,64.65154275,0.0051,45.322731,0.00345,30.6594945,0.003525,31.32600525,APAD
BKB-4236,25.03023344,89.41757048,ZZ,coal,Rajshahi,Bangladesh,operating,"8,886.81",0.007275,64.65154275,0.0051,45.322731,0.00345,30.6594945,0.003525,31.32600525,APAD
BKB-4237,24.93816127,89.42294487,ZZ,coal,Rajshahi,Bangladesh,operating,"8,886.81",0.007275,64.65154275,0.0051,45.322731,0.00345,30.6594945,0.003525,31.32600525,APAD
BKB-4238,24.94729176,89.86144542,ZZ,coal,Mymensingh,Bangladesh,operating,"8,886.81",0.007275,64.65154275,0.0051,45.322731,0.00345,30.6594945,0.003525,31.32600525,APAD
BKB-4239,25.67796046,89.17355369,ZZ,coal,Rangpur,Bangladesh,operating,"8,886.81",0.007275,64.65154275,0.0051,45.322731,0.00345,30.6594945,0.003525,31.32600525,APAD
BKB-4240,24.62336702,88.24252254,ZZ,coal,Rajshahi,Bangladesh,operating,"8,886.81",0.007275,64.65154275,0.0051,45.322731,0.00345,30.6594945,0.003525,31.32600525,APAD
BKB-4241,25.80170052,89.20979041,ZZ,coal,Rangpur,Bangladesh,operating,"8,886.81",0.007275,64.65154275,0.0051,45.322731,0.00345,30.6594945,0.003525,31.32600525,APAD
BKB-4242,25.00587546,88.96058695,ZZ,coal,Rajshahi,Bangladesh,operating,"8,886.81",0.007275,64.65154275,0.0051,45.322731,0.00345,30.6594945,0.003525,31.32600525,APAD
BKB-4243,25.71838829,88.42216935,ZZ,coal,Rangpur,Bangladesh,operating,"8,886.81",0.007275,64.65154275,0.0051,45.322731,0.00345,30.6594945,0.003525,31.32600525,APAD
BKB-4244,24.83588321,89.00426074,ZZ,coal,Rajshahi,Bangladesh,operating,"8,886.81",0.007275,64.65154275,0.0051,45.322731,0.00345,30.6594945,0.003525,31.32600525,APAD
BKB-4245,25.07291571,88.73679047,ZZ,coal,Rajshahi,Bangladesh,operating,"8,886.81",0.007275,64.65154275,0.0051,45.322731,0.00345,30.6594945,0.003525,31.32600525,APAD
BKB-4246,25.02485709,88.89426309,ZZ,coal,Rajshahi,Bangladesh,operating,"8,886.81",0.007275,64.65154275,0.0051,45.322731,0.00345,30.6594945,0.003525,31.32600525,APAD
BKB-4247,25.06192432,89.04608718,ZZ,coal,Rajshahi,Bangladesh,operating,"8,886.81",0.007275,64.65154275,0.0051,45.322731,0.00345,30.6594945,0.003525,31.32600525,APAD
BKB-4248,25.78208078,89.30943697,ZZ,coal,Rangpur,Bangladesh,operating,"8,886.81",0.007275,64.65154275,0.0051,45.322731,0.00345,30.6594945,0.003525,31.32600525,APAD
BKB-4249,24.83879954,88.37129494,ZZ,coal,Rajshahi,Bangladesh,operating,"8,886.81",0.007275,64.65154275,0.0051,45.322731,0.00345,30.6594945,0.003525,31.32600525,APAD
BKB-4250,24.82236407,88.21557445,ZZ,coal,Rajshahi,Bangladesh,operating,"8,886.81",0.007275,64.65154275,0.0051,45.322731,0.00345,30.6594945,0.003525,31.32600525,APAD
BKB-4251,25.93967488,88.32017903,ZZ,coal,Rangpur,Bangladesh,operating,"8,886.81",0.007275,64.65154275,0.0051,45.322731,0.00345,30.6594945,0.003525,31.32600525,APAD
BKB-4252,25.73043958,88.66094403,ZZ,coal,Rangpur,Bangladesh,operating,"8,886.81",0.007275,64.65154275,0.0051,45.322731,0.00345,30.6594945,0.003525,31.32600525,APAD
BKB-4253,24.83516515,88.21645596,ZZ,coal,Rajshahi,Bangladesh,operating,"8,886.81",0.007275,64.65154275,0.0051,45.322731,0.00345,30.6594945,0.003525,31.32600525,APAD
BKB-4254,25.73437435,89.1074286,ZZ,coal,Rangpur,Bangladesh,operating,"8,886.81",0.007275,64.65154275,0.0051,45.322731,0.00345,30.6594945,0.003525,31.32600525,APAD
BKB-4255,25.61290669,89.42489215,ZZ,coal,Rangpur,Bangladesh,operating,"8,886.81",0.007275,64.65154275,0.0051,45.322731,0.00345,30.6594945,0.003525,31.32600525,APAD
BKB-4256,24.75260693,88.70210916,ZZ,coal,Rajshahi,Bangladesh,operating,"8,886.81",0.007275,64.65154275,0.0051,45.322731,0.00345,30.6594945,0.003525,31.32600525,APAD
BKB-4257,25.73560161,89.1234605,ZZ,coal,Rangpur,Bangladesh,operating,"8,886.81",0.007275,64.65154275,0.0051,45.322731,0.00345,30.6594945,0.003525,31.32600525,APAD
BKB-4258,26.09820899,88.65673682,ZZ,coal,Rangpur,Bangladesh,operating,"8,886.81",0.007275,64.65154275,0.0051,45.322731,0.00345,30.6594945,0.003525,31.32600525,APAD
BKB-4259,25.22369565,89.38872023,ZZ,coal,Rangpur,Bangladesh,operating,"8,886.81",0.007275,64.65154275,0.0051,45.322731,0.00345,30.6594945,0.003525,31.32600525,APAD
BKB-4260,24.88555503,89.20672999,ZZ,coal,Rajshahi,Bangladesh,operating,"8,886.81",0.007275,64.65154275,0.0051,45.322731,0.00345,30.6594945,0.003525,31.32600525,APAD
BKB-4261,24.75499701,88.68721697,ZZ,coal,Rajshahi,Bangladesh,operating,"8,886.81",0.007275,64.65154275,0.0051,45.322731,0.00345,30.6594945,0.003525,31.32600525,APAD
BKB-4262,25.87052625,88.59775828,ZZ,coal,Rangpur,Bangladesh,operating,"8,886.81",0.007275,64.65154275,0.0051,45.322731,0.00345,30.6594945,0.003525,31.32600525,APAD
BKB-4263,25.10627657,89.46215322,ZZ,coal,Rangpur,Bangladesh,operating,"8,886.81",0.007275,64.65154275,0.0051,45.322731,0.00345,30.6594945,0.003525,31.32600525,APAD
BKB-4264,25.05361076,89.39531277,ZZ,coal,Rajshahi,Bangladesh,operating,"8,886.81",0.007275,64.65154275,0.0051,45.322731,0.00345,30.6594945,0.003525,31.32600525,APAD
BKB-4265,24.67033534,88.11305878,ZZ,coal,Rajshahi,Bangladesh,operating,"8,886.81",0.007275,64.65154275,0.0051,45.322731,0.00345,30.6594945,0.003525,31.32600525,APAD
BKB-4266,26.17480612,88.85425419,ZZ,coal,Rangpur,Bangladesh,operating,"8,886.81",0.007275,64.65154275,0.0051,45.322731,0.00345,30.6594945,0.003525,31.32600525,APAD
BKB-4267,24.75960635,88.69461334,ZZ,coal,Rajshahi,Bangladesh,operating,"8,886.81",0.007275,64.65154275,0.0051,45.322731,0.00345,30.6594945,0.003525,31.32600525,APAD
BKB-4268,25.89059148,89.69041313,ZZ,coal,Rangpur,Bangladesh,operating,"8,886.81",0.007275,64.65154275,0.0051,45.322731,0.00345,30.6594945,0.003525,31.32600525,APAD
BKB-4269,25.30136836,89.38916402,ZZ,coal,Rangpur,Bangladesh,operating,"8,886.81",0.007275,64.65154275,0.0051,45.322731,0.00345,30.6594945,0.003525,31.32600525,APAD
BKB-4270,25.26530873,89.01453122,ZZ,coal,Rajshahi,Bangladesh,operating,"8,886.81",0.007275,64.65154275,0.0051,45.322731,0.00345,30.6594945,0.003525,31.32600525,APAD
BKB-4271,25.82955525,89.6476123,ZZ,coal,Rangpur,Bangladesh,operating,"8,886.81",0.007275,64.65154275,0.0051,45.322731,0.00345,30.6594945,0.003525,31.32600525,APAD
BKB-4272,25.15759676,89.42269651,ZZ,coal,Rangpur,Bangladesh,operating,"8,886.81",0.007275,64.65154275,0.0051,45.322731,0.00345,30.6594945,0.003525,31.32600525,APAD
BKB-4273,24.95274741,88.89883118,ZZ,coal,Rajshahi,Bangladesh,operating,"8,886.81",0.007275,64.65154275,0.0051,45.322731,0.00345,30.6594945,0.003525,31.32600525,APAD
BKB-4274,24.82513628,88.98449615,ZZ,coal,Rajshahi,Bangladesh,operating,"8,886.81",0.007275,64.65154275,0.0051,45.322731,0.00345,30.6594945,0.003525,31.32600525,APAD
BKB-4275,25.15926419,89.39099339,ZZ,coal,Rangpur,Bangladesh,operating,"8,886.81",0.007275,64.65154275,0.0051,45.322731,0.00345,30.6594945,0.003525,31.32600525,APAD
BKB-4276,25.26080996,89.02134972,ZZ,coal,Rajshahi,Bangladesh,operating,"8,886.81",0.007275,64.65154275,0.0051,45.322731,0.00345,30.6594945,0.003525,31.32600525,APAD
BKB-4277,25.07980422,89.39975463,ZZ,coal,Rangpur,Bangladesh,operating,"8,886.81",0.007275,64.65154275,0.0051,45.322731,0.00345,30.6594945,0.003525,31.32600525,APAD
BKB-4278,25.28902067,89.54995552,ZZ,coal,Rangpur,Bangladesh,operating,"8,886.81",0.007275,64.65154275,0.0051,45.322731,0.00345,30.6594945,0.003525,31.32600525,APAD
BKB-4279,24.91282029,88.73001315,ZZ,coal,Rajshahi,Bangladesh,operating,"8,886.81",0.007275,64.65154275,0.0051,45.322731,0.00345,30.6594945,0.003525,31.32600525,APAD
BKB-4280,25.25008521,89.0096423,ZZ,coal,Rajshahi,Bangladesh,operating,"8,886.81",0.007275,64.65154275,0.0051,45.322731,0.00345,30.6594945,0.003525,31.32600525,APAD
BKB-4281,25.09110709,89.37822703,ZZ,coal,Rangpur,Bangladesh,operating,"8,886.81",0.007275,64.65154275,0.0051,45.322731,0.00345,30.6594945,0.003525,31.32600525,APAD
BKB-4282,25.09399001,89.37907091,ZZ,coal,Rangpur,Bangladesh,operating,"8,886.81",0.007275,64.65154275,0.0051,45.322731,0.00345,30.6594945,0.003525,31.32600525,APAD
BKB-4283,24.8415598,88.38970954,ZZ,coal,Rajshahi,Bangladesh,operating,"8,886.81",0.007275,64.65154275,0.0051,45.322731,0.00345,30.6594945,0.003525,31.32600525,APAD
BKB-4284,25.2412327,89.30668378,ZZ,coal,Rangpur,Bangladesh,operating,"8,886.81",0.007275,64.65154275,0.0051,45.322731,0.00345,30.6594945,0.003525,31.32600525,APAD
BKB-4285,25.60525977,89.25247445,ZZ,coal,Rangpur,Bangladesh,operating,"8,886.81",0.007275,64.65154275,0.0051,45.322731,0.00345,30.6594945,0.003525,31.32600525,APAD
BKB-4286,24.98360728,89.40938141,ZZ,coal,Rajshahi,Bangladesh,operating,"8,886.81",0.007275,64.65154275,0.0051,45.322731,0.00345,30.6594945,0.003525,31.32600525,APAD
BKB-4287,24.94855549,89.03320161,ZZ,coal,Rajshahi,Bangladesh,operating,"8,886.81",0.007275,64.65154275,0.0051,45.322731,0.00345,30.6594945,0.003525,31.32600525,APAD
BKB-4288,25.77921733,88.9351117,ZZ,coal,Rangpur,Bangladesh,operating,"8,886.81",0.007275,64.65154275,0.0051,45.322731,0.00345,30.6594945,0.003525,31.32600525,APAD
BKB-4289,25.13835039,89.02448107,ZZ,coal,Rajshahi,Bangladesh,operating,"8,886.81",0.007275,64.65154275,0.0051,45.322731,0.00345,30.6594945,0.003525,31.32600525,APAD
BKB-4290,25.05348626,88.73958885,ZZ,coal,Rajshahi,Bangladesh,operating,"8,886.81",0.007275,64.65154275,0.0051,45.322731,0.00345,30.6594945,0.003525,31.32600525,APAD
BKB-4291,25.06592063,88.72613562,ZZ,coal,Rajshahi,Bangladesh,operating,"8,886.81",0.007275,64.65154275,0.0051,45.322731,0.00345,30.6594945,0.003525,31.32600525,APAD
BKB-4292,25.76065976,89.33817737,ZZ,coal,Rangpur,Bangladesh,operating,"8,886.81",0.007275,64.65154275,0.0051,45.322731,0.00345,30.6594945,0.003525,31.32600525,APAD
BKB-4293,25.08531179,89.51800826,ZZ,coal,Rangpur,Bangladesh,operating,"8,886.81",0.007275,64.65154275,0.0051,45.322731,0.00345,30.6594945,0.003525,31.32600525,APAD
BKB-4294,25.11643156,88.95505363,ZZ,coal,Rajshahi,Bangladesh,operating,"8,886.81",0.007275,64.65154275,0.0051,45.322731,0.00345,30.6594945,0.003525,31.32600525,APAD
BKB-4295,25.03355523,89.29777177,ZZ,coal,Rajshahi,Bangladesh,operating,"8,886.81",0.007275,64.65154275,0.0051,45.322731,0.00345,30.6594945,0.003525,31.32600525,APAD
BKB-4296,24.89036961,88.90665788,ZZ,coal,Rajshahi,Bangladesh,operating,"8,886.81",0.007275,64.65154275,0.0051,45.322731,0.00345,30.6594945,0.003525,31.32600525,APAD
BKB-4297,25.36852636,88.99656503,ZZ,coal,Rangpur,Bangladesh,operating,"8,886.81",0.007275,64.65154275,0.0051,45.322731,0.00345,30.6594945,0.003525,31.32600525,APAD
BKB-4298,24.9945127,89.36615903,ZZ,coal,Rajshahi,Bangladesh,operating,"8,886.81",0.007275,64.65154275,0.0051,45.322731,0.00345,30.6594945,0.003525,31.32600525,APAD
BKB-4299,25.38726482,89.12235408,ZZ,coal,Rangpur,Bangladesh,operating,"8,886.81",0.007275,64.65154275,0.0051,45.322731,0.00345,30.6594945,0.003525,31.32600525,APAD
BKB-4300,25.16022996,89.38759941,ZZ,coal,Rangpur,Bangladesh,operating,"8,886.81",0.007275,64.65154275,0.0051,45.322731,0.00345,30.6594945,0.003525,31.32600525,APAD
BKB-4301,25.36728725,88.98536598,ZZ,coal,Rangpur,Bangladesh,operating,"8,886.81",0.007275,64.65154275,0.0051,45.322731,0.00345,30.6594945,0.003525,31.32600525,APAD
BKB-4302,24.99832152,88.96278969,ZZ,coal,Rajshahi,Bangladesh,operating,"8,886.81",0.007275,64.65154275,0.0051,45.322731,0.00345,30.6594945,0.003525,31.32600525,APAD
BKB-4303,24.8967273,88.88902948,ZZ,coal,Rajshahi,Bangladesh,operating,"8,886.81",0.007275,64.65154275,0.0051,45.322731,0.00345,30.6594945,0.003525,31.32600525,APAD
BKB-4304,26.06831092,89.24811678,ZZ,coal,Rangpur,Bangladesh,operating,"8,886.81",0.007275,64.65154275,0.0051,45.322731,0.00345,30.6594945,0.003525,31.32600525,APAD
BKB-4305,25.32226366,89.21749843,ZZ,coal,Rangpur,Bangladesh,operating,"8,886.81",0.007275,64.65154275,0.0051,45.322731,0.00345,30.6594945,0.003525,31.32600525,APAD
BKB-4306,25.0261688,89.29752969,ZZ,coal,Rajshahi,Bangladesh,operating,"8,886.81",0.007275,64.65154275,0.0051,45.322731,0.00345,30.6594945,0.003525,31.32600525,APAD
BKB-4307,25.335108,89.77054036,ZZ,coal,Mymensingh,Bangladesh,operating,"8,886.81",0.007275,64.65154275,0.0051,45.322731,0.00345,30.6594945,0.003525,31.32600525,APAD
BKB-4308,24.91247898,88.73478958,ZZ,coal,Rajshahi,Bangladesh,operating,"8,886.81",0.007275,64.65154275,0.0051,45.322731,0.00345,30.6594945,0.003525,31.32600525,APAD
BKB-4309,25.62725345,89.85263697,ZZ,coal,Rangpur,Bangladesh,operating,"8,886.81",0.007275,64.65154275,0.0051,45.322731,0.00345,30.6594945,0.003525,31.32600525,APAD
BKB-4310,25.15243411,89.58860798,ZZ,coal,Rangpur,Bangladesh,operating,"8,886.81",0.007275,64.65154275,0.0051,45.322731,0.00345,30.6594945,0.003525,31.32600525,APAD
BKB-4311,25.08313745,89.75115334,ZZ,coal,Mymensingh,Bangladesh,operating,"8,886.81",0.007275,64.65154275,0.0051,45.322731,0.00345,30.6594945,0.003525,31.32600525,APAD
BKB-4312,25.08340977,89.74823471,ZZ,coal,Mymensingh,Bangladesh,operating,"8,886.81",0.007275,64.65154275,0.0051,45.322731,0.00345,30.6594945,0.003525,31.32600525,APAD
BKB-4313,25.30269167,89.43575748,ZZ,coal,Rangpur,Bangladesh,operating,"8,886.81",0.007275,64.65154275,0.0051,45.322731,0.00345,30.6594945,0.003525,31.32600525,APAD
BKB-4314,25.17197644,89.75115908,ZZ,coal,Mymensingh,Bangladesh,operating,"8,886.81",0.007275,64.65154275,0.0051,45.322731,0.00345,30.6594945,0.003525,31.32600525,APAD
BKB-4315,25.62664984,88.77318686,ZZ,coal,Rangpur,Bangladesh,operating,"8,886.81",0.007275,64.65154275,0.0051,45.322731,0.00345,30.6594945,0.003525,31.32600525,APAD
BKB-4316,25.90815707,88.82265486,ZZ,coal,Rangpur,Bangladesh,operating,"8,886.81",0.007275,64.65154275,0.0051,45.322731,0.00345,30.6594945,0.003525,31.32600525,APAD
BKB-4317,25.26036117,89.0111686,ZZ,coal,Rajshahi,Bangladesh,operating,"8,886.81",0.007275,64.65154275,0.0051,45.322731,0.00345,30.6594945,0.003525,31.32600525,APAD
BKB-4318,25.27995324,89.04124006,ZZ,coal,Rangpur,Bangladesh,operating,"8,886.81",0.007275,64.65154275,0.0051,45.322731,0.00345,30.6594945,0.003525,31.32600525,APAD
BKB-4319,25.90429734,88.64457497,ZZ,coal,Rangpur,Bangladesh,operating,"8,886.81",0.007275,64.65154275,0.0051,45.322731,0.00345,30.6594945,0.003525,31.32600525,APAD
BKB-4320,25.61637454,89.1340042,ZZ,coal,Rangpur,Bangladesh,operating,"8,886.81",0.007275,64.65154275,0.0051,45.322731,0.00345,30.6594945,0.003525,31.32600525,APAD
BKB-4321,25.13026071,88.83811448,ZZ,coal,Rajshahi,Bangladesh,operating,"8,886.81",0.007275,64.65154275,0.0051,45.322731,0.00345,30.6594945,0.003525,31.32600525,APAD
BKB-4322,22.12207871,90.68230393,ZZ,coal,Barisal,Bangladesh,operating,"8,886.81",0.007275,64.65154275,0.0051,45.322731,0.00345,30.6594945,0.003525,31.32600525,APAD
BKB-4323,25.12597287,89.01225082,ZZ,coal,Rajshahi,Bangladesh,operating,"8,886.81",0.007275,64.65154275,0.0051,45.322731,0.00345,30.6594945,0.003525,31.32600525,APAD
BKB-4324,25.00243782,88.93822203,ZZ,coal,Rajshahi,Bangladesh,operating,"8,886.81",0.007275,64.65154275,0.0051,45.322731,0.00345,30.6594945,0.003525,31.32600525,APAD
BKB-4325,25.05081159,88.9806346,ZZ,coal,Rajshahi,Bangladesh,operating,"8,886.81",0.007275,64.65154275,0.0051,45.322731,0.00345,30.6594945,0.003525,31.32600525,APAD
BKB-4326,24.90521561,88.25695692,ZZ,coal,Rajshahi,Bangladesh,operating,"8,886.81",0.007275,64.65154275,0.0051,45.322731,0.00345,30.6594945,0.003525,31.32600525,APAD
BKB-4327,25.15524406,89.04794333,ZZ,coal,Rajshahi,Bangladesh,operating,"8,886.81",0.007275,64.65154275,0.0051,45.322731,0.00345,30.6594945,0.003525,31.32600525,APAD
BKB-4328,25.58470978,89.49624338,ZZ,coal,Rangpur,Bangladesh,operating,"8,886.81",0.007275,64.65154275,0.0051,45.322731,0.00345,30.6594945,0.003525,31.32600525,APAD
BKB-4329,25.87592135,88.74421453,ZZ,coal,Rangpur,Bangladesh,operating,"8,886.81",0.007275,64.65154275,0.0051,45.322731,0.00345,30.6594945,0.003525,31.32600525,APAD
BKB-4330,22.43845977,90.73321264,ZZ,coal,Barisal,Bangladesh,operating,"8,886.81",0.007275,64.65154275,0.0051,45.322731,0.00345,30.6594945,0.003525,31.32600525,APAD
BKB-4331,25.16432442,89.04295271,ZZ,coal,Rajshahi,Bangladesh,operating,"8,886.81",0.007275,64.65154275,0.0051,45.322731,0.00345,30.6594945,0.003525,31.32600525,APAD
BKB-4332,25.68831363,88.7698494,ZZ,coal,Rangpur,Bangladesh,operating,"8,886.81",0.007275,64.65154275,0.0051,45.322731,0.00345,30.6594945,0.003525,31.32600525,APAD
BKB-4333,26.04412745,88.65530589,ZZ,coal,Rangpur,Bangladesh,operating,"8,886.81",0.007275,64.65154275,0.0051,45.322731,0.00345,30.6594945,0.003525,31.32600525,APAD
BKB-4334,25.47574098,89.16893583,ZZ,coal,Rangpur,Bangladesh,operating,"8,886.81",0.007275,64.65154275,0.0051,45.322731,0.00345,30.6594945,0.003525,31.32600525,APAD
BKB-4335,26.03079806,89.19209709,ZZ,coal,Rangpur,Bangladesh,operating,"8,886.81",0.007275,64.65154275,0.0051,45.322731,0.00345,30.6594945,0.003525,31.32600525,APAD
BKB-4336,25.69116533,89.06935529,ZZ,coal,Rangpur,Bangladesh,operating,"8,886.81",0.007275,64.65154275,0.0051,45.322731,0.00345,30.6594945,0.003525,31.32600525,APAD
BKB-4337,25.69373366,89.07332204,ZZ,coal,Rangpur,Bangladesh,operating,"8,886.81",0.007275,64.65154275,0.0051,45.322731,0.00345,30.6594945,0.003525,31.32600525,APAD
BKB-4338,25.30828452,89.55068536,ZZ,coal,Rangpur,Bangladesh,operating,"8,886.81",0.007275,64.65154275,0.0051,45.322731,0.00345,30.6594945,0.003525,31.32600525,APAD
BKB-4339,25.15547968,89.38766655,ZZ,coal,Rangpur,Bangladesh,operating,"8,886.81",0.007275,64.65154275,0.0051,45.322731,0.00345,30.6594945,0.003525,31.32600525,APAD
BKB-4340,25.93303304,88.3988686,ZZ,coal,Rangpur,Bangladesh,operating,"8,886.81",0.007275,64.65154275,0.0051,45.322731,0.00345,30.6594945,0.003525,31.32600525,APAD
BKB-4341,25.29216262,89.39081844,ZZ,coal,Rangpur,Bangladesh,operating,"8,886.81",0.007275,64.65154275,0.0051,45.322731,0.00345,30.6594945,0.003525,31.32600525,APAD
BKB-4342,25.65185207,89.21405591,ZZ,coal,Rangpur,Bangladesh,operating,"8,886.81",0.007275,64.65154275,0.0051,45.322731,0.00345,30.6594945,0.003525,31.32600525,APAD
BKB-4343,25.2338166,89.37252233,ZZ,coal,Rangpur,Bangladesh,operating,"8,886.81",0.007275,64.65154275,0.0051,45.322731,0.00345,30.6594945,0.003525,31.32600525,APAD
BKB-4344,25.2443916,89.48750139,ZZ,coal,Rangpur,Bangladesh,operating,"8,886.81",0.007275,64.65154275,0.0051,45.322731,0.00345,30.6594945,0.003525,31.32600525,APAD
BKB-4345,25.66449793,88.86690812,ZZ,coal,Rangpur,Bangladesh,operating,"8,886.81",0.007275,64.65154275,0.0051,45.322731,0.00345,30.6594945,0.003525,31.32600525,APAD
BKB-4346,25.6130665,89.41746479,ZZ,coal,Rangpur,Bangladesh,operating,"8,886.81",0.007275,64.65154275,0.0051,45.322731,0.00345,30.6594945,0.003525,31.32600525,APAD
BKB-4347,25.66024191,88.79889617,ZZ,coal,Rangpur,Bangladesh,operating,"8,886.81",0.007275,64.65154275,0.0051,45.322731,0.00345,30.6594945,0.003525,31.32600525,APAD
BKB-4348,25.76402396,89.3764085,ZZ,coal,Rangpur,Bangladesh,operating,"8,886.81",0.007275,64.65154275,0.0051,45.322731,0.00345,30.6594945,0.003525,31.32600525,APAD
BKB-4349,25.25845046,89.35936603,ZZ,coal,Rangpur,Bangladesh,operating,"8,886.81",0.007275,64.65154275,0.0051,45.322731,0.00345,30.6594945,0.003525,31.32600525,APAD
BKB-4350,25.59996771,89.46674297,ZZ,coal,Rangpur,Bangladesh,operating,"8,886.81",0.007275,64.65154275,0.0051,45.322731,0.00345,30.6594945,0.003525,31.32600525,APAD
BKB-4351,25.30874468,89.36956568,ZZ,coal,Rangpur,Bangladesh,operating,"8,886.81",0.007275,64.65154275,0.0051,45.322731,0.00345,30.6594945,0.003525,31.32600525,APAD
BKB-4352,25.30529363,89.36412081,ZZ,coal,Rangpur,Bangladesh,operating,"8,886.81",0.007275,64.65154275,0.0051,45.322731,0.00345,30.6594945,0.003525,31.32600525,APAD
BKB-4353,24.92092441,88.22829751,ZZ,coal,Rajshahi,Bangladesh,operating,"8,886.81",0.007275,64.65154275,0.0051,45.322731,0.00345,30.6594945,0.003525,31.32600525,APAD
BKB-4354,25.46388835,88.98725794,ZZ,coal,Rangpur,Bangladesh,operating,"8,886.81",0.007275,64.65154275,0.0051,45.322731,0.00345,30.6594945,0.003525,31.32600525,APAD
BKB-4355,25.27121248,89.24282908,ZZ,coal,Rangpur,Bangladesh,operating,"8,886.81",0.007275,64.65154275,0.0051,45.322731,0.00345,30.6594945,0.003525,31.32600525,APAD
BKB-4356,25.63669701,88.83368712,ZZ,coal,Rangpur,Bangladesh,operating,"8,886.81",0.007275,64.65154275,0.0051,45.322731,0.00345,30.6594945,0.003525,31.32600525,APAD
BKB-4357,25.24942349,89.3180619,ZZ,coal,Rangpur,Bangladesh,operating,"8,886.81",0.007275,64.65154275,0.0051,45.322731,0.00345,30.6594945,0.003525,31.32600525,APAD
BKB-4358,25.14827186,89.04379092,ZZ,coal,Rajshahi,Bangladesh,operating,"8,886.81",0.007275,64.65154275,0.0051,45.322731,0.00345,30.6594945,0.003525,31.32600525,APAD
BKB-4359,25.10708273,88.9124088,ZZ,coal,Rajshahi,Bangladesh,operating,"8,886.81",0.007275,64.65154275,0.0051,45.322731,0.00345,30.6594945,0.003525,31.32600525,APAD
BKB-4360,25.57884941,88.85793145,ZZ,coal,Rangpur,Bangladesh,operating,"8,886.81",0.007275,64.65154275,0.0051,45.322731,0.00345,30.6594945,0.003525,31.32600525,APAD
BKB-4361,26.18669037,88.66382234,ZZ,coal,Rangpur,Bangladesh,operating,"8,886.81",0.007275,64.65154275,0.0051,45.322731,0.00345,30.6594945,0.003525,31.32600525,APAD
BKB-4362,25.62936071,88.89172764,ZZ,coal,Rangpur,Bangladesh,operating,"8,886.81",0.007275,64.65154275,0.0051,45.322731,0.00345,30.6594945,0.003525,31.32600525,APAD
BKB-4363,25.60809898,89.31516448,ZZ,coal,Rangpur,Bangladesh,operating,"8,886.81",0.007275,64.65154275,0.0051,45.322731,0.00345,30.6594945,0.003525,31.32600525,APAD
BKB-4364,25.6378478,89.39228215,ZZ,coal,Rangpur,Bangladesh,operating,"8,886.81",0.007275,64.65154275,0.0051,45.322731,0.00345,30.6594945,0.003525,31.32600525,APAD
BKB-4365,25.88843296,88.33228739,ZZ,coal,Rangpur,Bangladesh,operating,"8,886.81",0.007275,64.65154275,0.0051,45.322731,0.00345,30.6594945,0.003525,31.32600525,APAD
BKB-4366,25.6204172,89.6372866,ZZ,coal,Rangpur,Bangladesh,operating,"8,886.81",0.007275,64.65154275,0.0051,45.322731,0.00345,30.6594945,0.003525,31.32600525,APAD
BKB-4367,25.8028039,88.96911167,ZZ,coal,Rangpur,Bangladesh,operating,"8,886.81",0.007275,64.65154275,0.0051,45.322731,0.00345,30.6594945,0.003525,31.32600525,APAD
BKB-4368,25.80469141,88.97321279,ZZ,coal,Rangpur,Bangladesh,operating,"8,886.81",0.007275,64.65154275,0.0051,45.322731,0.00345,30.6594945,0.003525,31.32600525,APAD
BKB-4369,25.13431946,88.91644002,ZZ,coal,Rajshahi,Bangladesh,operating,"8,886.81",0.007275,64.65154275,0.0051,45.322731,0.00345,30.6594945,0.003525,31.32600525,APAD
BKB-4370,25.07497451,89.04494926,ZZ,coal,Rajshahi,Bangladesh,operating,"8,886.81",0.007275,64.65154275,0.0051,45.322731,0.00345,30.6594945,0.003525,31.32600525,APAD
BKB-4371,25.70168581,88.45553118,ZZ,coal,Rangpur,Bangladesh,operating,"8,886.81",0.007275,64.65154275,0.0051,45.322731,0.00345,30.6594945,0.003525,31.32600525,APAD
BKB-4372,25.98040937,89.26545355,ZZ,coal,Rangpur,Bangladesh,operating,"8,886.81",0.007275,64.65154275,0.0051,45.322731,0.00345,30.6594945,0.003525,31.32600525,APAD
BKB-4373,22.10305257,90.7205903,ZZ,coal,Barisal,Bangladesh,operating,"8,886.81",0.007275,64.65154275,0.0051,45.322731,0.00345,30.6594945,0.003525,31.32600525,APAD
BKB-4374,25.2160838,89.29706232,ZZ,coal,Rangpur,Bangladesh,operating,"8,886.81",0.007275,64.65154275,0.0051,45.322731,0.00345,30.6594945,0.003525,31.32600525,APAD
BKB-4375,25.13165071,89.02430162,ZZ,coal,Rajshahi,Bangladesh,operating,"8,886.81",0.007275,64.65154275,0.0051,45.322731,0.00345,30.6594945,0.003525,31.32600525,APAD
BKB-4376,25.13058957,89.02249562,ZZ,coal,Rajshahi,Bangladesh,operating,"8,886.81",0.007275,64.65154275,0.0051,45.322731,0.00345,30.6594945,0.003525,31.32600525,APAD
BKB-4377,25.6668656,88.96446396,ZZ,coal,Rangpur,Bangladesh,operating,"8,886.81",0.007275,64.65154275,0.0051,45.322731,0.00345,30.6594945,0.003525,31.32600525,APAD
BKB-4378,25.75311451,89.15150883,ZZ,coal,Rangpur,Bangladesh,operating,"8,886.81",0.007275,64.65154275,0.0051,45.322731,0.00345,30.6594945,0.003525,31.32600525,APAD
BKB-4379,25.46392799,89.81916632,ZZ,coal,Rangpur,Bangladesh,operating,"8,886.81",0.007275,64.65154275,0.0051,45.322731,0.00345,30.6594945,0.003525,31.32600525,APAD
BKB-4380,25.31390137,89.34267078,ZZ,coal,Rangpur,Bangladesh,operating,"8,886.81",0.007275,64.65154275,0.0051,45.322731,0.00345,30.6594945,0.003525,31.32600525,APAD
BKB-4381,22.16377581,90.0813889,ZZ,coal,Barisal,Bangladesh,operating,"8,886.81",0.007275,64.65154275,0.0051,45.322731,0.00345,30.6594945,0.003525,31.32600525,APAD
BKB-4382,22.16278979,90.0819049,ZZ,coal,Barisal,Bangladesh,operating,"8,886.81",0.007275,64.65154275,0.0051,45.322731,0.00345,30.6594945,0.003525,31.32600525,APAD
BKB-4383,25.92399101,88.72081015,ZZ,coal,Rangpur,Bangladesh,operating,"8,886.81",0.007275,64.65154275,0.0051,45.322731,0.00345,30.6594945,0.003525,31.32600525,APAD
BKB-4384,25.71660979,89.05687226,ZZ,coal,Rangpur,Bangladesh,operating,"8,886.81",0.007275,64.65154275,0.0051,45.322731,0.00345,30.6594945,0.003525,31.32600525,APAD
BKB-4385,25.23489138,89.41253135,ZZ,coal,Rangpur,Bangladesh,operating,"8,886.81",0.007275,64.65154275,0.0051,45.322731,0.00345,30.6594945,0.003525,31.32600525,APAD
BKB-4386,25.74523495,89.65445688,ZZ,coal,Rangpur,Bangladesh,operating,"8,886.81",0.007275,64.65154275,0.0051,45.322731,0.00345,30.6594945,0.003525,31.32600525,APAD
BKB-4387,25.25760965,89.27466688,ZZ,coal,Rangpur,Bangladesh,operating,"8,886.81",0.007275,64.65154275,0.0051,45.322731,0.00345,30.6594945,0.003525,31.32600525,APAD
BKB-4388,25.86847342,88.225743,ZZ,coal,Rangpur,Bangladesh,operating,"8,886.81",0.007275,64.65154275,0.0051,45.322731,0.00345,30.6594945,0.003525,31.32600525,APAD
BKB-4389,25.57497478,89.39518492,ZZ,coal,Rangpur,Bangladesh,operating,"8,886.81",0.007275,64.65154275,0.0051,45.322731,0.00345,30.6594945,0.003525,31.32600525,APAD
BKB-4390,25.4687486,89.25834587,ZZ,coal,Rangpur,Bangladesh,operating,"8,886.81",0.007275,64.65154275,0.0051,45.322731,0.00345,30.6594945,0.003525,31.32600525,APAD
BKB-4391,25.22736694,89.30074923,ZZ,coal,Rangpur,Bangladesh,operating,"8,886.81",0.007275,64.65154275,0.0051,45.322731,0.00345,30.6594945,0.003525,31.32600525,APAD
BKB-4392,25.16608259,88.75999678,ZZ,coal,Rajshahi,Bangladesh,operating,"8,886.81",0.007275,64.65154275,0.0051,45.322731,0.00345,30.6594945,0.003525,31.32600525,APAD
BKB-4393,25.21396762,89.01104062,ZZ,coal,Rajshahi,Bangladesh,operating,"8,886.81",0.007275,64.65154275,0.0051,45.322731,0.00345,30.6594945,0.003525,31.32600525,APAD
BKB-4394,25.56514823,88.99692142,ZZ,coal,Rangpur,Bangladesh,operating,"8,886.81",0.007275,64.65154275,0.0051,45.322731,0.00345,30.6594945,0.003525,31.32600525,APAD
BKB-4395,25.0735719,88.73532217,ZZ,coal,Rajshahi,Bangladesh,operating,"8,886.81",0.007275,64.65154275,0.0051,45.322731,0.00345,30.6594945,0.003525,31.32600525,APAD
BKB-4396,25.74191699,89.15232806,ZZ,coal,Rangpur,Bangladesh,operating,"8,886.81",0.007275,64.65154275,0.0051,45.322731,0.00345,30.6594945,0.003525,31.32600525,APAD
BKB-4397,25.76092647,88.48898205,ZZ,coal,Rangpur,Bangladesh,operating,"8,886.81",0.007275,64.65154275,0.0051,45.322731,0.00345,30.6594945,0.003525,31.32600525,APAD
BKB-4398,25.7502536,88.59631994,ZZ,coal,Rangpur,Bangladesh,operating,"8,886.81",0.007275,64.65154275,0.0051,45.322731,0.00345,30.6594945,0.003525,31.32600525,APAD
BKB-4399,25.3579562,89.50730963,ZZ,coal,Rangpur,Bangladesh,operating,"8,886.81",0.007275,64.65154275,0.0051,45.322731,0.00345,30.6594945,0.003525,31.32600525,APAD
BKB-4400,25.89621118,88.840629,ZZ,coal,Rangpur,Bangladesh,operating,"8,886.81",0.007275,64.65154275,0.0051,45.322731,0.00345,30.6594945,0.003525,31.32600525,APAD
BKB-4401,26.08045177,89.66987482,ZZ,coal,Rangpur,Bangladesh,operating,"8,886.81",0.007275,64.65154275,0.0051,45.322731,0.00345,30.6594945,0.003525,31.32600525,APAD
BKB-4402,25.69316286,89.47506683,ZZ,coal,Rangpur,Bangladesh,operating,"8,886.81",0.007275,64.65154275,0.0051,45.322731,0.00345,30.6594945,0.003525,31.32600525,APAD
BKB-4403,22.12852574,90.42109195,ZZ,coal,Barisal,Bangladesh,operating,"8,886.81",0.007275,64.65154275,0.0051,45.322731,0.00345,30.6594945,0.003525,31.32600525,APAD
BKB-4404,25.57320781,88.99458374,ZZ,coal,Rangpur,Bangladesh,operating,"8,886.81",0.007275,64.65154275,0.0051,45.322731,0.00345,30.6594945,0.003525,31.32600525,APAD
BKB-4405,25.69780779,89.08343934,ZZ,coal,Rangpur,Bangladesh,operating,"8,886.81",0.007275,64.65154275,0.0051,45.322731,0.00345,30.6594945,0.003525,31.32600525,APAD
BKB-4406,25.81158211,88.360044,ZZ,coal,Rangpur,Bangladesh,operating,"8,886.81",0.007275,64.65154275,0.0051,45.322731,0.00345,30.6594945,0.003525,31.32600525,APAD
BKB-4407,25.57875066,88.99084301,ZZ,coal,Rangpur,Bangladesh,operating,"8,886.81",0.007275,64.65154275,0.0051,45.322731,0.00345,30.6594945,0.003525,31.32600525,APAD
BKB-4408,25.57564706,88.99323489,ZZ,coal,Rangpur,Bangladesh,operating,"8,886.81",0.007275,64.65154275,0.0051,45.322731,0.00345,30.6594945,0.003525,31.32600525,APAD
BKB-4409,22.40855094,90.73364167,ZZ,coal,Barisal,Bangladesh,operating,"8,886.81",0.007275,64.65154275,0.0051,45.322731,0.00345,30.6594945,0.003525,31.32600525,APAD
BKB-4410,25.23981378,89.016237,ZZ,coal,Rajshahi,Bangladesh,operating,"8,886.81",0.007275,64.65154275,0.0051,45.322731,0.00345,30.6594945,0.003525,31.32600525,APAD
BKB-4411,26.07927129,88.59976083,ZZ,coal,Rangpur,Bangladesh,operating,"8,886.81",0.007275,64.65154275,0.0051,45.322731,0.00345,30.6594945,0.003525,31.32600525,APAD
BKB-4412,25.74316294,89.37781191,ZZ,coal,Rangpur,Bangladesh,operating,"8,886.81",0.007275,64.65154275,0.0051,45.322731,0.00345,30.6594945,0.003525,31.32600525,APAD
BKB-4413,25.46817554,89.31828506,ZZ,coal,Rangpur,Bangladesh,operating,"8,886.81",0.007275,64.65154275,0.0051,45.322731,0.00345,30.6594945,0.003525,31.32600525,APAD
BKB-4414,25.70886311,89.15742114,ZZ,coal,Rangpur,Bangladesh,operating,"8,886.81",0.007275,64.65154275,0.0051,45.322731,0.00345,30.6594945,0.003525,31.32600525,APAD
BKB-4415,25.65570043,89.64232793,ZZ,coal,Rangpur,Bangladesh,operating,"8,886.81",0.007275,64.65154275,0.0051,45.322731,0.00345,30.6594945,0.003525,31.32600525,APAD
BKB-4416,25.80774461,88.96972062,ZZ,coal,Rangpur,Bangladesh,operating,"8,886.81",0.007275,64.65154275,0.0051,45.322731,0.00345,30.6594945,0.003525,31.32600525,APAD
BKB-4417,25.60586095,89.13365173,ZZ,coal,Rangpur,Bangladesh,operating,"8,886.81",0.007275,64.65154275,0.0051,45.322731,0.00345,30.6594945,0.003525,31.32600525,APAD
BKB-4418,25.71761688,88.45684155,ZZ,coal,Rangpur,Bangladesh,operating,"8,886.81",0.007275,64.65154275,0.0051,45.322731,0.00345,30.6594945,0.003525,31.32600525,APAD
BKB-4419,22.10451357,90.68679857,ZZ,coal,Barisal,Bangladesh,operating,"8,886.81",0.007275,64.65154275,0.0051,45.322731,0.00345,30.6594945,0.003525,31.32600525,APAD
BKB-4420,25.56064841,88.98978075,ZZ,coal,Rangpur,Bangladesh,operating,"8,886.81",0.007275,64.65154275,0.0051,45.322731,0.00345,30.6594945,0.003525,31.32600525,APAD
BKB-4421,25.65186585,88.8434526,ZZ,coal,Rangpur,Bangladesh,operating,"8,886.81",0.007275,64.65154275,0.0051,45.322731,0.00345,30.6594945,0.003525,31.32600525,APAD
BKB-4422,25.39509959,89.57267526,ZZ,coal,Rangpur,Bangladesh,operating,"8,886.81",0.007275,64.65154275,0.0051,45.322731,0.00345,30.6594945,0.003525,31.32600525,APAD
BKB-4423,25.51301719,89.29859396,ZZ,coal,Rangpur,Bangladesh,operating,"8,886.81",0.007275,64.65154275,0.0051,45.322731,0.00345,30.6594945,0.003525,31.32600525,APAD
BKB-4424,25.39014485,89.10477017,ZZ,coal,Rangpur,Bangladesh,operating,"8,886.81",0.007275,64.65154275,0.0051,45.322731,0.00345,30.6594945,0.003525,31.32600525,APAD
BKB-4425,25.70221303,89.34231006,ZZ,coal,Rangpur,Bangladesh,operating,"8,886.81",0.007275,64.65154275,0.0051,45.322731,0.00345,30.6594945,0.003525,31.32600525,APAD
BKB-4426,25.50741511,88.92713117,ZZ,coal,Rangpur,Bangladesh,operating,"8,886.81",0.007275,64.65154275,0.0051,45.322731,0.00345,30.6594945,0.003525,31.32600525,APAD
BKB-4427,25.85870005,88.60233308,ZZ,coal,Rangpur,Bangladesh,operating,"8,886.81",0.007275,64.65154275,0.0051,45.322731,0.00345,30.6594945,0.003525,31.32600525,APAD
BKB-4428,25.58454547,89.65490239,ZZ,coal,Rangpur,Bangladesh,operating,"8,886.81",0.007275,64.65154275,0.0051,45.322731,0.00345,30.6594945,0.003525,31.32600525,APAD
BKB-4429,25.74879434,89.15030708,ZZ,coal,Rangpur,Bangladesh,operating,"8,886.81",0.007275,64.65154275,0.0051,45.322731,0.00345,30.6594945,0.003525,31.32600525,APAD
BKB-4430,25.57406664,89.24583254,ZZ,coal,Rangpur,Bangladesh,operating,"8,886.81",0.007275,64.65154275,0.0051,45.322731,0.00345,30.6594945,0.003525,31.32600525,APAD
BKB-4431,25.98636638,88.77964585,ZZ,coal,Rangpur,Bangladesh,operating,"8,886.81",0.007275,64.65154275,0.0051,45.322731,0.00345,30.6594945,0.003525,31.32600525,APAD
BKB-4432,25.66121694,89.63123383,ZZ,coal,Rangpur,Bangladesh,operating,"8,886.81",0.007275,64.65154275,0.0051,45.322731,0.00345,30.6594945,0.003525,31.32600525,APAD
BKB-4433,25.81767133,88.97723969,ZZ,coal,Rangpur,Bangladesh,operating,"8,886.81",0.007275,64.65154275,0.0051,45.322731,0.00345,30.6594945,0.003525,31.32600525,APAD
BKB-4434,25.7152065,89.19073535,ZZ,coal,Rangpur,Bangladesh,operating,"8,886.81",0.007275,64.65154275,0.0051,45.322731,0.00345,30.6594945,0.003525,31.32600525,APAD
BKB-4435,25.56703584,89.20535895,ZZ,coal,Rangpur,Bangladesh,operating,"8,886.81",0.007275,64.65154275,0.0051,45.322731,0.00345,30.6594945,0.003525,31.32600525,APAD
BKB-4436,25.40115342,88.97695708,ZZ,coal,Rangpur,Bangladesh,operating,"8,886.81",0.007275,64.65154275,0.0051,45.322731,0.00345,30.6594945,0.003525,31.32600525,APAD
BKB-4437,25.40245402,88.97375358,ZZ,coal,Rangpur,Bangladesh,operating,"8,886.81",0.007275,64.65154275,0.0051,45.322731,0.00345,30.6594945,0.003525,31.32600525,APAD
BKB-4438,25.40236481,88.97940809,ZZ,coal,Rangpur,Bangladesh,operating,"8,886.81",0.007275,64.65154275,0.0051,45.322731,0.00345,30.6594945,0.003525,31.32600525,APAD
BKB-4439,25.65957736,88.86170454,ZZ,coal,Rangpur,Bangladesh,operating,"8,886.81",0.007275,64.65154275,0.0051,45.322731,0.00345,30.6594945,0.003525,31.32600525,APAD
BKB-4440,25.40515875,89.21292743,ZZ,coal,Rangpur,Bangladesh,operating,"8,886.81",0.007275,64.65154275,0.0051,45.322731,0.00345,30.6594945,0.003525,31.32600525,APAD
BKB-4441,25.97654898,88.64732381,ZZ,coal,Rangpur,Bangladesh,operating,"8,886.81",0.007275,64.65154275,0.0051,45.322731,0.00345,30.6594945,0.003525,31.32600525,APAD
BKB-4442,25.66833722,88.58039324,ZZ,coal,Rangpur,Bangladesh,operating,"8,886.81",0.007275,64.65154275,0.0051,45.322731,0.00345,30.6594945,0.003525,31.32600525,APAD
BKB-4443,25.40725876,89.20145998,ZZ,coal,Rangpur,Bangladesh,operating,"8,886.81",0.007275,64.65154275,0.0051,45.322731,0.00345,30.6594945,0.003525,31.32600525,APAD
BKB-4444,25.50751567,88.93187592,ZZ,coal,Rangpur,Bangladesh,operating,"8,886.81",0.007275,64.65154275,0.0051,45.322731,0.00345,30.6594945,0.003525,31.32600525,APAD
BKB-4445,25.6853544,89.07048685,ZZ,coal,Rangpur,Bangladesh,operating,"8,886.81",0.007275,64.65154275,0.0051,45.322731,0.00345,30.6594945,0.003525,31.32600525,APAD
BKB-4446,25.55828495,88.85220754,ZZ,coal,Rangpur,Bangladesh,operating,"8,886.81",0.007275,64.65154275,0.0051,45.322731,0.00345,30.6594945,0.003525,31.32600525,APAD
BKB-4447,25.62122286,89.10867916,ZZ,coal,Rangpur,Bangladesh,operating,"8,886.81",0.007275,64.65154275,0.0051,45.322731,0.00345,30.6594945,0.003525,31.32600525,APAD
BKB-4448,25.99412485,89.67105595,ZZ,coal,Rangpur,Bangladesh,operating,"8,886.81",0.007275,64.65154275,0.0051,45.322731,0.00345,30.6594945,0.003525,31.32600525,APAD
BKB-4449,25.52452693,89.12515865,ZZ,coal,Rangpur,Bangladesh,operating,"8,886.81",0.007275,64.65154275,0.0051,45.322731,0.00345,30.6594945,0.003525,31.32600525,APAD
BKB-4450,25.39227293,89.45432008,ZZ,coal,Rangpur,Bangladesh,operating,"8,886.81",0.007275,64.65154275,0.0051,45.322731,0.00345,30.6594945,0.003525,31.32600525,APAD
BKB-4451,25.64625491,88.72719074,ZZ,coal,Rangpur,Bangladesh,operating,"8,886.81",0.007275,64.65154275,0.0051,45.322731,0.00345,30.6594945,0.003525,31.32600525,APAD
BKB-4452,25.74768242,88.89532623,ZZ,coal,Rangpur,Bangladesh,operating,"8,886.81",0.007275,64.65154275,0.0051,45.322731,0.00345,30.6594945,0.003525,31.32600525,APAD
BKB-4453,25.91412192,88.64300658,ZZ,coal,Rangpur,Bangladesh,operating,"8,886.81",0.007275,64.65154275,0.0051,45.322731,0.00345,30.6594945,0.003525,31.32600525,APAD
BKB-4454,25.59916552,88.90830295,ZZ,coal,Rangpur,Bangladesh,operating,"8,886.81",0.007275,64.65154275,0.0051,45.322731,0.00345,30.6594945,0.003525,31.32600525,APAD
BKB-4455,25.80765796,89.59286221,ZZ,coal,Rangpur,Bangladesh,operating,"8,886.81",0.007275,64.65154275,0.0051,45.322731,0.00345,30.6594945,0.003525,31.32600525,APAD
BKB-4456,25.65887903,88.78612077,ZZ,coal,Rangpur,Bangladesh,operating,"8,886.81",0.007275,64.65154275,0.0051,45.322731,0.00345,30.6594945,0.003525,31.32600525,APAD
BKB-4457,25.79317785,89.03662099,ZZ,coal,Rangpur,Bangladesh,operating,"8,886.81",0.007275,64.65154275,0.0051,45.322731,0.00345,30.6594945,0.003525,31.32600525,APAD
BKB-4458,25.51356267,88.74728598,ZZ,coal,Rangpur,Bangladesh,operating,"8,886.81",0.007275,64.65154275,0.0051,45.322731,0.00345,30.6594945,0.003525,31.32600525,APAD
BKB-4459,26.06722554,88.79919784,ZZ,coal,Rangpur,Bangladesh,operating,"8,886.81",0.007275,64.65154275,0.0051,45.322731,0.00345,30.6594945,0.003525,31.32600525,APAD
BKB-4460,25.66601062,88.9562813,ZZ,coal,Rangpur,Bangladesh,operating,"8,886.81",0.007275,64.65154275,0.0051,45.322731,0.00345,30.6594945,0.003525,31.32600525,APAD
BKB-4461,26.08334687,89.67256725,ZZ,coal,Rangpur,Bangladesh,operating,"8,886.81",0.007275,64.65154275,0.0051,45.322731,0.00345,30.6594945,0.003525,31.32600525,APAD
BKB-4462,25.6456826,89.57429644,ZZ,coal,Rangpur,Bangladesh,operating,"8,886.81",0.007275,64.65154275,0.0051,45.322731,0.00345,30.6594945,0.003525,31.32600525,APAD
BKB-4463,22.29977997,90.09944085,ZZ,coal,Barisal,Bangladesh,operating,"8,886.81",0.007275,64.65154275,0.0051,45.322731,0.00345,30.6594945,0.003525,31.32600525,APAD
BKB-4464,25.9886401,89.2255263,ZZ,coal,Rangpur,Bangladesh,operating,"8,886.81",0.007275,64.65154275,0.0051,45.322731,0.00345,30.6594945,0.003525,31.32600525,APAD
BKB-4465,25.98808605,89.22678405,ZZ,coal,Rangpur,Bangladesh,operating,"8,886.81",0.007275,64.65154275,0.0051,45.322731,0.00345,30.6594945,0.003525,31.32600525,APAD
BKB-4466,25.40601827,89.10026265,ZZ,coal,Rangpur,Bangladesh,operating,"8,886.81",0.007275,64.65154275,0.0051,45.322731,0.00345,30.6594945,0.003525,31.32600525,APAD
BKB-4467,25.87009422,88.31191683,ZZ,coal,Rangpur,Bangladesh,operating,"8,886.81",0.007275,64.65154275,0.0051,45.322731,0.00345,30.6594945,0.003525,31.32600525,APAD
BKB-4468,25.49507724,89.16465437,ZZ,coal,Rangpur,Bangladesh,operating,"8,886.81",0.007275,64.65154275,0.0051,45.322731,0.00345,30.6594945,0.003525,31.32600525,APAD
BKB-4469,25.51929571,88.88602866,ZZ,coal,Rangpur,Bangladesh,operating,"8,886.81",0.007275,64.65154275,0.0051,45.322731,0.00345,30.6594945,0.003525,31.32600525,APAD
BKB-4470,25.48002143,89.15796417,ZZ,coal,Rangpur,Bangladesh,operating,"8,886.81",0.007275,64.65154275,0.0051,45.322731,0.00345,30.6594945,0.003525,31.32600525,APAD
BKB-4471,25.63407534,88.5788896,ZZ,coal,Rangpur,Bangladesh,operating,"8,886.81",0.007275,64.65154275,0.0051,45.322731,0.00345,30.6594945,0.003525,31.32600525,APAD
BKB-4472,25.69741865,89.4256575,ZZ,coal,Rangpur,Bangladesh,operating,"8,886.81",0.007275,64.65154275,0.0051,45.322731,0.00345,30.6594945,0.003525,31.32600525,APAD
BKB-4473,26.0235663,89.6807609,ZZ,coal,Rangpur,Bangladesh,operating,"8,886.81",0.007275,64.65154275,0.0051,45.322731,0.00345,30.6594945,0.003525,31.32600525,APAD
BKB-4474,25.74852515,89.07849319,ZZ,coal,Rangpur,Bangladesh,operating,"8,886.81",0.007275,64.65154275,0.0051,45.322731,0.00345,30.6594945,0.003525,31.32600525,APAD
BKB-4475,25.6163438,89.27390592,ZZ,coal,Rangpur,Bangladesh,operating,"8,886.81",0.007275,64.65154275,0.0051,45.322731,0.00345,30.6594945,0.003525,31.32600525,APAD
BKB-4476,25.66151787,89.58509034,ZZ,coal,Rangpur,Bangladesh,operating,"8,886.81",0.007275,64.65154275,0.0051,45.322731,0.00345,30.6594945,0.003525,31.32600525,APAD
BKB-4477,25.66016093,89.58458509,ZZ,coal,Rangpur,Bangladesh,operating,"8,886.81",0.007275,64.65154275,0.0051,45.322731,0.00345,30.6594945,0.003525,31.32600525,APAD
BKB-4478,26.06935971,89.77696644,ZZ,coal,Rangpur,Bangladesh,operating,"8,886.81",0.007275,64.65154275,0.0051,45.322731,0.00345,30.6594945,0.003525,31.32600525,APAD
BKB-4479,25.63574923,89.20523146,ZZ,coal,Rangpur,Bangladesh,operating,"8,886.81",0.007275,64.65154275,0.0051,45.322731,0.00345,30.6594945,0.003525,31.32600525,APAD
BKB-4480,25.64640842,89.26297259,ZZ,coal,Rangpur,Bangladesh,operating,"8,886.81",0.007275,64.65154275,0.0051,45.322731,0.00345,30.6594945,0.003525,31.32600525,APAD
BKB-4481,25.88821017,88.64728627,ZZ,coal,Rangpur,Bangladesh,operating,"8,886.81",0.007275,64.65154275,0.0051,45.322731,0.00345,30.6594945,0.003525,31.32600525,APAD
BKB-4482,26.22705389,88.66411479,ZZ,coal,Rangpur,Bangladesh,operating,"8,886.81",0.007275,64.65154275,0.0051,45.322731,0.00345,30.6594945,0.003525,31.32600525,APAD
BKB-4483,25.75715937,88.67047684,ZZ,coal,Rangpur,Bangladesh,operating,"8,886.81",0.007275,64.65154275,0.0051,45.322731,0.00345,30.6594945,0.003525,31.32600525,APAD
BKB-4484,25.65555266,89.08265147,ZZ,coal,Rangpur,Bangladesh,operating,"8,886.81",0.007275,64.65154275,0.0051,45.322731,0.00345,30.6594945,0.003525,31.32600525,APAD
BKB-4485,25.65418633,89.08454885,ZZ,coal,Rangpur,Bangladesh,operating,"8,886.81",0.007275,64.65154275,0.0051,45.322731,0.00345,30.6594945,0.003525,31.32600525,APAD
BKB-4486,25.95861873,88.93411097,ZZ,coal,Rangpur,Bangladesh,operating,"8,886.81",0.007275,64.65154275,0.0051,45.322731,0.00345,30.6594945,0.003525,31.32600525,APAD
BKB-4487,25.66730624,88.85075866,ZZ,coal,Rangpur,Bangladesh,operating,"8,886.81",0.007275,64.65154275,0.0051,45.322731,0.00345,30.6594945,0.003525,31.32600525,APAD
BKB-4488,25.73650977,88.76778026,ZZ,coal,Rangpur,Bangladesh,operating,"8,886.81",0.007275,64.65154275,0.0051,45.322731,0.00345,30.6594945,0.003525,31.32600525,APAD
BKB-4489,25.66940968,89.00826921,ZZ,coal,Rangpur,Bangladesh,operating,"8,886.81",0.007275,64.65154275,0.0051,45.322731,0.00345,30.6594945,0.003525,31.32600525,APAD
BKB-4490,25.55148868,89.30285389,ZZ,coal,Rangpur,Bangladesh,operating,"8,886.81",0.007275,64.65154275,0.0051,45.322731,0.00345,30.6594945,0.003525,31.32600525,APAD
BKB-4491,25.8101198,89.60150596,ZZ,coal,Rangpur,Bangladesh,operating,"8,886.81",0.007275,64.65154275,0.0051,45.322731,0.00345,30.6594945,0.003525,31.32600525,APAD
BKB-4492,25.62606711,88.73335671,ZZ,coal,Rangpur,Bangladesh,operating,"8,886.81",0.007275,64.65154275,0.0051,45.322731,0.00345,30.6594945,0.003525,31.32600525,APAD
BKB-4493,25.68357569,89.83664034,ZZ,coal,Rangpur,Bangladesh,operating,"8,886.81",0.007275,64.65154275,0.0051,45.322731,0.00345,30.6594945,0.003525,31.32600525,APAD
BKB-4494,25.63864892,88.6932653,ZZ,coal,Rangpur,Bangladesh,operating,"8,886.81",0.007275,64.65154275,0.0051,45.322731,0.00345,30.6594945,0.003525,31.32600525,APAD
BKB-4495,25.69620147,89.07295895,ZZ,coal,Rangpur,Bangladesh,operating,"8,886.81",0.007275,64.65154275,0.0051,45.322731,0.00345,30.6594945,0.003525,31.32600525,APAD
BKB-4496,25.71892295,88.67969649,ZZ,coal,Rangpur,Bangladesh,operating,"8,886.81",0.007275,64.65154275,0.0051,45.322731,0.00345,30.6594945,0.003525,31.32600525,APAD
BKB-4497,25.72497221,89.22868356,ZZ,coal,Rangpur,Bangladesh,operating,"8,886.81",0.007275,64.65154275,0.0051,45.322731,0.00345,30.6594945,0.003525,31.32600525,APAD
BKB-4498,25.64649573,88.60907887,ZZ,coal,Rangpur,Bangladesh,operating,"8,886.81",0.007275,64.65154275,0.0051,45.322731,0.00345,30.6594945,0.003525,31.32600525,APAD
BKB-4499,25.76910356,89.59628299,ZZ,coal,Rangpur,Bangladesh,operating,"8,886.81",0.007275,64.65154275,0.0051,45.322731,0.00345,30.6594945,0.003525,31.32600525,APAD
BKB-4500,25.65131207,89.42754858,ZZ,coal,Rangpur,Bangladesh,operating,"8,886.81",0.007275,64.65154275,0.0051,45.322731,0.00345,30.6594945,0.003525,31.32600525,APAD
BKB-4501,25.65601975,89.03480094,ZZ,coal,Rangpur,Bangladesh,operating,"8,886.81",0.007275,64.65154275,0.0051,45.322731,0.00345,30.6594945,0.003525,31.32600525,APAD
BKB-4502,25.74957624,89.32808496,ZZ,coal,Rangpur,Bangladesh,operating,"8,886.81",0.007275,64.65154275,0.0051,45.322731,0.00345,30.6594945,0.003525,31.32600525,APAD
BKB-4503,25.65945642,89.37918434,ZZ,coal,Rangpur,Bangladesh,operating,"8,886.81",0.007275,64.65154275,0.0051,45.322731,0.00345,30.6594945,0.003525,31.32600525,APAD
BKB-4504,25.50703362,88.9061333,ZZ,coal,Rangpur,Bangladesh,operating,"8,886.81",0.007275,64.65154275,0.0051,45.322731,0.00345,30.6594945,0.003525,31.32600525,APAD
BKB-4505,25.70143245,89.07709719,ZZ,coal,Rangpur,Bangladesh,operating,"8,886.81",0.007275,64.65154275,0.0051,45.322731,0.00345,30.6594945,0.003525,31.32600525,APAD
BKB-4506,25.55955835,88.99782921,ZZ,coal,Rangpur,Bangladesh,operating,"8,886.81",0.007275,64.65154275,0.0051,45.322731,0.00345,30.6594945,0.003525,31.32600525,APAD
BKB-4507,25.59657998,89.47512701,ZZ,coal,Rangpur,Bangladesh,operating,"8,886.81",0.007275,64.65154275,0.0051,45.322731,0.00345,30.6594945,0.003525,31.32600525,APAD
BKB-4508,25.65467374,88.49355139,ZZ,coal,Rangpur,Bangladesh,operating,"8,886.81",0.007275,64.65154275,0.0051,45.322731,0.00345,30.6594945,0.003525,31.32600525,APAD
BKB-4509,25.61454694,88.74508162,ZZ,coal,Rangpur,Bangladesh,operating,"8,886.81",0.007275,64.65154275,0.0051,45.322731,0.00345,30.6594945,0.003525,31.32600525,APAD
BKB-4510,25.61651897,88.74660274,ZZ,coal,Rangpur,Bangladesh,operating,"8,886.81",0.007275,64.65154275,0.0051,45.322731,0.00345,30.6594945,0.003525,31.32600525,APAD
BKB-4511,26.33110531,89.00531103,ZZ,coal,Rangpur,Bangladesh,operating,"8,886.81",0.007275,64.65154275,0.0051,45.322731,0.00345,30.6594945,0.003525,31.32600525,APAD
BKB-4512,25.97911399,89.60815058,ZZ,coal,Rangpur,Bangladesh,operating,"8,886.81",0.007275,64.65154275,0.0051,45.322731,0.00345,30.6594945,0.003525,31.32600525,APAD
BKB-4513,25.97683676,89.60723683,ZZ,coal,Rangpur,Bangladesh,operating,"8,886.81",0.007275,64.65154275,0.0051,45.322731,0.00345,30.6594945,0.003525,31.32600525,APAD
BKB-4514,25.68075913,89.21362063,ZZ,coal,Rangpur,Bangladesh,operating,"8,886.81",0.007275,64.65154275,0.0051,45.322731,0.00345,30.6594945,0.003525,31.32600525,APAD
BKB-4515,25.73159065,88.65136963,ZZ,coal,Rangpur,Bangladesh,operating,"8,886.81",0.007275,64.65154275,0.0051,45.322731,0.00345,30.6594945,0.003525,31.32600525,APAD
BKB-4516,26.09964075,89.68336369,ZZ,coal,Rangpur,Bangladesh,operating,"8,886.81",0.007275,64.65154275,0.0051,45.322731,0.00345,30.6594945,0.003525,31.32600525,APAD
BKB-4517,25.7309398,89.67719439,ZZ,coal,Rangpur,Bangladesh,operating,"8,886.81",0.007275,64.65154275,0.0051,45.322731,0.00345,30.6594945,0.003525,31.32600525,APAD
BKB-4518,26.18598171,88.38101227,ZZ,coal,Rangpur,Bangladesh,operating,"8,886.81",0.007275,64.65154275,0.0051,45.322731,0.00345,30.6594945,0.003525,31.32600525,APAD
BKB-4519,21.99858933,90.21623193,ZZ,coal,Barisal,Bangladesh,operating,"8,886.81",0.007275,64.65154275,0.0051,45.322731,0.00345,30.6594945,0.003525,31.32600525,APAD
BKB-4520,25.9723198,89.63683793,ZZ,coal,Rangpur,Bangladesh,operating,"8,886.81",0.007275,64.65154275,0.0051,45.322731,0.00345,30.6594945,0.003525,31.32600525,APAD
BKB-4521,25.55251792,89.46076603,ZZ,coal,Rangpur,Bangladesh,operating,"8,886.81",0.007275,64.65154275,0.0051,45.322731,0.00345,30.6594945,0.003525,31.32600525,APAD
BKB-4522,26.01456886,88.75619439,ZZ,coal,Rangpur,Bangladesh,operating,"8,886.81",0.007275,64.65154275,0.0051,45.322731,0.00345,30.6594945,0.003525,31.32600525,APAD
BKB-4523,25.65928845,89.47246382,ZZ,coal,Rangpur,Bangladesh,operating,"8,886.81",0.007275,64.65154275,0.0051,45.322731,0.00345,30.6594945,0.003525,31.32600525,APAD
BKB-4524,25.73994453,89.63482842,ZZ,coal,Rangpur,Bangladesh,operating,"8,886.81",0.007275,64.65154275,0.0051,45.322731,0.00345,30.6594945,0.003525,31.32600525,APAD
BKB-4525,25.65503593,89.45389766,ZZ,coal,Rangpur,Bangladesh,operating,"8,886.81",0.007275,64.65154275,0.0051,45.322731,0.00345,30.6594945,0.003525,31.32600525,APAD
BKB-4526,25.73526804,88.63283333,ZZ,coal,Rangpur,Bangladesh,operating,"8,886.81",0.007275,64.65154275,0.0051,45.322731,0.00345,30.6594945,0.003525,31.32600525,APAD
BKB-4527,25.6441195,88.7329185,ZZ,coal,Rangpur,Bangladesh,operating,"8,886.81",0.007275,64.65154275,0.0051,45.322731,0.00345,30.6594945,0.003525,31.32600525,APAD
BKB-4528,25.9044921,88.82738253,ZZ,coal,Rangpur,Bangladesh,operating,"8,886.81",0.007275,64.65154275,0.0051,45.322731,0.00345,30.6594945,0.003525,31.32600525,APAD
BKB-4529,25.66235399,89.36316436,ZZ,coal,Rangpur,Bangladesh,operating,"8,886.81",0.007275,64.65154275,0.0051,45.322731,0.00345,30.6594945,0.003525,31.32600525,APAD
BKB-4530,26.0007535,89.19695597,ZZ,coal,Rangpur,Bangladesh,operating,"8,886.81",0.007275,64.65154275,0.0051,45.322731,0.00345,30.6594945,0.003525,31.32600525,APAD
BKB-4531,22.23323041,90.32294969,ZZ,coal,Barisal,Bangladesh,operating,"8,886.81",0.007275,64.65154275,0.0051,45.322731,0.00345,30.6594945,0.003525,31.32600525,APAD
BKB-4532,25.88368977,88.65816102,ZZ,coal,Rangpur,Bangladesh,operating,"8,886.81",0.007275,64.65154275,0.0051,45.322731,0.00345,30.6594945,0.003525,31.32600525,APAD
BKB-4533,25.75845081,89.62598974,ZZ,coal,Rangpur,Bangladesh,operating,"8,886.81",0.007275,64.65154275,0.0051,45.322731,0.00345,30.6594945,0.003525,31.32600525,APAD
BKB-4534,25.74263643,88.50965405,ZZ,coal,Rangpur,Bangladesh,operating,"8,886.81",0.007275,64.65154275,0.0051,45.322731,0.00345,30.6594945,0.003525,31.32600525,APAD
BKB-4535,25.78748497,88.92589139,ZZ,coal,Rangpur,Bangladesh,operating,"8,886.81",0.007275,64.65154275,0.0051,45.322731,0.00345,30.6594945,0.003525,31.32600525,APAD
BKB-4536,25.66753707,89.0153077,ZZ,coal,Rangpur,Bangladesh,operating,"8,886.81",0.007275,64.65154275,0.0051,45.322731,0.00345,30.6594945,0.003525,31.32600525,APAD
BKB-4537,25.66718962,89.01740395,ZZ,coal,Rangpur,Bangladesh,operating,"8,886.81",0.007275,64.65154275,0.0051,45.322731,0.00345,30.6594945,0.003525,31.32600525,APAD
BKB-4538,25.59530762,88.79169128,ZZ,coal,Rangpur,Bangladesh,operating,"8,886.81",0.007275,64.65154275,0.0051,45.322731,0.00345,30.6594945,0.003525,31.32600525,APAD
BKB-4539,25.80192647,89.59327206,ZZ,coal,Rangpur,Bangladesh,operating,"8,886.81",0.007275,64.65154275,0.0051,45.322731,0.00345,30.6594945,0.003525,31.32600525,APAD
BKB-4540,25.80624616,89.59820631,ZZ,coal,Rangpur,Bangladesh,operating,"8,886.81",0.007275,64.65154275,0.0051,45.322731,0.00345,30.6594945,0.003525,31.32600525,APAD
BKB-4541,26.01270723,88.69154266,ZZ,coal,Rangpur,Bangladesh,operating,"8,886.81",0.007275,64.65154275,0.0051,45.322731,0.00345,30.6594945,0.003525,31.32600525,APAD
BKB-4542,25.64685772,88.76567743,ZZ,coal,Rangpur,Bangladesh,operating,"8,886.81",0.007275,64.65154275,0.0051,45.322731,0.00345,30.6594945,0.003525,31.32600525,APAD
BKB-4543,25.64541626,88.7656828,ZZ,coal,Rangpur,Bangladesh,operating,"8,886.81",0.007275,64.65154275,0.0051,45.322731,0.00345,30.6594945,0.003525,31.32600525,APAD
BKB-4544,25.72510012,88.38830096,ZZ,coal,Rangpur,Bangladesh,operating,"8,886.81",0.007275,64.65154275,0.0051,45.322731,0.00345,30.6594945,0.003525,31.32600525,APAD
BKB-4545,26.3452867,88.64128885,ZZ,coal,Rangpur,Bangladesh,operating,"8,886.81",0.007275,64.65154275,0.0051,45.322731,0.00345,30.6594945,0.003525,31.32600525,APAD
BKB-4546,25.75950968,89.18516964,ZZ,coal,Rangpur,Bangladesh,operating,"8,886.81",0.007275,64.65154275,0.0051,45.322731,0.00345,30.6594945,0.003525,31.32600525,APAD
BKB-4547,26.13236477,88.83764967,ZZ,coal,Rangpur,Bangladesh,operating,"8,886.81",0.007275,64.65154275,0.0051,45.322731,0.00345,30.6594945,0.003525,31.32600525,APAD
BKB-4548,25.71096872,89.64992292,ZZ,coal,Rangpur,Bangladesh,operating,"8,886.81",0.007275,64.65154275,0.0051,45.322731,0.00345,30.6594945,0.003525,31.32600525,APAD
BKB-4549,25.69701003,89.61515653,ZZ,coal,Rangpur,Bangladesh,operating,"8,886.81",0.007275,64.65154275,0.0051,45.322731,0.00345,30.6594945,0.003525,31.32600525,APAD
BKB-4550,25.76249367,88.77881715,ZZ,coal,Rangpur,Bangladesh,operating,"8,886.81",0.007275,64.65154275,0.0051,45.322731,0.00345,30.6594945,0.003525,31.32600525,APAD
BKB-4551,25.71330412,88.75924398,ZZ,coal,Rangpur,Bangladesh,operating,"8,886.81",0.007275,64.65154275,0.0051,45.322731,0.00345,30.6594945,0.003525,31.32600525,APAD
BKB-4552,25.88940444,88.68198001,ZZ,coal,Rangpur,Bangladesh,operating,"8,886.81",0.007275,64.65154275,0.0051,45.322731,0.00345,30.6594945,0.003525,31.32600525,APAD
BKB-4553,25.88537116,88.67553539,ZZ,coal,Rangpur,Bangladesh,operating,"8,886.81",0.007275,64.65154275,0.0051,45.322731,0.00345,30.6594945,0.003525,31.32600525,APAD
BKB-4554,25.64407161,88.61134079,ZZ,coal,Rangpur,Bangladesh,operating,"8,886.81",0.007275,64.65154275,0.0051,45.322731,0.00345,30.6594945,0.003525,31.32600525,APAD
BKB-4555,25.67398598,89.16078923,ZZ,coal,Rangpur,Bangladesh,operating,"8,886.81",0.007275,64.65154275,0.0051,45.322731,0.00345,30.6594945,0.003525,31.32600525,APAD
BKB-4556,25.64997536,89.04797086,ZZ,coal,Rangpur,Bangladesh,operating,"8,886.81",0.007275,64.65154275,0.0051,45.322731,0.00345,30.6594945,0.003525,31.32600525,APAD
BKB-4557,25.83525228,88.7877678,ZZ,coal,Rangpur,Bangladesh,operating,"8,886.81",0.007275,64.65154275,0.0051,45.322731,0.00345,30.6594945,0.003525,31.32600525,APAD
BKB-4558,21.97844244,90.13615979,ZZ,coal,Barisal,Bangladesh,operating,"8,886.81",0.007275,64.65154275,0.0051,45.322731,0.00345,30.6594945,0.003525,31.32600525,APAD
BKB-4559,25.70938661,89.5714551,ZZ,coal,Rangpur,Bangladesh,operating,"8,886.81",0.007275,64.65154275,0.0051,45.322731,0.00345,30.6594945,0.003525,31.32600525,APAD
BKB-4560,25.716274,89.11426984,ZZ,coal,Rangpur,Bangladesh,operating,"8,886.81",0.007275,64.65154275,0.0051,45.322731,0.00345,30.6594945,0.003525,31.32600525,APAD
BKB-4561,25.71568239,89.11734433,ZZ,coal,Rangpur,Bangladesh,operating,"8,886.81",0.007275,64.65154275,0.0051,45.322731,0.00345,30.6594945,0.003525,31.32600525,APAD
BKB-4562,25.97153096,88.69118131,ZZ,coal,Rangpur,Bangladesh,operating,"8,886.81",0.007275,64.65154275,0.0051,45.322731,0.00345,30.6594945,0.003525,31.32600525,APAD
BKB-4563,25.97674666,89.60694238,ZZ,coal,Rangpur,Bangladesh,operating,"8,886.81",0.007275,64.65154275,0.0051,45.322731,0.00345,30.6594945,0.003525,31.32600525,APAD
BKB-4564,22.30855264,90.10283531,ZZ,coal,Barisal,Bangladesh,operating,"8,886.81",0.007275,64.65154275,0.0051,45.322731,0.00345,30.6594945,0.003525,31.32600525,APAD
BKB-4565,25.72661864,88.43525337,ZZ,coal,Rangpur,Bangladesh,operating,"8,886.81",0.007275,64.65154275,0.0051,45.322731,0.00345,30.6594945,0.003525,31.32600525,APAD
BKB-4566,25.69101722,89.08725485,ZZ,coal,Rangpur,Bangladesh,operating,"8,886.81",0.007275,64.65154275,0.0051,45.322731,0.00345,30.6594945,0.003525,31.32600525,APAD
BKB-4567,25.63146597,88.83330261,ZZ,coal,Rangpur,Bangladesh,operating,"8,886.81",0.007275,64.65154275,0.0051,45.322731,0.00345,30.6594945,0.003525,31.32600525,APAD
BKB-4568,25.73183762,88.65131431,ZZ,coal,Rangpur,Bangladesh,operating,"8,886.81",0.007275,64.65154275,0.0051,45.322731,0.00345,30.6594945,0.003525,31.32600525,APAD
BKB-4569,25.69924752,89.41326364,ZZ,coal,Rangpur,Bangladesh,operating,"8,886.81",0.007275,64.65154275,0.0051,45.322731,0.00345,30.6594945,0.003525,31.32600525,APAD
BKB-4570,25.69972174,89.41582213,ZZ,coal,Rangpur,Bangladesh,operating,"8,886.81",0.007275,64.65154275,0.0051,45.322731,0.00345,30.6594945,0.003525,31.32600525,APAD
BKB-4571,26.2365391,88.35945435,ZZ,coal,Rangpur,Bangladesh,operating,"8,886.81",0.007275,64.65154275,0.0051,45.322731,0.00345,30.6594945,0.003525,31.32600525,APAD
BKB-4572,25.59425665,88.80540969,ZZ,coal,Rangpur,Bangladesh,operating,"8,886.81",0.007275,64.65154275,0.0051,45.322731,0.00345,30.6594945,0.003525,31.32600525,APAD
BKB-4573,25.65920876,88.77923067,ZZ,coal,Rangpur,Bangladesh,operating,"8,886.81",0.007275,64.65154275,0.0051,45.322731,0.00345,30.6594945,0.003525,31.32600525,APAD
BKB-4574,25.69243809,89.07624525,ZZ,coal,Rangpur,Bangladesh,operating,"8,886.81",0.007275,64.65154275,0.0051,45.322731,0.00345,30.6594945,0.003525,31.32600525,APAD
BKB-4575,25.89457812,88.8019258,ZZ,coal,Rangpur,Bangladesh,operating,"8,886.81",0.007275,64.65154275,0.0051,45.322731,0.00345,30.6594945,0.003525,31.32600525,APAD
BKB-4576,25.65152624,89.02790178,ZZ,coal,Rangpur,Bangladesh,operating,"8,886.81",0.007275,64.65154275,0.0051,45.322731,0.00345,30.6594945,0.003525,31.32600525,APAD
BKB-4577,25.65151685,89.02990666,ZZ,coal,Rangpur,Bangladesh,operating,"8,886.81",0.007275,64.65154275,0.0051,45.322731,0.00345,30.6594945,0.003525,31.32600525,APAD
BKB-4578,25.79095139,89.24700751,ZZ,coal,Rangpur,Bangladesh,operating,"8,886.81",0.007275,64.65154275,0.0051,45.322731,0.00345,30.6594945,0.003525,31.32600525,APAD
BKB-4579,25.66122651,88.7869756,ZZ,coal,Rangpur,Bangladesh,operating,"8,886.81",0.007275,64.65154275,0.0051,45.322731,0.00345,30.6594945,0.003525,31.32600525,APAD
BKB-4580,25.69900624,88.99023419,ZZ,coal,Rangpur,Bangladesh,operating,"8,886.81",0.007275,64.65154275,0.0051,45.322731,0.00345,30.6594945,0.003525,31.32600525,APAD
BKB-4581,25.73811795,88.78277798,ZZ,coal,Rangpur,Bangladesh,operating,"8,886.81",0.007275,64.65154275,0.0051,45.322731,0.00345,30.6594945,0.003525,31.32600525,APAD
BKB-4582,25.88535877,88.67525135,ZZ,coal,Rangpur,Bangladesh,operating,"8,886.81",0.007275,64.65154275,0.0051,45.322731,0.00345,30.6594945,0.003525,31.32600525,APAD
BKB-4583,25.76843153,88.92288539,ZZ,coal,Rangpur,Bangladesh,operating,"8,886.81",0.007275,64.65154275,0.0051,45.322731,0.00345,30.6594945,0.003525,31.32600525,APAD
BKB-4584,25.7609035,89.36705014,ZZ,coal,Rangpur,Bangladesh,operating,"8,886.81",0.007275,64.65154275,0.0051,45.322731,0.00345,30.6594945,0.003525,31.32600525,APAD
BKB-4585,26.10241975,89.16266572,ZZ,coal,Rangpur,Bangladesh,operating,"8,886.81",0.007275,64.65154275,0.0051,45.322731,0.00345,30.6594945,0.003525,31.32600525,APAD
BKB-4586,26.09957909,89.15891935,ZZ,coal,Rangpur,Bangladesh,operating,"8,886.81",0.007275,64.65154275,0.0051,45.322731,0.00345,30.6594945,0.003525,31.32600525,APAD
BKB-4587,25.99305384,88.97707198,ZZ,coal,Rangpur,Bangladesh,operating,"8,886.81",0.007275,64.65154275,0.0051,45.322731,0.00345,30.6594945,0.003525,31.32600525,APAD
BKB-4588,22.21875213,90.28052496,ZZ,coal,Barisal,Bangladesh,operating,"8,886.81",0.007275,64.65154275,0.0051,45.322731,0.00345,30.6594945,0.003525,31.32600525,APAD
BKB-4589,25.74190459,89.15260488,ZZ,coal,Rangpur,Bangladesh,operating,"8,886.81",0.007275,64.65154275,0.0051,45.322731,0.00345,30.6594945,0.003525,31.32600525,APAD
BKB-4590,25.86701154,88.68012845,ZZ,coal,Rangpur,Bangladesh,operating,"8,886.81",0.007275,64.65154275,0.0051,45.322731,0.00345,30.6594945,0.003525,31.32600525,APAD
BKB-4591,25.8949633,89.50607372,ZZ,coal,Rangpur,Bangladesh,operating,"8,886.81",0.007275,64.65154275,0.0051,45.322731,0.00345,30.6594945,0.003525,31.32600525,APAD
BKB-4592,25.66159769,89.0367503,ZZ,coal,Rangpur,Bangladesh,operating,"8,886.81",0.007275,64.65154275,0.0051,45.322731,0.00345,30.6594945,0.003525,31.32600525,APAD
BKB-4593,25.87447529,88.66229221,ZZ,coal,Rangpur,Bangladesh,operating,"8,886.81",0.007275,64.65154275,0.0051,45.322731,0.00345,30.6594945,0.003525,31.32600525,APAD
BKB-4594,25.87457859,88.66229221,ZZ,coal,Rangpur,Bangladesh,operating,"8,886.81",0.007275,64.65154275,0.0051,45.322731,0.00345,30.6594945,0.003525,31.32600525,APAD
BKB-4595,25.80618186,89.60031914,ZZ,coal,Rangpur,Bangladesh,operating,"8,886.81",0.007275,64.65154275,0.0051,45.322731,0.00345,30.6594945,0.003525,31.32600525,APAD
BKB-4596,25.80479674,89.60143713,ZZ,coal,Rangpur,Bangladesh,operating,"8,886.81",0.007275,64.65154275,0.0051,45.322731,0.00345,30.6594945,0.003525,31.32600525,APAD
BKB-4597,21.97629776,90.18272021,ZZ,coal,Barisal,Bangladesh,operating,"8,886.81",0.007275,64.65154275,0.0051,45.322731,0.00345,30.6594945,0.003525,31.32600525,APAD
BKB-4598,25.78902207,88.93187073,ZZ,coal,Rangpur,Bangladesh,operating,"8,886.81",0.007275,64.65154275,0.0051,45.322731,0.00345,30.6594945,0.003525,31.32600525,APAD
BKB-4599,25.78903616,88.93456898,ZZ,coal,Rangpur,Bangladesh,operating,"8,886.81",0.007275,64.65154275,0.0051,45.322731,0.00345,30.6594945,0.003525,31.32600525,APAD
BKB-4600,25.77693479,89.30538126,ZZ,coal,Rangpur,Bangladesh,operating,"8,886.81",0.007275,64.65154275,0.0051,45.322731,0.00345,30.6594945,0.003525,31.32600525,APAD
BKB-4601,25.87720226,88.36597944,ZZ,coal,Rangpur,Bangladesh,operating,"8,886.81",0.007275,64.65154275,0.0051,45.322731,0.00345,30.6594945,0.003525,31.32600525,APAD
BKB-4602,25.66308974,88.89756572,ZZ,coal,Rangpur,Bangladesh,operating,"8,886.81",0.007275,64.65154275,0.0051,45.322731,0.00345,30.6594945,0.003525,31.32600525,APAD
BKB-4603,25.7204368,89.03663678,ZZ,coal,Rangpur,Bangladesh,operating,"8,886.81",0.007275,64.65154275,0.0051,45.322731,0.00345,30.6594945,0.003525,31.32600525,APAD
BKB-4604,25.81568022,89.06034833,ZZ,coal,Rangpur,Bangladesh,operating,"8,886.81",0.007275,64.65154275,0.0051,45.322731,0.00345,30.6594945,0.003525,31.32600525,APAD
BKB-4605,25.80671447,88.98036377,ZZ,coal,Rangpur,Bangladesh,operating,"8,886.81",0.007275,64.65154275,0.0051,45.322731,0.00345,30.6594945,0.003525,31.32600525,APAD
BKB-4606,25.72256117,88.77126051,ZZ,coal,Rangpur,Bangladesh,operating,"8,886.81",0.007275,64.65154275,0.0051,45.322731,0.00345,30.6594945,0.003525,31.32600525,APAD
BKB-4607,26.20289775,88.47958866,ZZ,coal,Rangpur,Bangladesh,operating,"8,886.81",0.007275,64.65154275,0.0051,45.322731,0.00345,30.6594945,0.003525,31.32600525,APAD
BKB-4608,25.72379744,89.11404142,ZZ,coal,Rangpur,Bangladesh,operating,"8,886.81",0.007275,64.65154275,0.0051,45.322731,0.00345,30.6594945,0.003525,31.32600525,APAD
BKB-4609,21.85567065,90.18299609,ZZ,coal,Barisal,Bangladesh,operating,"8,886.81",0.007275,64.65154275,0.0051,45.322731,0.00345,30.6594945,0.003525,31.32600525,APAD
BKB-4610,25.76540532,88.83076462,ZZ,coal,Rangpur,Bangladesh,operating,"8,886.81",0.007275,64.65154275,0.0051,45.322731,0.00345,30.6594945,0.003525,31.32600525,APAD
BKB-4611,25.851515,89.16538736,ZZ,coal,Rangpur,Bangladesh,operating,"8,886.81",0.007275,64.65154275,0.0051,45.322731,0.00345,30.6594945,0.003525,31.32600525,APAD
BKB-4612,25.94546807,88.72711637,ZZ,coal,Rangpur,Bangladesh,operating,"8,886.81",0.007275,64.65154275,0.0051,45.322731,0.00345,30.6594945,0.003525,31.32600525,APAD
BKB-4613,25.92928194,89.42166586,ZZ,coal,Rangpur,Bangladesh,operating,"8,886.81",0.007275,64.65154275,0.0051,45.322731,0.00345,30.6594945,0.003525,31.32600525,APAD
BKB-4614,22.31722563,90.11684807,ZZ,coal,Barisal,Bangladesh,operating,"8,886.81",0.007275,64.65154275,0.0051,45.322731,0.00345,30.6594945,0.003525,31.32600525,APAD
BKB-4615,25.64419713,88.72111376,ZZ,coal,Rangpur,Bangladesh,operating,"8,886.81",0.007275,64.65154275,0.0051,45.322731,0.00345,30.6594945,0.003525,31.32600525,APAD
BKB-4616,25.67326594,88.71017678,ZZ,coal,Rangpur,Bangladesh,operating,"8,886.81",0.007275,64.65154275,0.0051,45.322731,0.00345,30.6594945,0.003525,31.32600525,APAD
BKB-4617,25.9930988,88.75372215,ZZ,coal,Rangpur,Bangladesh,operating,"8,886.81",0.007275,64.65154275,0.0051,45.322731,0.00345,30.6594945,0.003525,31.32600525,APAD
BKB-4618,25.92647798,89.42377855,ZZ,coal,Rangpur,Bangladesh,operating,"8,886.81",0.007275,64.65154275,0.0051,45.322731,0.00345,30.6594945,0.003525,31.32600525,APAD
BKB-4619,26.37074468,89.02744182,ZZ,coal,Rangpur,Bangladesh,operating,"8,886.81",0.007275,64.65154275,0.0051,45.322731,0.00345,30.6594945,0.003525,31.32600525,APAD
BKB-4620,25.78893901,88.94018835,ZZ,coal,Rangpur,Bangladesh,operating,"8,886.81",0.007275,64.65154275,0.0051,45.322731,0.00345,30.6594945,0.003525,31.32600525,APAD
BKB-4621,25.67413814,88.78326143,ZZ,coal,Rangpur,Bangladesh,operating,"8,886.81",0.007275,64.65154275,0.0051,45.322731,0.00345,30.6594945,0.003525,31.32600525,APAD
BKB-4622,25.67412875,88.78319155,ZZ,coal,Rangpur,Bangladesh,operating,"8,886.81",0.007275,64.65154275,0.0051,45.322731,0.00345,30.6594945,0.003525,31.32600525,APAD
BKB-4623,26.02083588,89.67728679,ZZ,coal,Rangpur,Bangladesh,operating,"8,886.81",0.007275,64.65154275,0.0051,45.322731,0.00345,30.6594945,0.003525,31.32600525,APAD
BKB-4624,26.01750221,89.67628704,ZZ,coal,Rangpur,Bangladesh,operating,"8,886.81",0.007275,64.65154275,0.0051,45.322731,0.00345,30.6594945,0.003525,31.32600525,APAD
BKB-4625,25.71790629,88.7883273,ZZ,coal,Rangpur,Bangladesh,operating,"8,886.81",0.007275,64.65154275,0.0051,45.322731,0.00345,30.6594945,0.003525,31.32600525,APAD
BKB-4626,25.68323038,88.54905711,ZZ,coal,Rangpur,Bangladesh,operating,"8,886.81",0.007275,64.65154275,0.0051,45.322731,0.00345,30.6594945,0.003525,31.32600525,APAD
BKB-4627,25.75457132,89.10526539,ZZ,coal,Rangpur,Bangladesh,operating,"8,886.81",0.007275,64.65154275,0.0051,45.322731,0.00345,30.6594945,0.003525,31.32600525,APAD
BKB-4628,25.99308888,88.99427814,ZZ,coal,Rangpur,Bangladesh,operating,"8,886.81",0.007275,64.65154275,0.0051,45.322731,0.00345,30.6594945,0.003525,31.32600525,APAD
BKB-4629,26.06981392,89.6784012,ZZ,coal,Rangpur,Bangladesh,operating,"8,886.81",0.007275,64.65154275,0.0051,45.322731,0.00345,30.6594945,0.003525,31.32600525,APAD
BKB-4630,25.68008761,88.64781498,ZZ,coal,Rangpur,Bangladesh,operating,"8,886.81",0.007275,64.65154275,0.0051,45.322731,0.00345,30.6594945,0.003525,31.32600525,APAD
BKB-4631,26.32985482,89.01551559,ZZ,coal,Rangpur,Bangladesh,operating,"8,886.81",0.007275,64.65154275,0.0051,45.322731,0.00345,30.6594945,0.003525,31.32600525,APAD
BKB-4632,25.676361,88.7621151,ZZ,coal,Rangpur,Bangladesh,operating,"8,886.81",0.007275,64.65154275,0.0051,45.322731,0.00345,30.6594945,0.003525,31.32600525,APAD
BKB-4633,25.79625759,88.32961467,ZZ,coal,Rangpur,Bangladesh,operating,"8,886.81",0.007275,64.65154275,0.0051,45.322731,0.00345,30.6594945,0.003525,31.32600525,APAD
BKB-4634,26.09947559,88.672731,ZZ,coal,Rangpur,Bangladesh,operating,"8,886.81",0.007275,64.65154275,0.0051,45.322731,0.00345,30.6594945,0.003525,31.32600525,APAD
BKB-4635,26.12633859,88.43568638,ZZ,coal,Rangpur,Bangladesh,operating,"8,886.81",0.007275,64.65154275,0.0051,45.322731,0.00345,30.6594945,0.003525,31.32600525,APAD
BKB-4636,25.80871643,88.97451913,ZZ,coal,Rangpur,Bangladesh,operating,"8,886.81",0.007275,64.65154275,0.0051,45.322731,0.00345,30.6594945,0.003525,31.32600525,APAD
BKB-4637,25.80703551,88.97595963,ZZ,coal,Rangpur,Bangladesh,operating,"8,886.81",0.007275,64.65154275,0.0051,45.322731,0.00345,30.6594945,0.003525,31.32600525,APAD
BKB-4638,25.80857088,88.97275613,ZZ,coal,Rangpur,Bangladesh,operating,"8,886.81",0.007275,64.65154275,0.0051,45.322731,0.00345,30.6594945,0.003525,31.32600525,APAD
BKB-4639,26.01988418,89.22205495,ZZ,coal,Rangpur,Bangladesh,operating,"8,886.81",0.007275,64.65154275,0.0051,45.322731,0.00345,30.6594945,0.003525,31.32600525,APAD
BKB-4640,25.81601895,88.96946405,ZZ,coal,Rangpur,Bangladesh,operating,"8,886.81",0.007275,64.65154275,0.0051,45.322731,0.00345,30.6594945,0.003525,31.32600525,APAD
BKB-4641,26.10104784,88.69918536,ZZ,coal,Rangpur,Bangladesh,operating,"8,886.81",0.007275,64.65154275,0.0051,45.322731,0.00345,30.6594945,0.003525,31.32600525,APAD
BKB-4642,22.00616084,90.21043694,ZZ,coal,Barisal,Bangladesh,operating,"8,886.81",0.007275,64.65154275,0.0051,45.322731,0.00345,30.6594945,0.003525,31.32600525,APAD
BKB-4643,26.00310413,89.23936434,ZZ,coal,Rangpur,Bangladesh,operating,"8,886.81",0.007275,64.65154275,0.0051,45.322731,0.00345,30.6594945,0.003525,31.32600525,APAD
BKB-4644,25.86114815,88.54682684,ZZ,coal,Rangpur,Bangladesh,operating,"8,886.81",0.007275,64.65154275,0.0051,45.322731,0.00345,30.6594945,0.003525,31.32600525,APAD
BKB-4645,25.76922018,88.86044146,ZZ,coal,Rangpur,Bangladesh,operating,"8,886.81",0.007275,64.65154275,0.0051,45.322731,0.00345,30.6594945,0.003525,31.32600525,APAD
BKB-4646,25.79116107,88.94403413,ZZ,coal,Rangpur,Bangladesh,operating,"8,886.81",0.007275,64.65154275,0.0051,45.322731,0.00345,30.6594945,0.003525,31.32600525,APAD
BKB-4647,25.78941441,88.94557138,ZZ,coal,Rangpur,Bangladesh,operating,"8,886.81",0.007275,64.65154275,0.0051,45.322731,0.00345,30.6594945,0.003525,31.32600525,APAD
BKB-4648,22.34632872,90.37637249,ZZ,coal,Barisal,Bangladesh,operating,"8,886.81",0.007275,64.65154275,0.0051,45.322731,0.00345,30.6594945,0.003525,31.32600525,APAD
BKB-4649,22.21804862,90.39231405,ZZ,coal,Barisal,Bangladesh,operating,"8,886.81",0.007275,64.65154275,0.0051,45.322731,0.00345,30.6594945,0.003525,31.32600525,APAD
BKB-4650,25.71549843,88.67478836,ZZ,coal,Rangpur,Bangladesh,operating,"8,886.81",0.007275,64.65154275,0.0051,45.322731,0.00345,30.6594945,0.003525,31.32600525,APAD
BKB-4651,25.93501157,88.71633046,ZZ,coal,Rangpur,Bangladesh,operating,"8,886.81",0.007275,64.65154275,0.0051,45.322731,0.00345,30.6594945,0.003525,31.32600525,APAD
BKB-4652,25.96574769,89.64118106,ZZ,coal,Rangpur,Bangladesh,operating,"8,886.81",0.007275,64.65154275,0.0051,45.322731,0.00345,30.6594945,0.003525,31.32600525,APAD
BKB-4653,26.00334088,89.68367228,ZZ,coal,Rangpur,Bangladesh,operating,"8,886.81",0.007275,64.65154275,0.0051,45.322731,0.00345,30.6594945,0.003525,31.32600525,APAD
BKB-4654,22.16798622,90.24886188,ZZ,coal,Barisal,Bangladesh,operating,"8,886.81",0.007275,64.65154275,0.0051,45.322731,0.00345,30.6594945,0.003525,31.32600525,APAD
BKB-4655,25.98206827,89.62298368,ZZ,coal,Rangpur,Bangladesh,operating,"8,886.81",0.007275,64.65154275,0.0051,45.322731,0.00345,30.6594945,0.003525,31.32600525,APAD
BKB-4656,26.08295695,88.44703508,ZZ,coal,Rangpur,Bangladesh,operating,"8,886.81",0.007275,64.65154275,0.0051,45.322731,0.00345,30.6594945,0.003525,31.32600525,APAD
BKB-4657,22.24377938,90.29365549,ZZ,coal,Barisal,Bangladesh,operating,"8,886.81",0.007275,64.65154275,0.0051,45.322731,0.00345,30.6594945,0.003525,31.32600525,APAD
BKB-4658,25.79955116,88.87916289,ZZ,coal,Rangpur,Bangladesh,operating,"8,886.81",0.007275,64.65154275,0.0051,45.322731,0.00345,30.6594945,0.003525,31.32600525,APAD
BKB-4659,25.80087523,88.87703439,ZZ,coal,Rangpur,Bangladesh,operating,"8,886.81",0.007275,64.65154275,0.0051,45.322731,0.00345,30.6594945,0.003525,31.32600525,APAD
BKB-4660,25.90166593,88.64431571,ZZ,coal,Rangpur,Bangladesh,operating,"8,886.81",0.007275,64.65154275,0.0051,45.322731,0.00345,30.6594945,0.003525,31.32600525,APAD
BKB-4661,26.10322354,89.68762059,ZZ,coal,Rangpur,Bangladesh,operating,"8,886.81",0.007275,64.65154275,0.0051,45.322731,0.00345,30.6594945,0.003525,31.32600525,APAD
BKB-4662,26.01617026,89.67534656,ZZ,coal,Rangpur,Bangladesh,operating,"8,886.81",0.007275,64.65154275,0.0051,45.322731,0.00345,30.6594945,0.003525,31.32600525,APAD
BKB-4663,26.01100542,89.68037219,ZZ,coal,Rangpur,Bangladesh,operating,"8,886.81",0.007275,64.65154275,0.0051,45.322731,0.00345,30.6594945,0.003525,31.32600525,APAD
BKB-4664,25.99256076,89.21964609,ZZ,coal,Rangpur,Bangladesh,operating,"8,886.81",0.007275,64.65154275,0.0051,45.322731,0.00345,30.6594945,0.003525,31.32600525,APAD
BKB-4665,25.81271128,88.44327796,ZZ,coal,Rangpur,Bangladesh,operating,"8,886.81",0.007275,64.65154275,0.0051,45.322731,0.00345,30.6594945,0.003525,31.32600525,APAD
BKB-4666,25.82826149,88.90889686,ZZ,coal,Rangpur,Bangladesh,operating,"8,886.81",0.007275,64.65154275,0.0051,45.322731,0.00345,30.6594945,0.003525,31.32600525,APAD
BKB-4667,26.18009876,88.3891367,ZZ,coal,Rangpur,Bangladesh,operating,"8,886.81",0.007275,64.65154275,0.0051,45.322731,0.00345,30.6594945,0.003525,31.32600525,APAD
BKB-4668,26.13609186,88.65296121,ZZ,coal,Rangpur,Bangladesh,operating,"8,886.81",0.007275,64.65154275,0.0051,45.322731,0.00345,30.6594945,0.003525,31.32600525,APAD
BKB-4669,25.83533384,88.47703518,ZZ,coal,Rangpur,Bangladesh,operating,"8,886.81",0.007275,64.65154275,0.0051,45.322731,0.00345,30.6594945,0.003525,31.32600525,APAD
BKB-4670,26.09788659,88.81365598,ZZ,coal,Rangpur,Bangladesh,operating,"8,886.81",0.007275,64.65154275,0.0051,45.322731,0.00345,30.6594945,0.003525,31.32600525,APAD
BKB-4671,26.13861551,88.66488001,ZZ,coal,Rangpur,Bangladesh,operating,"8,886.81",0.007275,64.65154275,0.0051,45.322731,0.00345,30.6594945,0.003525,31.32600525,APAD
BKB-4672,26.10099913,88.69893822,ZZ,coal,Rangpur,Bangladesh,operating,"8,886.81",0.007275,64.65154275,0.0051,45.322731,0.00345,30.6594945,0.003525,31.32600525,APAD
BKB-4673,26.1830106,88.3769474,ZZ,coal,Rangpur,Bangladesh,operating,"8,886.81",0.007275,64.65154275,0.0051,45.322731,0.00345,30.6594945,0.003525,31.32600525,APAD
BKB-4674,25.71840659,88.40279616,ZZ,coal,Rangpur,Bangladesh,operating,"8,886.81",0.007275,64.65154275,0.0051,45.322731,0.00345,30.6594945,0.003525,31.32600525,APAD
BKB-4675,25.9762661,88.53264354,ZZ,coal,Rangpur,Bangladesh,operating,"8,886.81",0.007275,64.65154275,0.0051,45.322731,0.00345,30.6594945,0.003525,31.32600525,APAD
BKB-4676,26.21693251,88.54761357,ZZ,coal,Rangpur,Bangladesh,operating,"8,886.81",0.007275,64.65154275,0.0051,45.322731,0.00345,30.6594945,0.003525,31.32600525,APAD
BKB-4677,26.09280928,88.68666736,ZZ,coal,Rangpur,Bangladesh,operating,"8,886.81",0.007275,64.65154275,0.0051,45.322731,0.00345,30.6594945,0.003525,31.32600525,APAD
BKB-4678,26.05045354,88.65146793,ZZ,coal,Rangpur,Bangladesh,operating,"8,886.81",0.007275,64.65154275,0.0051,45.322731,0.00345,30.6594945,0.003525,31.32600525,APAD
BKB-4679,26.01612001,88.49246888,ZZ,coal,Rangpur,Bangladesh,operating,"8,886.81",0.007275,64.65154275,0.0051,45.322731,0.00345,30.6594945,0.003525,31.32600525,APAD
BKB-4680,26.16727689,88.67103427,ZZ,coal,Rangpur,Bangladesh,operating,"8,886.81",0.007275,64.65154275,0.0051,45.322731,0.00345,30.6594945,0.003525,31.32600525,APAD
BKB-4681,25.86658023,88.24908403,ZZ,coal,Rangpur,Bangladesh,operating,"8,886.81",0.007275,64.65154275,0.0051,45.322731,0.00345,30.6594945,0.003525,31.32600525,APAD
BKB-4682,25.9276228,88.82112648,ZZ,coal,Rangpur,Bangladesh,operating,"8,886.81",0.007275,64.65154275,0.0051,45.322731,0.00345,30.6594945,0.003525,31.32600525,APAD
BKB-4683,22.21148943,90.23751055,ZZ,coal,Barisal,Bangladesh,operating,"8,886.81",0.007275,64.65154275,0.0051,45.322731,0.00345,30.6594945,0.003525,31.32600525,APAD
BKB-4684,26.10356814,89.69660328,ZZ,coal,Rangpur,Bangladesh,operating,"8,886.81",0.007275,64.65154275,0.0051,45.322731,0.00345,30.6594945,0.003525,31.32600525,APAD
BKB-4685,22.09991959,90.20651596,ZZ,coal,Barisal,Bangladesh,operating,"8,886.81",0.007275,64.65154275,0.0051,45.322731,0.00345,30.6594945,0.003525,31.32600525,APAD
BKB-4686,26.19927779,88.53150439,ZZ,coal,Rangpur,Bangladesh,operating,"8,886.81",0.007275,64.65154275,0.0051,45.322731,0.00345,30.6594945,0.003525,31.32600525,APAD
BKB-4687,26.19752174,88.53223001,ZZ,coal,Rangpur,Bangladesh,operating,"8,886.81",0.007275,64.65154275,0.0051,45.322731,0.00345,30.6594945,0.003525,31.32600525,APAD
BKB-4688,26.16453238,89.14612143,ZZ,coal,Rangpur,Bangladesh,operating,"8,886.81",0.007275,64.65154275,0.0051,45.322731,0.00345,30.6594945,0.003525,31.32600525,APAD
BKB-4689,26.16567804,89.14270294,ZZ,coal,Rangpur,Bangladesh,operating,"8,886.81",0.007275,64.65154275,0.0051,45.322731,0.00345,30.6594945,0.003525,31.32600525,APAD
BKB-4690,25.93476599,88.70884645,ZZ,coal,Rangpur,Bangladesh,operating,"8,886.81",0.007275,64.65154275,0.0051,45.322731,0.00345,30.6594945,0.003525,31.32600525,APAD
BKB-4691,25.93414621,88.70738445,ZZ,coal,Rangpur,Bangladesh,operating,"8,886.81",0.007275,64.65154275,0.0051,45.322731,0.00345,30.6594945,0.003525,31.32600525,APAD
BKB-4692,22.03399733,90.24041573,ZZ,coal,Barisal,Bangladesh,operating,"8,886.81",0.007275,64.65154275,0.0051,45.322731,0.00345,30.6594945,0.003525,31.32600525,APAD
BKB-4693,22.03104398,90.23891611,ZZ,coal,Barisal,Bangladesh,operating,"8,886.81",0.007275,64.65154275,0.0051,45.322731,0.00345,30.6594945,0.003525,31.32600525,APAD
BKB-4694,26.09711295,88.37759365,ZZ,coal,Rangpur,Bangladesh,operating,"8,886.81",0.007275,64.65154275,0.0051,45.322731,0.00345,30.6594945,0.003525,31.32600525,APAD
BKB-4695,25.87275671,88.36730787,ZZ,coal,Rangpur,Bangladesh,operating,"8,886.81",0.007275,64.65154275,0.0051,45.322731,0.00345,30.6594945,0.003525,31.32600525,APAD
BKB-4696,25.98731311,88.44174195,ZZ,coal,Rangpur,Bangladesh,operating,"8,886.81",0.007275,64.65154275,0.0051,45.322731,0.00345,30.6594945,0.003525,31.32600525,APAD
BKB-4697,26.093829,89.18208667,ZZ,coal,Rangpur,Bangladesh,operating,"8,886.81",0.007275,64.65154275,0.0051,45.322731,0.00345,30.6594945,0.003525,31.32600525,APAD
BKB-4698,26.0946376,89.16395967,ZZ,coal,Rangpur,Bangladesh,operating,"8,886.81",0.007275,64.65154275,0.0051,45.322731,0.00345,30.6594945,0.003525,31.32600525,APAD
BKB-4699,25.94802364,88.56777709,ZZ,coal,Rangpur,Bangladesh,operating,"8,886.81",0.007275,64.65154275,0.0051,45.322731,0.00345,30.6594945,0.003525,31.32600525,APAD
BKB-4700,22.17212574,90.09944594,ZZ,coal,Barisal,Bangladesh,operating,"8,886.81",0.007275,64.65154275,0.0051,45.322731,0.00345,30.6594945,0.003525,31.32600525,APAD
BKB-4701,26.07701568,88.51117738,ZZ,coal,Rangpur,Bangladesh,operating,"8,886.81",0.007275,64.65154275,0.0051,45.322731,0.00345,30.6594945,0.003525,31.32600525,APAD
BKB-4702,26.05587717,88.74902592,ZZ,coal,Rangpur,Bangladesh,operating,"8,886.81",0.007275,64.65154275,0.0051,45.322731,0.00345,30.6594945,0.003525,31.32600525,APAD
BKB-4703,26.0742233,89.19737997,ZZ,coal,Rangpur,Bangladesh,operating,"8,886.81",0.007275,64.65154275,0.0051,45.322731,0.00345,30.6594945,0.003525,31.32600525,APAD
BKB-4704,26.07666017,89.19697147,ZZ,coal,Rangpur,Bangladesh,operating,"8,886.81",0.007275,64.65154275,0.0051,45.322731,0.00345,30.6594945,0.003525,31.32600525,APAD
BKB-4705,22.36830954,90.32579103,ZZ,coal,Barisal,Bangladesh,operating,"8,886.81",0.007275,64.65154275,0.0051,45.322731,0.00345,30.6594945,0.003525,31.32600525,APAD
BKB-4706,22.36874151,90.32911816,ZZ,coal,Barisal,Bangladesh,operating,"8,886.81",0.007275,64.65154275,0.0051,45.322731,0.00345,30.6594945,0.003525,31.32600525,APAD
BKB-4707,26.22210115,89.12840642,ZZ,coal,Rangpur,Bangladesh,operating,"8,886.81",0.007275,64.65154275,0.0051,45.322731,0.00345,30.6594945,0.003525,31.32600525,APAD
BKB-4708,22.13864508,90.70890615,ZZ,coal,Barisal,Bangladesh,operating,"8,886.81",0.007275,64.65154275,0.0051,45.322731,0.00345,30.6594945,0.003525,31.32600525,APAD
BKB-4709,22.3335261,90.04950754,ZZ,coal,Barisal,Bangladesh,operating,"8,886.81",0.007275,64.65154275,0.0051,45.322731,0.00345,30.6594945,0.003525,31.32600525,APAD
BKB-4710,22.33306127,90.04943767,ZZ,coal,Barisal,Bangladesh,operating,"8,886.81",0.007275,64.65154275,0.0051,45.322731,0.00345,30.6594945,0.003525,31.32600525,APAD
BKB-4711,26.18902028,88.55461861,ZZ,coal,Rangpur,Bangladesh,operating,"8,886.81",0.007275,64.65154275,0.0051,45.322731,0.00345,30.6594945,0.003525,31.32600525,APAD
BKB-4712,26.0479545,88.66072026,ZZ,coal,Rangpur,Bangladesh,operating,"8,886.81",0.007275,64.65154275,0.0051,45.322731,0.00345,30.6594945,0.003525,31.32600525,APAD
BKB-4713,21.95663639,90.25246288,ZZ,coal,Barisal,Bangladesh,operating,"8,886.81",0.007275,64.65154275,0.0051,45.322731,0.00345,30.6594945,0.003525,31.32600525,APAD
BKB-4714,21.95788065,90.25031288,ZZ,coal,Barisal,Bangladesh,operating,"8,886.81",0.007275,64.65154275,0.0051,45.322731,0.00345,30.6594945,0.003525,31.32600525,APAD
BKB-4715,22.22038974,90.31658784,ZZ,coal,Barisal,Bangladesh,operating,"8,886.81",0.007275,64.65154275,0.0051,45.322731,0.00345,30.6594945,0.003525,31.32600525,APAD
BKB-4716,22.25942098,90.40974513,ZZ,coal,Barisal,Bangladesh,operating,"8,886.81",0.007275,64.65154275,0.0051,45.322731,0.00345,30.6594945,0.003525,31.32600525,APAD
BKB-4717,22.00912074,90.23885069,ZZ,coal,Barisal,Bangladesh,operating,"8,886.81",0.007275,64.65154275,0.0051,45.322731,0.00345,30.6594945,0.003525,31.32600525,APAD
BKB-4718,22.37178637,90.36316745,ZZ,coal,Barisal,Bangladesh,operating,"8,886.81",0.007275,64.65154275,0.0051,45.322731,0.00345,30.6594945,0.003525,31.32600525,APAD
BKB-4719,26.37280818,89.02333572,ZZ,coal,Rangpur,Bangladesh,operating,"8,886.81",0.007275,64.65154275,0.0051,45.322731,0.00345,30.6594945,0.003525,31.32600525,APAD
BKB-4720,22.37416859,90.29150986,ZZ,coal,Barisal,Bangladesh,operating,"8,886.81",0.007275,64.65154275,0.0051,45.322731,0.00345,30.6594945,0.003525,31.32600525,APAD
BKB-4721,22.37244072,90.2931331,ZZ,coal,Barisal,Bangladesh,operating,"8,886.81",0.007275,64.65154275,0.0051,45.322731,0.00345,30.6594945,0.003525,31.32600525,APAD
BKB-4722,22.37709847,90.29013923,ZZ,coal,Barisal,Bangladesh,operating,"8,886.81",0.007275,64.65154275,0.0051,45.322731,0.00345,30.6594945,0.003525,31.32600525,APAD
BKB-4723,26.18092935,88.61656633,ZZ,coal,Rangpur,Bangladesh,operating,"8,886.81",0.007275,64.65154275,0.0051,45.322731,0.00345,30.6594945,0.003525,31.32600525,APAD
BKB-4724,26.18757869,88.68063774,ZZ,coal,Rangpur,Bangladesh,operating,"8,886.81",0.007275,64.65154275,0.0051,45.322731,0.00345,30.6594945,0.003525,31.32600525,APAD
BKB-4725,26.16421751,88.35210511,ZZ,coal,Rangpur,Bangladesh,operating,"8,886.81",0.007275,64.65154275,0.0051,45.322731,0.00345,30.6594945,0.003525,31.32600525,APAD
BKB-4726,22.46824679,90.71111323,ZZ,coal,Barisal,Bangladesh,operating,"8,886.81",0.007275,64.65154275,0.0051,45.322731,0.00345,30.6594945,0.003525,31.32600525,APAD
BKB-4727,22.01922627,90.23791066,ZZ,coal,Barisal,Bangladesh,operating,"8,886.81",0.007275,64.65154275,0.0051,45.322731,0.00345,30.6594945,0.003525,31.32600525,APAD
BKB-4728,26.40378743,88.92510113,ZZ,coal,Rangpur,Bangladesh,operating,"8,886.81",0.007275,64.65154275,0.0051,45.322731,0.00345,30.6594945,0.003525,31.32600525,APAD
BKB-4729,26.30466194,88.57632902,ZZ,coal,Rangpur,Bangladesh,operating,"8,886.81",0.007275,64.65154275,0.0051,45.322731,0.00345,30.6594945,0.003525,31.32600525,APAD
BKB-4730,26.2303099,88.55908347,ZZ,coal,Rangpur,Bangladesh,operating,"8,886.81",0.007275,64.65154275,0.0051,45.322731,0.00345,30.6594945,0.003525,31.32600525,APAD
BKB-4731,22.1866591,90.81199,ZZ,coal,Barisal,Bangladesh,operating,"8,886.81",0.007275,64.65154275,0.0051,45.322731,0.00345,30.6594945,0.003525,31.32600525,APAD
BKB-4732,22.16417272,90.04664458,ZZ,coal,Barisal,Bangladesh,operating,"8,886.81",0.007275,64.65154275,0.0051,45.322731,0.00345,30.6594945,0.003525,31.32600525,APAD
BKB-4733,22.16375484,90.05026195,ZZ,coal,Barisal,Bangladesh,operating,"8,886.81",0.007275,64.65154275,0.0051,45.322731,0.00345,30.6594945,0.003525,31.32600525,APAD
BKB-4734,21.90398557,90.25105138,ZZ,coal,Barisal,Bangladesh,operating,"8,886.81",0.007275,64.65154275,0.0051,45.322731,0.00345,30.6594945,0.003525,31.32600525,APAD
BKB-4735,22.14578418,90.2643184,ZZ,coal,Barisal,Bangladesh,operating,"8,886.81",0.007275,64.65154275,0.0051,45.322731,0.00345,30.6594945,0.003525,31.32600525,APAD
BKB-4736,21.96043997,90.24652251,ZZ,coal,Barisal,Bangladesh,operating,"8,886.81",0.007275,64.65154275,0.0051,45.322731,0.00345,30.6594945,0.003525,31.32600525,APAD
BKB-4737,22.43883044,90.73323594,ZZ,coal,Barisal,Bangladesh,operating,"8,886.81",0.007275,64.65154275,0.0051,45.322731,0.00345,30.6594945,0.003525,31.32600525,APAD
BKB-4738,22.0894247,90.67547665,ZZ,coal,Barisal,Bangladesh,operating,"8,886.81",0.007275,64.65154275,0.0051,45.322731,0.00345,30.6594945,0.003525,31.32600525,APAD
BKB-4739,21.97668005,90.2628849,ZZ,coal,Barisal,Bangladesh,operating,"8,886.81",0.007275,64.65154275,0.0051,45.322731,0.00345,30.6594945,0.003525,31.32600525,APAD
BKB-4740,22.15280332,90.24502884,ZZ,coal,Barisal,Bangladesh,operating,"8,886.81",0.007275,64.65154275,0.0051,45.322731,0.00345,30.6594945,0.003525,31.32600525,APAD
BKB-4741,22.30301734,90.11971961,ZZ,coal,Barisal,Bangladesh,operating,"8,886.81",0.007275,64.65154275,0.0051,45.322731,0.00345,30.6594945,0.003525,31.32600525,APAD
BKB-4742,22.23358693,89.87815586,ZZ,coal,Barisal,Bangladesh,operating,"8,886.81",0.007275,64.65154275,0.0051,45.322731,0.00345,30.6594945,0.003525,31.32600525,APAD
BKB-4743,21.97127953,90.23272938,ZZ,coal,Barisal,Bangladesh,operating,"8,886.81",0.007275,64.65154275,0.0051,45.322731,0.00345,30.6594945,0.003525,31.32600525,APAD
BKB-4744,22.05352935,90.70346337,ZZ,coal,Barisal,Bangladesh,operating,"8,886.81",0.007275,64.65154275,0.0051,45.322731,0.00345,30.6594945,0.003525,31.32600525,APAD
BKB-4745,22.41311326,90.45250828,ZZ,coal,Barisal,Bangladesh,operating,"8,886.81",0.007275,64.65154275,0.0051,45.322731,0.00345,30.6594945,0.003525,31.32600525,APAD
BKB-4746,22.0481135,90.72354759,ZZ,coal,Barisal,Bangladesh,operating,"8,886.81",0.007275,64.65154275,0.0051,45.322731,0.00345,30.6594945,0.003525,31.32600525,APAD
BKB-4747,22.17966498,90.29545791,ZZ,coal,Barisal,Bangladesh,operating,"8,886.81",0.007275,64.65154275,0.0051,45.322731,0.00345,30.6594945,0.003525,31.32600525,APAD
BKB-4748,22.24205597,90.33429429,ZZ,coal,Barisal,Bangladesh,operating,"8,886.81",0.007275,64.65154275,0.0051,45.322731,0.00345,30.6594945,0.003525,31.32600525,APAD
BKB-4749,21.95596901,90.2781791,ZZ,coal,Barisal,Bangladesh,operating,"8,886.81",0.007275,64.65154275,0.0051,45.322731,0.00345,30.6594945,0.003525,31.32600525,APAD
BKB-4750,22.13157407,90.68191926,ZZ,coal,Barisal,Bangladesh,operating,"8,886.81",0.007275,64.65154275,0.0051,45.322731,0.00345,30.6594945,0.003525,31.32600525,APAD
BKB-4751,22.43218709,90.7394833,ZZ,coal,Barisal,Bangladesh,operating,"8,886.81",0.007275,64.65154275,0.0051,45.322731,0.00345,30.6594945,0.003525,31.32600525,APAD
BKB-4752,21.85887409,90.17590411,ZZ,coal,Barisal,Bangladesh,operating,"8,886.81",0.007275,64.65154275,0.0051,45.322731,0.00345,30.6594945,0.003525,31.32600525,APAD
BKB-4753,22.32340759,90.20948155,ZZ,coal,Barisal,Bangladesh,operating,"8,886.81",0.007275,64.65154275,0.0051,45.322731,0.00345,30.6594945,0.003525,31.32600525,APAD
BKB-4754,22.26012188,90.26775385,ZZ,coal,Barisal,Bangladesh,operating,"8,886.81",0.007275,64.65154275,0.0051,45.322731,0.00345,30.6594945,0.003525,31.32600525,APAD
BKB-4755,22.16098483,90.05752223,ZZ,coal,Barisal,Bangladesh,operating,"8,886.81",0.007275,64.65154275,0.0051,45.322731,0.00345,30.6594945,0.003525,31.32600525,APAD
BKB-4756,22.45804853,90.79764835,ZZ,coal,Barisal,Bangladesh,operating,"8,886.81",0.007275,64.65154275,0.0051,45.322731,0.00345,30.6594945,0.003525,31.32600525,APAD
BKB-4757,22.16108557,90.0888007,ZZ,coal,Barisal,Bangladesh,operating,"8,886.81",0.007275,64.65154275,0.0051,45.322731,0.00345,30.6594945,0.003525,31.32600525,APAD
BKB-4758,21.96809151,90.23940172,ZZ,coal,Barisal,Bangladesh,operating,"8,886.81",0.007275,64.65154275,0.0051,45.322731,0.00345,30.6594945,0.003525,31.32600525,APAD
BKB-4759,22.38535228,90.716927,ZZ,coal,Barisal,Bangladesh,operating,"8,886.81",0.007275,64.65154275,0.0051,45.322731,0.00345,30.6594945,0.003525,31.32600525,APAD
BKB-4760,21.90617403,90.51016372,ZZ,coal,Barisal,Bangladesh,operating,"8,886.81",0.007275,64.65154275,0.0051,45.322731,0.00345,30.6594945,0.003525,31.32600525,APAD
